idx,host_time_before,host_time_after,host_timestamp,robot_timestamp,get_state_duration_ms,j1,j2,j3,j4,j5,j6,tcp_x,tcp_y,tcp_z,tcp_rx,tcp_ry,tcp_rz,ee_x,ee_y,ee_z,ee_roll,ee_pitch,ee_yaw
0,1778141763.8187814,1778141763.819426,1778141763.819426,3.672274,0.644683837890625,0.00247955322265625,0.00324249267578125,0.00743865966796875,-0.16727733612060547,-0.034142494201660156,-0.00476837158203125,0.0986142620028594,0.0011080200422453072,0.14927989394619634,2.5502906307164683,-2.4595066004950303,2.0862663939844146,0.0986142620028594,0.0011080200422453072,0.14927989394619634,0.0008409736398895064,0.162985528953177,0.03707960395787836
1,1778141763.8290021,1778141763.8298812,1778141763.8298812,3.682637,0.8790493011474609,0.00247955322265625,0.00324249267578125,0.00743865966796875,-0.16727733612060547,-0.034142494201660156,-0.00476837158203125,0.0986142620028594,0.0011080200422453072,0.14927989394619634,2.5502906307164683,-2.4595066004950303,2.0862663939844146,0.0986142620028594,0.0011080200422453072,0.14927989394619634,0.0008409736398895064,0.162985528953177,0.03707960395787836
2,1778141763.8388789,1778141763.8392675,1778141763.8392675,3.692994,0.3886222839355469,0.00247955322265625,0.00324249267578125,0.00743865966796875,-0.16727733612060547,-0.034142494201660156,-0.00476837158203125,0.0986142620028594,0.0011080200422453072,0.14927989394619634,2.5502906307164683,-2.4595066004950303,2.0862663939844146,0.0986142620028594,0.0011080200422453072,0.14927989394619634,0.0008409736398895064,0.162985528953177,0.03707960395787836
3,1778141763.8488827,1778141763.8496485,1778141763.8496485,3.703274,0.7658004760742188,0.00247955322265625,0.00324249267578125,0.00743865966796875,-0.16727733612060547,-0.034142494201660156,-0.00476837158203125,0.0986142620028594,0.0011080200422453072,0.14927989394619634,2.5502906307164683,-2.4595066004950303,2.0862663939844146,0.0986142620028594,0.0011080200422453072,0.14927989394619634,0.0008409736398895064,0.162985528953177,0.03707960395787836
4,1778141763.8588736,1778141763.8593304,1778141763.8593304,3.713597,0.45680999755859375,0.00247955322265625,0.00324249267578125,0.00743865966796875,-0.16727733612060547,-0.034142494201660156,-0.00476837158203125,0.0986142620028594,0.0011080200422453072,0.14927989394619634,2.5502906307164683,-2.4595066004950303,2.0862663939844146,0.0986142620028594,0.0011080200422453072,0.14927989394619634,0.0008409736398895064,0.162985528953177,0.03707960395787836
5,1778141763.8688803,1778141763.8692198,1778141763.8692198,3.721868,0.339508056640625,0.00247955322265625,0.00324249267578125,0.00743865966796875,-0.16727733612060547,-0.034142494201660156,-0.00476837158203125,0.0986142620028594,0.0011080200422453072,0.14927989394619634,2.5502906307164683,-2.4595066004950303,2.0862663939844146,0.0986142620028594,0.0011080200422453072,0.14927989394619634,0.0008409736398895064,0.162985528953177,0.03707960395787836
6,1778141763.8788795,1778141763.879281,1778141763.879281,3.732148,0.40149688720703125,0.00247955322265625,0.00324249267578125,0.00743865966796875,-0.16727733612060547,-0.034142494201660156,-0.00476837158203125,0.0986142620028594,0.0011080200422453072,0.14927989394619634,2.5502906307164683,-2.4595066004950303,2.0862663939844146,0.0986142620028594,0.0011080200422453072,0.14927989394619634,0.0008409736398895064,0.162985528953177,0.03707960395787836
7,1778141763.8888881,1778141763.8893104,1778141763.8893104,3.742431,0.4222393035888672,0.00247955322265625,0.00324249267578125,0.00743865966796875,-0.16727733612060547,-0.034142494201660156,-0.00476837158203125,0.0986142620028594,0.0011080200422453072,0.14927989394619634,2.5502906307164683,-2.4595066004950303,2.0862663939844146,0.0986142620028594,0.0011080200422453072,0.14927989394619634,0.0008409736398895064,0.162985528953177,0.03707960395787836
8,1778141763.8988855,1778141763.89935,1778141763.89935,3.752753,0.46443939208984375,0.00247955322265625,0.00324249267578125,0.00743865966796875,-0.16727733612060547,-0.034142494201660156,-0.00476837158203125,0.0986142620028594,0.0011080200422453072,0.14927989394619634,2.5502906307164683,-2.4595066004950303,2.0862663939844146,0.0986142620028594,0.0011080200422453072,0.14927989394619634,0.0008409736398895064,0.162985528953177,0.03707960395787836
9,1778141763.908867,1778141763.909749,1778141763.909749,3.763069,0.8821487426757812,0.00247955322265625,0.00324249267578125,0.00743865966796875,-0.16727733612060547,-0.034142494201660156,-0.00476837158203125,0.0986142620028594,0.0011080200422453072,0.14927989394619634,2.5502906307164683,-2.4595066004950303,2.0862663939844146,0.0986142620028594,0.0011080200422453072,0.14927989394619634,0.0008409736398895064,0.162985528953177,0.03707960395787836
10,1778141763.9188921,1778141763.919616,1778141763.919616,3.773269,0.7238388061523438,0.00247955322265625,0.00324249267578125,0.00743865966796875,-0.16727733612060547,-0.034142494201660156,-0.00476837158203125,0.0986142620028594,0.0011080200422453072,0.14927989394619634,2.5502906307164683,-2.4595066004950303,2.0862663939844146,0.0986142620028594,0.0011080200422453072,0.14927989394619634,0.0008409736398895064,0.162985528953177,0.03707960395787836
11,1778141763.9288766,1778141763.9292414,1778141763.9292414,3.783638,0.3647804260253906,0.00247955322265625,0.00324249267578125,0.00743865966796875,-0.16727733612060547,-0.034142494201660156,-0.00476837158203125,0.0986142620028594,0.0011080200422453072,0.14927989394619634,2.5502906307164683,-2.4595066004950303,2.0862663939844146,0.0986142620028594,0.0011080200422453072,0.14927989394619634,0.0008409736398895064,0.162985528953177,0.03707960395787836
12,1778141763.9388633,1778141763.9393852,1778141763.9393852,3.793868,0.5218982696533203,0.00247955322265625,0.00324249267578125,0.00743865966796875,-0.16727733612060547,-0.034142494201660156,-0.00476837158203125,0.0986142620028594,0.0011080200422453072,0.14927989394619634,2.5502906307164683,-2.4595066004950303,2.0862663939844146,0.0986142620028594,0.0011080200422453072,0.14927989394619634,0.0008409736398895064,0.162985528953177,0.03707960395787836
13,1778141763.9488401,1778141763.94979,1778141763.94979,3.802148,0.949859619140625,0.00247955322265625,0.00324249267578125,0.00743865966796875,-0.16727733612060547,-0.034142494201660156,-0.00476837158203125,0.0986142620028594,0.0011080200422453072,0.14927989394619634,2.5502906307164683,-2.4595066004950303,2.0862663939844146,0.0986142620028594,0.0011080200422453072,0.14927989394619634,0.0008409736398895064,0.162985528953177,0.03707960395787836
14,1778141763.9588645,1778141763.95958,1778141763.95958,3.812428,0.7154941558837891,0.00247955322265625,0.00324249267578125,0.00743865966796875,-0.16727733612060547,-0.034142494201660156,-0.00476837158203125,0.0986142620028594,0.0011080200422453072,0.14927989394619634,2.5502906307164683,-2.4595066004950303,2.0862663939844146,0.0986142620028594,0.0011080200422453072,0.14927989394619634,0.0008409736398895064,0.162985528953177,0.03707960395787836
15,1778141763.9688678,1778141763.969576,1778141763.969576,3.822743,0.7081031799316406,0.00247955322265625,0.00324249267578125,0.00743865966796875,-0.16727733612060547,-0.034142494201660156,-0.00476837158203125,0.0986142620028594,0.0011080200422453072,0.14927989394619634,2.5502906307164683,-2.4595066004950303,2.0862663939844146,0.0986142620028594,0.0011080200422453072,0.14927989394619634,0.0008409736398895064,0.162985528953177,0.03707960395787836
16,1778141763.9788687,1778141763.9797919,1778141763.9797919,3.833044,0.92315673828125,0.00247955322265625,0.00324249267578125,0.00743865966796875,-0.16727733612060547,-0.034142494201660156,-0.00476837158203125,0.0986142620028594,0.0011080200422453072,0.14927989394619634,2.5502906307164683,-2.4595066004950303,2.0862663939844146,0.0986142620028594,0.0011080200422453072,0.14927989394619634,0.0008409736398895064,0.162985528953177,0.03707960395787836
17,1778141763.9890006,1778141763.9899364,1778141763.9899364,3.84332,0.9357929229736328,0.00247955322265625,0.00324249267578125,0.00743865966796875,-0.16727733612060547,-0.034142494201660156,-0.00476837158203125,0.0986142620028594,0.0011080200422453072,0.14927989394619634,2.5502906307164683,-2.4595066004950303,2.0862663939844146,0.0986142620028594,0.0011080200422453072,0.14927989394619634,0.0008409736398895064,0.162985528953177,0.03707960395787836
18,1778141763.9989858,1778141763.9997528,1778141763.9997528,3.853619,0.7669925689697266,0.00247955322265625,0.00324249267578125,0.00743865966796875,-0.16727733612060547,-0.034142494201660156,-0.00476837158203125,0.0986142620028594,0.0011080200422453072,0.14927989394619634,2.5502906307164683,-2.4595066004950303,2.0862663939844146,0.0986142620028594,0.0011080200422453072,0.14927989394619634,0.0008409736398895064,0.162985528953177,0.03707960395787836
19,1778141764.0088735,1778141764.0097685,1778141764.0097685,3.86399,0.8950233459472656,0.00247955322265625,0.00324249267578125,0.00743865966796875,-0.16727733612060547,-0.034142494201660156,-0.00476837158203125,0.0986142620028594,0.0011080200422453072,0.14927989394619634,2.5502906307164683,-2.4595066004950303,2.0862663939844146,0.0986142620028594,0.0011080200422453072,0.14927989394619634,0.0008409736398895064,0.162985528953177,0.03707960395787836
20,1778141764.0189023,1778141764.01987,1778141764.01987,3.872136,0.9677410125732422,0.00247955322265625,0.00324249267578125,0.00743865966796875,-0.16727733612060547,-0.034142494201660156,-0.00476837158203125,0.0986142620028594,0.0011080200422453072,0.14927989394619634,2.5502906307164683,-2.4595066004950303,2.0862663939844146,0.0986142620028594,0.0011080200422453072,0.14927989394619634,0.0008409736398895064,0.162985528953177,0.03707960395787836
21,1778141764.0288916,1778141764.0299175,1778141764.0299175,3.882389,1.0259151458740234,0.00247955322265625,0.00324249267578125,0.00743865966796875,-0.16727733612060547,-0.034142494201660156,-0.00476837158203125,0.0986142620028594,0.0011080200422453072,0.14927989394619634,2.5502906307164683,-2.4595066004950303,2.0862663939844146,0.0986142620028594,0.0011080200422453072,0.14927989394619634,0.0008409736398895064,0.162985528953177,0.03707960395787836
22,1778141764.0389128,1778141764.039832,1778141764.039832,3.892668,0.919342041015625,0.00247955322265625,0.00324249267578125,0.00743865966796875,-0.16727733612060547,-0.034142494201660156,-0.00476837158203125,0.0986142620028594,0.0011080200422453072,0.14927989394619634,2.5502906307164683,-2.4595066004950303,2.0862663939844146,0.0986142620028594,0.0011080200422453072,0.14927989394619634,0.0008409736398895064,0.162985528953177,0.03707960395787836
23,1778141764.048859,1778141764.0495074,1778141764.0495074,3.903044,0.64849853515625,0.00247955322265625,0.00324249267578125,0.00743865966796875,-0.16727733612060547,-0.034142494201660156,-0.00476837158203125,0.0986142620028594,0.0011080200422453072,0.14927989394619634,2.5502906307164683,-2.4595066004950303,2.0862663939844146,0.0986142620028594,0.0011080200422453072,0.14927989394619634,0.0008409736398895064,0.162985528953177,0.03707960395787836
24,1778141764.0588822,1778141764.0598187,1778141764.0598187,3.913281,0.9365081787109375,0.00247955322265625,0.00324249267578125,0.00705718994140625,-0.16727733612060547,-0.034142494201660156,-0.00476837158203125,0.09863137412531373,0.0011080615129798663,0.1491491933088813,2.5503938580129044,-2.4596337298462942,2.08553931537686,0.09863137412531373,0.0011080615129798663,0.1491491933088813,0.0008543479432886449,0.16336677034769248,0.037081773850933246
25,1778141764.068854,1778141764.0693302,1778141764.0693302,3.923558,0.4761219024658203,0.00247955322265625,0.00324249267578125,0.00743865966796875,-0.16727733612060547,-0.034142494201660156,-0.00476837158203125,0.0986142620028594,0.0011080200422453072,0.14927989394619634,2.5502906307164683,-2.4595066004950303,2.0862663939844146,0.0986142620028594,0.0011080200422453072,0.14927989394619634,0.0008409736398895064,0.162985528953177,0.03707960395787836
26,1778141764.078992,1778141764.0795205,1778141764.0795205,3.933859,0.5285739898681641,0.00247955322265625,0.00324249267578125,0.00705718994140625,-0.16727733612060547,-0.034142494201660156,-0.00476837158203125,0.09863137412531373,0.0011080615129798663,0.1491491933088813,2.5503938580129044,-2.4596337298462942,2.08553931537686,0.09863137412531373,0.0011080615129798663,0.1491491933088813,0.0008543479432886449,0.16336677034769248,0.037081773850933246
27,1778141764.0888786,1778141764.0893178,1778141764.0893178,3.942079,0.4391670227050781,0.00247955322265625,0.00324249267578125,0.00743865966796875,-0.16727733612060547,-0.034142494201660156,-0.00476837158203125,0.0986142620028594,0.0011080200422453072,0.14927989394619634,2.5502906307164683,-2.4595066004950303,2.0862663939844146,0.0986142620028594,0.0011080200422453072,0.14927989394619634,0.0008409736398895064,0.162985528953177,0.03707960395787836
28,1778141764.0988472,1778141764.099514,1778141764.099514,3.952379,0.6668567657470703,0.00247955322265625,0.00324249267578125,0.00743865966796875,-0.16727733612060547,-0.034142494201660156,-0.00476837158203125,0.0986142620028594,0.0011080200422453072,0.14927989394619634,2.5502906307164683,-2.4595066004950303,2.0862663939844146,0.0986142620028594,0.0011080200422453072,0.14927989394619634,0.0008409736398895064,0.162985528953177,0.03707960395787836
29,1778141764.1088989,1778141764.1094842,1778141764.1094842,3.962664,0.5853176116943359,0.00247955322265625,0.00324249267578125,0.00705718994140625,-0.16727733612060547,-0.034142494201660156,-0.00476837158203125,0.09863137412531373,0.0011080615129798663,0.1491491933088813,2.5503938580129044,-2.4596337298462942,2.08553931537686,0.09863137412531373,0.0011080615129798663,0.1491491933088813,0.0008543479432886449,0.16336677034769248,0.037081773850933246
30,1778141764.1188846,1778141764.1193812,1778141764.1193812,3.972967,0.4966259002685547,0.00247955322265625,0.00324249267578125,0.00705718994140625,-0.16727733612060547,-0.034142494201660156,-0.00476837158203125,0.09863137412531373,0.0011080615129798663,0.1491491933088813,2.5503938580129044,-2.4596337298462942,2.08553931537686,0.09863137412531373,0.0011080615129798663,0.1491491933088813,0.0008543479432886449,0.16336677034769248,0.037081773850933246
31,1778141764.1288512,1778141764.1293297,1778141764.1293297,3.983269,0.47850608825683594,0.00247955322265625,0.00324249267578125,0.00743865966796875,-0.16727733612060547,-0.034142494201660156,-0.00476837158203125,0.0986142620028594,0.0011080200422453072,0.14927989394619634,2.5502906307164683,-2.4595066004950303,2.0862663939844146,0.0986142620028594,0.0011080200422453072,0.14927989394619634,0.0008409736398895064,0.162985528953177,0.03707960395787836
32,1778141764.1389058,1778141764.1399534,1778141764.1399534,3.993532,1.0476112365722656,0.00247955322265625,0.00324249267578125,0.00743865966796875,-0.16727733612060547,-0.034142494201660156,-0.00476837158203125,0.0986142620028594,0.0011080200422453072,0.14927989394619634,2.5502906307164683,-2.4595066004950303,2.0862663939844146,0.0986142620028594,0.0011080200422453072,0.14927989394619634,0.0008409736398895064,0.162985528953177,0.03707960395787836
33,1778141764.1488483,1778141764.1497512,1778141764.1497512,4.003832,0.9028911590576172,0.00247955322265625,0.00324249267578125,0.00743865966796875,-0.16727733612060547,-0.034142494201660156,-0.00476837158203125,0.0986142620028594,0.0011080200422453072,0.14927989394619634,2.5502906307164683,-2.4595066004950303,2.0862663939844146,0.0986142620028594,0.0011080200422453072,0.14927989394619634,0.0008409736398895064,0.162985528953177,0.03707960395787836
34,1778141764.1588862,1778141764.15971,1778141764.15971,4.012069,0.8237361907958984,0.00247955322265625,0.00324249267578125,0.00743865966796875,-0.16727733612060547,-0.034142494201660156,-0.00476837158203125,0.0986142620028594,0.0011080200422453072,0.14927989394619634,2.5502906307164683,-2.4595066004950303,2.0862663939844146,0.0986142620028594,0.0011080200422453072,0.14927989394619634,0.0008409736398895064,0.162985528953177,0.03707960395787836
35,1778141764.1688514,1778141764.1695294,1778141764.1695294,4.022272,0.6780624389648438,0.00247955322265625,0.00324249267578125,0.00743865966796875,-0.16727733612060547,-0.034142494201660156,-0.00476837158203125,0.0986142620028594,0.0011080200422453072,0.14927989394619634,2.5502906307164683,-2.4595066004950303,2.0862663939844146,0.0986142620028594,0.0011080200422453072,0.14927989394619634,0.0008409736398895064,0.162985528953177,0.03707960395787836
36,1778141764.17885,1778141764.1795495,1778141764.1795495,4.032598,0.6995201110839844,0.00247955322265625,0.00324249267578125,0.00743865966796875,-0.16727733612060547,-0.034142494201660156,-0.00476837158203125,0.0986142620028594,0.0011080200422453072,0.14927989394619634,2.5502906307164683,-2.4595066004950303,2.0862663939844146,0.0986142620028594,0.0011080200422453072,0.14927989394619634,0.0008409736398895064,0.162985528953177,0.03707960395787836
37,1778141764.188888,1778141764.189609,1778141764.189609,4.042866,0.720977783203125,0.00247955322265625,0.00324249267578125,0.00705718994140625,-0.16727733612060547,-0.034142494201660156,-0.00476837158203125,0.09863137412531373,0.0011080615129798663,0.1491491933088813,2.5503938580129044,-2.4596337298462942,2.08553931537686,0.09863137412531373,0.0011080615129798663,0.1491491933088813,0.0008543479432886449,0.16336677034769248,0.037081773850933246
38,1778141764.1988869,1778141764.1993444,1778141764.1993444,4.053206,0.45752525329589844,0.00247955322265625,0.00324249267578125,0.00743865966796875,-0.16727733612060547,-0.034142494201660156,-0.00476837158203125,0.0986142620028594,0.0011080200422453072,0.14927989394619634,2.5502906307164683,-2.4595066004950303,2.0862663939844146,0.0986142620028594,0.0011080200422453072,0.14927989394619634,0.0008409736398895064,0.162985528953177,0.03707960395787836
39,1778141764.2088776,1778141764.2100441,1778141764.2100441,4.063452,1.1665821075439453,0.00247955322265625,0.00324249267578125,0.00743865966796875,-0.16727733612060547,-0.034142494201660156,-0.00476837158203125,0.0986142620028594,0.0011080200422453072,0.14927989394619634,2.5502906307164683,-2.4595066004950303,2.0862663939844146,0.0986142620028594,0.0011080200422453072,0.14927989394619634,0.0008409736398895064,0.162985528953177,0.03707960395787836
40,1778141764.2188852,1778141764.2193952,1778141764.2193952,4.073741,0.5099773406982422,0.00247955322265625,0.00324249267578125,0.00743865966796875,-0.16727733612060547,-0.034142494201660156,-0.00476837158203125,0.0986142620028594,0.0011080200422453072,0.14927989394619634,2.5502906307164683,-2.4595066004950303,2.0862663939844146,0.0986142620028594,0.0011080200422453072,0.14927989394619634,0.0008409736398895064,0.162985528953177,0.03707960395787836
41,1778141764.2288668,1778141764.229601,1778141764.229601,4.082049,0.7340908050537109,0.00247955322265625,0.00324249267578125,0.00743865966796875,-0.16727733612060547,-0.034142494201660156,-0.00476837158203125,0.0986142620028594,0.0011080200422453072,0.14927989394619634,2.5502906307164683,-2.4595066004950303,2.0862663939844146,0.0986142620028594,0.0011080200422453072,0.14927989394619634,0.0008409736398895064,0.162985528953177,0.03707960395787836
42,1778141764.2388697,1778141764.23981,1778141764.23981,4.092323,0.9403228759765625,0.00247955322265625,0.00324249267578125,0.00743865966796875,-0.16727733612060547,-0.034142494201660156,-0.00476837158203125,0.0986142620028594,0.0011080200422453072,0.14927989394619634,2.5502906307164683,-2.4595066004950303,2.0862663939844146,0.0986142620028594,0.0011080200422453072,0.14927989394619634,0.0008409736398895064,0.162985528953177,0.03707960395787836
43,1778141764.248868,1778141764.2497623,1778141764.2497623,4.1026,0.8943080902099609,0.00247955322265625,0.00324249267578125,0.00743865966796875,-0.16727733612060547,-0.034142494201660156,-0.00476837158203125,0.0986142620028594,0.0011080200422453072,0.14927989394619634,2.5502906307164683,-2.4595066004950303,2.0862663939844146,0.0986142620028594,0.0011080200422453072,0.14927989394619634,0.0008409736398895064,0.162985528953177,0.03707960395787836
44,1778141764.2588806,1778141764.259555,1778141764.259555,4.112869,0.6744861602783203,0.00247955322265625,0.00324249267578125,0.00743865966796875,-0.16727733612060547,-0.034142494201660156,-0.00476837158203125,0.0986142620028594,0.0011080200422453072,0.14927989394619634,2.5502906307164683,-2.4595066004950303,2.0862663939844146,0.0986142620028594,0.0011080200422453072,0.14927989394619634,0.0008409736398895064,0.162985528953177,0.03707960395787836
45,1778141764.2688935,1778141764.2696471,1778141764.2696471,4.123187,0.7536411285400391,0.00247955322265625,0.00324249267578125,0.00705718994140625,-0.16727733612060547,-0.034142494201660156,-0.00476837158203125,0.09863137412531373,0.0011080615129798663,0.1491491933088813,2.5503938580129044,-2.4596337298462942,2.08553931537686,0.09863137412531373,0.0011080615129798663,0.1491491933088813,0.0008543479432886449,0.16336677034769248,0.037081773850933246
46,1778141764.278863,1778141764.279648,1778141764.279648,4.133474,0.7851123809814453,0.00247955322265625,0.00324249267578125,0.00743865966796875,-0.16727733612060547,-0.034142494201660156,-0.00476837158203125,0.0986142620028594,0.0011080200422453072,0.14927989394619634,2.5502906307164683,-2.4595066004950303,2.0862663939844146,0.0986142620028594,0.0011080200422453072,0.14927989394619634,0.0008409736398895064,0.162985528953177,0.03707960395787836
47,1778141764.288887,1778141764.2894506,1778141764.2894506,4.143799,0.5636215209960938,0.00247955322265625,0.00324249267578125,0.00743865966796875,-0.16727733612060547,-0.034142494201660156,-0.00476837158203125,0.0986142620028594,0.0011080200422453072,0.14927989394619634,2.5502906307164683,-2.4595066004950303,2.0862663939844146,0.0986142620028594,0.0011080200422453072,0.14927989394619634,0.0008409736398895064,0.162985528953177,0.03707960395787836
48,1778141764.2988932,1778141764.299836,1778141764.299836,4.152037,0.9427070617675781,0.00247955322265625,0.00324249267578125,0.00743865966796875,-0.16727733612060547,-0.034142494201660156,-0.00476837158203125,0.0986142620028594,0.0011080200422453072,0.14927989394619634,2.5502906307164683,-2.4595066004950303,2.0862663939844146,0.0986142620028594,0.0011080200422453072,0.14927989394619634,0.0008409736398895064,0.162985528953177,0.03707960395787836
49,1778141764.308832,1778141764.3094907,1778141764.3094907,4.162361,0.6587505340576172,0.00247955322265625,0.00324249267578125,0.00743865966796875,-0.16727733612060547,-0.034142494201660156,-0.00476837158203125,0.0986142620028594,0.0011080200422453072,0.14927989394619634,2.5502906307164683,-2.4595066004950303,2.0862663939844146,0.0986142620028594,0.0011080200422453072,0.14927989394619634,0.0008409736398895064,0.162985528953177,0.03707960395787836
50,1778141764.3188455,1778141764.3193347,1778141764.3193347,4.172679,0.48923492431640625,0.00247955322265625,0.00324249267578125,0.00743865966796875,-0.16727733612060547,-0.034142494201660156,-0.00476837158203125,0.0986142620028594,0.0011080200422453072,0.14927989394619634,2.5502906307164683,-2.4595066004950303,2.0862663939844146,0.0986142620028594,0.0011080200422453072,0.14927989394619634,0.0008409736398895064,0.162985528953177,0.03707960395787836
51,1778141764.328919,1778141764.329975,1778141764.329975,4.182975,1.0559558868408203,0.00247955322265625,0.00324249267578125,0.00743865966796875,-0.16727733612060547,-0.034142494201660156,-0.00476837158203125,0.0986142620028594,0.0011080200422453072,0.14927989394619634,2.5502906307164683,-2.4595066004950303,2.0862663939844146,0.0986142620028594,0.0011080200422453072,0.14927989394619634,0.0008409736398895064,0.162985528953177,0.03707960395787836
52,1778141764.3388705,1778141764.3398182,1778141764.3398182,4.193258,0.9477138519287109,0.00247955322265625,0.00324249267578125,0.00743865966796875,-0.16727733612060547,-0.034142494201660156,-0.00476837158203125,0.0986142620028594,0.0011080200422453072,0.14927989394619634,2.5502906307164683,-2.4595066004950303,2.0862663939844146,0.0986142620028594,0.0011080200422453072,0.14927989394619634,0.0008409736398895064,0.162985528953177,0.03707960395787836
53,1778141764.3488917,1778141764.3495865,1778141764.3495865,4.203572,0.6947517395019531,0.00247955322265625,0.00324249267578125,0.00705718994140625,-0.16727733612060547,-0.034142494201660156,-0.00476837158203125,0.09863137412531373,0.0011080615129798663,0.1491491933088813,2.5503938580129044,-2.4596337298462942,2.08553931537686,0.09863137412531373,0.0011080615129798663,0.1491491933088813,0.0008543479432886449,0.16336677034769248,0.037081773850933246
54,1778141764.3589034,1778141764.3598506,1778141764.3598506,4.213908,0.9472370147705078,0.00247955322265625,0.00324249267578125,0.00705718994140625,-0.16727733612060547,-0.034142494201660156,-0.00476837158203125,0.09863137412531373,0.0011080615129798663,0.1491491933088813,2.5503938580129044,-2.4596337298462942,2.08553931537686,0.09863137412531373,0.0011080615129798663,0.1491491933088813,0.0008543479432886449,0.16336677034769248,0.037081773850933246
55,1778141764.368878,1778141764.3697822,1778141764.3697822,4.222164,0.9043216705322266,0.00247955322265625,0.00324249267578125,0.00743865966796875,-0.16727733612060547,-0.034142494201660156,-0.00476837158203125,0.0986142620028594,0.0011080200422453072,0.14927989394619634,2.5502906307164683,-2.4595066004950303,2.0862663939844146,0.0986142620028594,0.0011080200422453072,0.14927989394619634,0.0008409736398895064,0.162985528953177,0.03707960395787836
56,1778141764.378867,1778141764.3796346,1778141764.3796346,4.232447,0.7677078247070312,0.00247955322265625,0.00324249267578125,0.00705718994140625,-0.16727733612060547,-0.034142494201660156,-0.00476837158203125,0.09863137412531373,0.0011080615129798663,0.1491491933088813,2.5503938580129044,-2.4596337298462942,2.08553931537686,0.09863137412531373,0.0011080615129798663,0.1491491933088813,0.0008543479432886449,0.16336677034769248,0.037081773850933246
57,1778141764.3888824,1778141764.3895001,1778141764.3895001,4.242783,0.6177425384521484,0.00247955322265625,0.00324249267578125,0.00743865966796875,-0.16727733612060547,-0.034142494201660156,-0.00476837158203125,0.0986142620028594,0.0011080200422453072,0.14927989394619634,2.5502906307164683,-2.4595066004950303,2.0862663939844146,0.0986142620028594,0.0011080200422453072,0.14927989394619634,0.0008409736398895064,0.162985528953177,0.03707960395787836
58,1778141764.398862,1778141764.399779,1778141764.399779,4.253145,0.9171962738037109,0.00247955322265625,0.00324249267578125,0.00743865966796875,-0.16727733612060547,-0.034142494201660156,-0.00476837158203125,0.0986142620028594,0.0011080200422453072,0.14927989394619634,2.5502906307164683,-2.4595066004950303,2.0862663939844146,0.0986142620028594,0.0011080200422453072,0.14927989394619634,0.0008409736398895064,0.162985528953177,0.03707960395787836
59,1778141764.4089217,1778141764.409758,1778141764.409758,4.26333,0.8363723754882812,0.00247955322265625,0.00324249267578125,0.00743865966796875,-0.16727733612060547,-0.034142494201660156,-0.00476837158203125,0.0986142620028594,0.0011080200422453072,0.14927989394619634,2.5502906307164683,-2.4595066004950303,2.0862663939844146,0.0986142620028594,0.0011080200422453072,0.14927989394619634,0.0008409736398895064,0.162985528953177,0.03707960395787836
60,1778141764.4188914,1778141764.4194937,1778141764.4194937,4.273668,0.6022453308105469,0.00247955322265625,0.00324249267578125,0.00743865966796875,-0.16727733612060547,-0.034142494201660156,-0.00476837158203125,0.0986142620028594,0.0011080200422453072,0.14927989394619634,2.5502906307164683,-2.4595066004950303,2.0862663939844146,0.0986142620028594,0.0011080200422453072,0.14927989394619634,0.0008409736398895064,0.162985528953177,0.03707960395787836
61,1778141764.4288752,1778141764.4299345,1778141764.4299345,4.283958,1.0592937469482422,0.00247955322265625,0.00324249267578125,0.00743865966796875,-0.16727733612060547,-0.034142494201660156,-0.00476837158203125,0.0986142620028594,0.0011080200422453072,0.14927989394619634,2.5502906307164683,-2.4595066004950303,2.0862663939844146,0.0986142620028594,0.0011080200422453072,0.14927989394619634,0.0008409736398895064,0.162985528953177,0.03707960395787836
62,1778141764.4389114,1778141764.4399974,1778141764.4399974,4.292181,1.0859966278076172,0.00247955322265625,0.00324249267578125,0.00743865966796875,-0.16727733612060547,-0.034142494201660156,-0.00476837158203125,0.0986142620028594,0.0011080200422453072,0.14927989394619634,2.5502906307164683,-2.4595066004950303,2.0862663939844146,0.0986142620028594,0.0011080200422453072,0.14927989394619634,0.0008409736398895064,0.162985528953177,0.03707960395787836
63,1778141764.4488983,1778141764.4495895,1778141764.4495895,4.302463,0.6911754608154297,0.00247955322265625,0.00324249267578125,0.00743865966796875,-0.16727733612060547,-0.034142494201660156,-0.00476837158203125,0.0986142620028594,0.0011080200422453072,0.14927989394619634,2.5502906307164683,-2.4595066004950303,2.0862663939844146,0.0986142620028594,0.0011080200422453072,0.14927989394619634,0.0008409736398895064,0.162985528953177,0.03707960395787836
64,1778141764.4588766,1778141764.4592972,1778141764.4592972,4.312785,0.42057037353515625,0.00247955322265625,0.00324249267578125,0.00743865966796875,-0.16727733612060547,-0.034142494201660156,-0.00476837158203125,0.0986142620028594,0.0011080200422453072,0.14927989394619634,2.5502906307164683,-2.4595066004950303,2.0862663939844146,0.0986142620028594,0.0011080200422453072,0.14927989394619634,0.0008409736398895064,0.162985528953177,0.03707960395787836
65,1778141764.468886,1778141764.469482,1778141764.469482,4.323125,0.5960464477539062,0.00247955322265625,0.00324249267578125,0.00743865966796875,-0.16727733612060547,-0.034142494201660156,-0.00476837158203125,0.0986142620028594,0.0011080200422453072,0.14927989394619634,2.5502906307164683,-2.4595066004950303,2.0862663939844146,0.0986142620028594,0.0011080200422453072,0.14927989394619634,0.0008409736398895064,0.162985528953177,0.03707960395787836
66,1778141764.4788513,1778141764.479735,1778141764.479735,4.333391,0.8835792541503906,0.00247955322265625,0.00324249267578125,0.00705718994140625,-0.16727733612060547,-0.034142494201660156,-0.00476837158203125,0.09863137412531373,0.0011080615129798663,0.1491491933088813,2.5503938580129044,-2.4596337298462942,2.08553931537686,0.09863137412531373,0.0011080615129798663,0.1491491933088813,0.0008543479432886449,0.16336677034769248,0.037081773850933246
67,1778141764.4888496,1778141764.4892762,1778141764.4892762,4.343672,0.4265308380126953,0.00247955322265625,0.00324249267578125,0.00743865966796875,-0.16727733612060547,-0.034142494201660156,-0.00476837158203125,0.0986142620028594,0.0011080200422453072,0.14927989394619634,2.5502906307164683,-2.4595066004950303,2.0862663939844146,0.0986142620028594,0.0011080200422453072,0.14927989394619634,0.0008409736398895064,0.162985528953177,0.03707960395787836
68,1778141764.4988632,1778141764.4994311,1778141764.4994311,4.352017,0.5679130554199219,0.00247955322265625,0.00324249267578125,0.00743865966796875,-0.16727733612060547,-0.034142494201660156,-0.00476837158203125,0.0986142620028594,0.0011080200422453072,0.14927989394619634,2.5502906307164683,-2.4595066004950303,2.0862663939844146,0.0986142620028594,0.0011080200422453072,0.14927989394619634,0.0008409736398895064,0.162985528953177,0.03707960395787836
69,1778141764.5089054,1778141764.5098379,1778141764.5098379,4.362338,0.9324550628662109,0.00247955322265625,0.00324249267578125,0.00705718994140625,-0.16727733612060547,-0.034142494201660156,-0.00476837158203125,0.09863137412531373,0.0011080615129798663,0.1491491933088813,2.5503938580129044,-2.4596337298462942,2.08553931537686,0.09863137412531373,0.0011080615129798663,0.1491491933088813,0.0008543479432886449,0.16336677034769248,0.037081773850933246
70,1778141764.5188625,1778141764.519671,1778141764.519671,4.372615,0.8084774017333984,0.00247955322265625,0.00324249267578125,0.00743865966796875,-0.16727733612060547,-0.034142494201660156,-0.00476837158203125,0.0986142620028594,0.0011080200422453072,0.14927989394619634,2.5502906307164683,-2.4595066004950303,2.0862663939844146,0.0986142620028594,0.0011080200422453072,0.14927989394619634,0.0008409736398895064,0.162985528953177,0.03707960395787836
71,1778141764.5288632,1778141764.5295289,1778141764.5295289,4.382915,0.6656646728515625,0.00247955322265625,0.00324249267578125,0.00743865966796875,-0.16727733612060547,-0.034142494201660156,-0.00476837158203125,0.0986142620028594,0.0011080200422453072,0.14927989394619634,2.5502906307164683,-2.4595066004950303,2.0862663939844146,0.0986142620028594,0.0011080200422453072,0.14927989394619634,0.0008409736398895064,0.162985528953177,0.03707960395787836
72,1778141764.5389001,1778141764.5396087,1778141764.5396087,4.393191,0.7085800170898438,0.00247955322265625,0.00324249267578125,0.00743865966796875,-0.16727733612060547,-0.034142494201660156,-0.00476837158203125,0.0986142620028594,0.0011080200422453072,0.14927989394619634,2.5502906307164683,-2.4595066004950303,2.0862663939844146,0.0986142620028594,0.0011080200422453072,0.14927989394619634,0.0008409736398895064,0.162985528953177,0.03707960395787836
73,1778141764.548884,1778141764.5496469,1778141764.5496469,4.403556,0.762939453125,0.00247955322265625,0.00324249267578125,0.00743865966796875,-0.16727733612060547,-0.034142494201660156,-0.00476837158203125,0.0986142620028594,0.0011080200422453072,0.14927989394619634,2.5502906307164683,-2.4595066004950303,2.0862663939844146,0.0986142620028594,0.0011080200422453072,0.14927989394619634,0.0008409736398895064,0.162985528953177,0.03707960395787836
74,1778141764.5588882,1778141764.5595489,1778141764.5595489,4.413868,0.6606578826904297,0.00247955322265625,0.00324249267578125,0.00705718994140625,-0.16727733612060547,-0.034142494201660156,-0.00476837158203125,0.09863137412531373,0.0011080615129798663,0.1491491933088813,2.5503938580129044,-2.4596337298462942,2.08553931537686,0.09863137412531373,0.0011080615129798663,0.1491491933088813,0.0008543479432886449,0.16336677034769248,0.037081773850933246
75,1778141764.5688655,1778141764.569772,1778141764.569772,4.422158,0.9064674377441406,0.00247955322265625,0.00324249267578125,0.00743865966796875,-0.16727733612060547,-0.034142494201660156,-0.00476837158203125,0.0986142620028594,0.0011080200422453072,0.14927989394619634,2.5502906307164683,-2.4595066004950303,2.0862663939844146,0.0986142620028594,0.0011080200422453072,0.14927989394619634,0.0008409736398895064,0.162985528953177,0.03707960395787836
76,1778141764.5788636,1778141764.579403,1778141764.579403,4.43247,0.5393028259277344,0.00247955322265625,0.00324249267578125,0.00743865966796875,-0.16727733612060547,-0.034142494201660156,-0.00476837158203125,0.0986142620028594,0.0011080200422453072,0.14927989394619634,2.5502906307164683,-2.4595066004950303,2.0862663939844146,0.0986142620028594,0.0011080200422453072,0.14927989394619634,0.0008409736398895064,0.162985528953177,0.03707960395787836
77,1778141764.588884,1778141764.5895176,1778141764.5895176,4.442743,0.6334781646728516,0.00247955322265625,0.00324249267578125,0.00743865966796875,-0.16727733612060547,-0.034142494201660156,-0.00476837158203125,0.0986142620028594,0.0011080200422453072,0.14927989394619634,2.5502906307164683,-2.4595066004950303,2.0862663939844146,0.0986142620028594,0.0011080200422453072,0.14927989394619634,0.0008409736398895064,0.162985528953177,0.03707960395787836
78,1778141764.5988896,1778141764.599752,1778141764.599752,4.453061,0.8623600006103516,0.00247955322265625,0.00324249267578125,0.00705718994140625,-0.16727733612060547,-0.034142494201660156,-0.00476837158203125,0.09863137412531373,0.0011080615129798663,0.1491491933088813,2.5503938580129044,-2.4596337298462942,2.08553931537686,0.09863137412531373,0.0011080615129798663,0.1491491933088813,0.0008543479432886449,0.16336677034769248,0.037081773850933246
79,1778141764.6088464,1778141764.6094298,1778141764.6094298,4.463332,0.5834102630615234,0.00247955322265625,0.00324249267578125,0.00743865966796875,-0.16727733612060547,-0.034142494201660156,-0.00476837158203125,0.0986142620028594,0.0011080200422453072,0.14927989394619634,2.5502906307164683,-2.4595066004950303,2.0862663939844146,0.0986142620028594,0.0011080200422453072,0.14927989394619634,0.0008409736398895064,0.162985528953177,0.03707960395787836
80,1778141764.6188362,1778141764.619349,1778141764.619349,4.473654,0.5128383636474609,0.00247955322265625,0.00324249267578125,0.00705718994140625,-0.16727733612060547,-0.034142494201660156,-0.00476837158203125,0.09863137412531373,0.0011080615129798663,0.1491491933088813,2.5503938580129044,-2.4596337298462942,2.08553931537686,0.09863137412531373,0.0011080615129798663,0.1491491933088813,0.0008543479432886449,0.16336677034769248,0.037081773850933246
81,1778141764.6288598,1778141764.6296606,1778141764.6296606,4.483968,0.8008480072021484,0.00247955322265625,0.00324249267578125,0.00743865966796875,-0.16727733612060547,-0.034142494201660156,-0.00476837158203125,0.0986142620028594,0.0011080200422453072,0.14927989394619634,2.5502906307164683,-2.4595066004950303,2.0862663939844146,0.0986142620028594,0.0011080200422453072,0.14927989394619634,0.0008409736398895064,0.162985528953177,0.03707960395787836
82,1778141764.6388538,1778141764.6394494,1778141764.6394494,4.492208,0.5955696105957031,0.00247955322265625,0.00324249267578125,0.00743865966796875,-0.16727733612060547,-0.034142494201660156,-0.00476837158203125,0.0986142620028594,0.0011080200422453072,0.14927989394619634,2.5502906307164683,-2.4595066004950303,2.0862663939844146,0.0986142620028594,0.0011080200422453072,0.14927989394619634,0.0008409736398895064,0.162985528953177,0.03707960395787836
83,1778141764.648902,1778141764.6494966,1778141764.6494966,4.502481,0.5946159362792969,0.00247955322265625,0.00324249267578125,0.00743865966796875,-0.16727733612060547,-0.034142494201660156,-0.00476837158203125,0.0986142620028594,0.0011080200422453072,0.14927989394619634,2.5502906307164683,-2.4595066004950303,2.0862663939844146,0.0986142620028594,0.0011080200422453072,0.14927989394619634,0.0008409736398895064,0.162985528953177,0.03707960395787836
84,1778141764.658883,1778141764.6594958,1778141764.6594958,4.512826,0.6127357482910156,0.00247955322265625,0.00324249267578125,0.00743865966796875,-0.16727733612060547,-0.034142494201660156,-0.00476837158203125,0.0986142620028594,0.0011080200422453072,0.14927989394619634,2.5502906307164683,-2.4595066004950303,2.0862663939844146,0.0986142620028594,0.0011080200422453072,0.14927989394619634,0.0008409736398895064,0.162985528953177,0.03707960395787836
85,1778141764.6688786,1778141764.6694887,1778141764.6694887,4.523236,0.6101131439208984,0.00247955322265625,0.00324249267578125,0.00743865966796875,-0.16727733612060547,-0.034142494201660156,-0.00476837158203125,0.0986142620028594,0.0011080200422453072,0.14927989394619634,2.5502906307164683,-2.4595066004950303,2.0862663939844146,0.0986142620028594,0.0011080200422453072,0.14927989394619634,0.0008409736398895064,0.162985528953177,0.03707960395787836
86,1778141764.6788929,1778141764.679478,1778141764.679478,4.533474,0.5850791931152344,0.00247955322265625,0.00324249267578125,0.00743865966796875,-0.16727733612060547,-0.034142494201660156,-0.00476837158203125,0.0986142620028594,0.0011080200422453072,0.14927989394619634,2.5502906307164683,-2.4595066004950303,2.0862663939844146,0.0986142620028594,0.0011080200422453072,0.14927989394619634,0.0008409736398895064,0.162985528953177,0.03707960395787836
87,1778141764.6888576,1778141764.6899812,1778141764.6899812,4.543771,1.123666763305664,0.00247955322265625,0.00324249267578125,0.00743865966796875,-0.16727733612060547,-0.034142494201660156,-0.00476837158203125,0.0986142620028594,0.0011080200422453072,0.14927989394619634,2.5502906307164683,-2.4595066004950303,2.0862663939844146,0.0986142620028594,0.0011080200422453072,0.14927989394619634,0.0008409736398895064,0.162985528953177,0.03707960395787836
88,1778141764.698887,1778141764.699849,1778141764.699849,4.552025,0.9617805480957031,0.00247955322265625,0.00324249267578125,0.00743865966796875,-0.16727733612060547,-0.034142494201660156,-0.00476837158203125,0.0986142620028594,0.0011080200422453072,0.14927989394619634,2.5502906307164683,-2.4595066004950303,2.0862663939844146,0.0986142620028594,0.0011080200422453072,0.14927989394619634,0.0008409736398895064,0.162985528953177,0.03707960395787836
89,1778141764.708854,1778141764.7094333,1778141764.7094333,4.562344,0.5793571472167969,0.00247955322265625,0.00324249267578125,0.00705718994140625,-0.16727733612060547,-0.034142494201660156,-0.00476837158203125,0.09863137412531373,0.0011080615129798663,0.1491491933088813,2.5503938580129044,-2.4596337298462942,2.08553931537686,0.09863137412531373,0.0011080615129798663,0.1491491933088813,0.0008543479432886449,0.16336677034769248,0.037081773850933246
90,1778141764.7188804,1778141764.7196813,1778141764.7196813,4.572666,0.8008480072021484,0.00247955322265625,0.00324249267578125,0.00743865966796875,-0.16727733612060547,-0.034142494201660156,-0.00476837158203125,0.0986142620028594,0.0011080200422453072,0.14927989394619634,2.5502906307164683,-2.4595066004950303,2.0862663939844146,0.0986142620028594,0.0011080200422453072,0.14927989394619634,0.0008409736398895064,0.162985528953177,0.03707960395787836
91,1778141764.7288551,1778141764.7297657,1778141764.7297657,4.582975,0.9105205535888672,0.00247955322265625,0.00324249267578125,0.00743865966796875,-0.16727733612060547,-0.034142494201660156,-0.00476837158203125,0.0986142620028594,0.0011080200422453072,0.14927989394619634,2.5502906307164683,-2.4595066004950303,2.0862663939844146,0.0986142620028594,0.0011080200422453072,0.14927989394619634,0.0008409736398895064,0.162985528953177,0.03707960395787836
92,1778141764.738887,1778141764.7393768,1778141764.7393768,4.59327,0.4897117614746094,0.00247955322265625,0.00324249267578125,0.00743865966796875,-0.16727733612060547,-0.034142494201660156,-0.00476837158203125,0.0986142620028594,0.0011080200422453072,0.14927989394619634,2.5502906307164683,-2.4595066004950303,2.0862663939844146,0.0986142620028594,0.0011080200422453072,0.14927989394619634,0.0008409736398895064,0.162985528953177,0.03707960395787836
93,1778141764.7489004,1778141764.7500606,1778141764.7500606,4.603612,1.1601448059082031,0.00247955322265625,0.00324249267578125,0.00705718994140625,-0.16727733612060547,-0.034142494201660156,-0.00476837158203125,0.09863137412531373,0.0011080615129798663,0.1491491933088813,2.5503938580129044,-2.4596337298462942,2.08553931537686,0.09863137412531373,0.0011080615129798663,0.1491491933088813,0.0008543479432886449,0.16336677034769248,0.037081773850933246
94,1778141764.758858,1778141764.759839,1778141764.759839,4.613955,0.9810924530029297,0.00247955322265625,0.00324249267578125,0.00743865966796875,-0.16727733612060547,-0.034142494201660156,-0.00476837158203125,0.0986142620028594,0.0011080200422453072,0.14927989394619634,2.5502906307164683,-2.4595066004950303,2.0862663939844146,0.0986142620028594,0.0011080200422453072,0.14927989394619634,0.0008409736398895064,0.162985528953177,0.03707960395787836
95,1778141764.7688878,1778141764.7704244,1778141764.7704244,4.624232,1.5366077423095703,0.00247955322265625,0.00324249267578125,0.00743865966796875,-0.16727733612060547,-0.034142494201660156,-0.00476837158203125,0.0986142620028594,0.0011080200422453072,0.14927989394619634,2.5502906307164683,-2.4595066004950303,2.0862663939844146,0.0986142620028594,0.0011080200422453072,0.14927989394619634,0.0008409736398895064,0.162985528953177,0.03707960395787836
96,1778141764.7790008,1778141764.780047,1778141764.780047,4.632491,1.0461807250976562,0.00247955322265625,0.00324249267578125,0.00743865966796875,-0.16727733612060547,-0.034142494201660156,-0.00476837158203125,0.0986142620028594,0.0011080200422453072,0.14927989394619634,2.5502906307164683,-2.4595066004950303,2.0862663939844146,0.0986142620028594,0.0011080200422453072,0.14927989394619634,0.0008409736398895064,0.162985528953177,0.03707960395787836
97,1778141764.788891,1778141764.7892473,1778141764.7892473,4.642824,0.3561973571777344,0.00247955322265625,0.00324249267578125,0.00743865966796875,-0.16727733612060547,-0.034142494201660156,-0.00476837158203125,0.0986142620028594,0.0011080200422453072,0.14927989394619634,2.5502906307164683,-2.4595066004950303,2.0862663939844146,0.0986142620028594,0.0011080200422453072,0.14927989394619634,0.0008409736398895064,0.162985528953177,0.03707960395787836
98,1778141764.7988877,1778141764.799725,1778141764.799725,4.653073,0.8373260498046875,0.00247955322265625,0.00324249267578125,0.00743865966796875,-0.16727733612060547,-0.034142494201660156,-0.00476837158203125,0.0986142620028594,0.0011080200422453072,0.14927989394619634,2.5502906307164683,-2.4595066004950303,2.0862663939844146,0.0986142620028594,0.0011080200422453072,0.14927989394619634,0.0008409736398895064,0.162985528953177,0.03707960395787836
99,1778141764.8089213,1778141764.8093672,1778141764.8093672,4.66344,0.4458427429199219,0.00247955322265625,0.00324249267578125,0.00705718994140625,-0.16727733612060547,-0.034142494201660156,-0.00476837158203125,0.09863137412531373,0.0011080615129798663,0.1491491933088813,2.5503938580129044,-2.4596337298462942,2.08553931537686,0.09863137412531373,0.0011080615129798663,0.1491491933088813,0.0008543479432886449,0.16336677034769248,0.037081773850933246
100,1778141764.8188744,1778141764.819772,1778141764.819772,4.673668,0.8976459503173828,0.00247955322265625,0.00324249267578125,0.00743865966796875,-0.16727733612060547,-0.034142494201660156,-0.00476837158203125,0.0986142620028594,0.0011080200422453072,0.14927989394619634,2.5502906307164683,-2.4595066004950303,2.0862663939844146,0.0986142620028594,0.0011080200422453072,0.14927989394619634,0.0008409736398895064,0.162985528953177,0.03707960395787836
101,1778141764.8288596,1778141764.8294902,1778141764.8294902,4.681879,0.6306171417236328,0.00247955322265625,0.00324249267578125,0.00743865966796875,-0.16727733612060547,-0.034142494201660156,-0.00476837158203125,0.0986142620028594,0.0011080200422453072,0.14927989394619634,2.5502906307164683,-2.4595066004950303,2.0862663939844146,0.0986142620028594,0.0011080200422453072,0.14927989394619634,0.0008409736398895064,0.162985528953177,0.03707960395787836
102,1778141764.8388934,1778141764.8395262,1778141764.8395262,4.692173,0.6327629089355469,0.00247955322265625,0.00324249267578125,0.00743865966796875,-0.16727733612060547,-0.034142494201660156,-0.00476837158203125,0.0986142620028594,0.0011080200422453072,0.14927989394619634,2.5502906307164683,-2.4595066004950303,2.0862663939844146,0.0986142620028594,0.0011080200422453072,0.14927989394619634,0.0008409736398895064,0.162985528953177,0.03707960395787836
103,1778141764.8488722,1778141764.8496068,1778141764.8496068,4.702506,0.7345676422119141,0.00247955322265625,0.00324249267578125,0.00705718994140625,-0.16727733612060547,-0.034142494201660156,-0.00476837158203125,0.09863137412531373,0.0011080615129798663,0.1491491933088813,2.5503938580129044,-2.4596337298462942,2.08553931537686,0.09863137412531373,0.0011080615129798663,0.1491491933088813,0.0008543479432886449,0.16336677034769248,0.037081773850933246
104,1778141764.85885,1778141764.8595402,1778141764.8595402,4.712815,0.6902217864990234,0.00247955322265625,0.00324249267578125,0.00743865966796875,-0.16727733612060547,-0.034142494201660156,-0.00476837158203125,0.0986142620028594,0.0011080200422453072,0.14927989394619634,2.5502906307164683,-2.4595066004950303,2.0862663939844146,0.0986142620028594,0.0011080200422453072,0.14927989394619634,0.0008409736398895064,0.162985528953177,0.03707960395787836
105,1778141764.8688607,1778141764.869956,1778141764.869956,4.723158,1.0952949523925781,0.00247955322265625,0.00324249267578125,0.00743865966796875,-0.16727733612060547,-0.034142494201660156,-0.00476837158203125,0.0986142620028594,0.0011080200422453072,0.14927989394619634,2.5502906307164683,-2.4595066004950303,2.0862663939844146,0.0986142620028594,0.0011080200422453072,0.14927989394619634,0.0008409736398895064,0.162985528953177,0.03707960395787836
106,1778141764.8788702,1778141764.8798254,1778141764.8798254,4.73345,0.9551048278808594,0.00247955322265625,0.00324249267578125,0.00743865966796875,-0.16727733612060547,-0.034142494201660156,-0.00476837158203125,0.0986142620028594,0.0011080200422453072,0.14927989394619634,2.5502906307164683,-2.4595066004950303,2.0862663939844146,0.0986142620028594,0.0011080200422453072,0.14927989394619634,0.0008409736398895064,0.162985528953177,0.03707960395787836
107,1778141764.8888485,1778141764.8893542,1778141764.8893542,4.743779,0.5056858062744141,0.00247955322265625,0.00324249267578125,0.00743865966796875,-0.16727733612060547,-0.034142494201660156,-0.00476837158203125,0.0986142620028594,0.0011080200422453072,0.14927989394619634,2.5502906307164683,-2.4595066004950303,2.0862663939844146,0.0986142620028594,0.0011080200422453072,0.14927989394619634,0.0008409736398895064,0.162985528953177,0.03707960395787836
108,1778141764.8989077,1778141764.8998199,1778141764.8998199,4.754074,0.9121894836425781,0.00247955322265625,0.00324249267578125,0.00743865966796875,-0.16727733612060547,-0.034142494201660156,-0.00476837158203125,0.0986142620028594,0.0011080200422453072,0.14927989394619634,2.5502906307164683,-2.4595066004950303,2.0862663939844146,0.0986142620028594,0.0011080200422453072,0.14927989394619634,0.0008409736398895064,0.162985528953177,0.03707960395787836
109,1778141764.9088845,1778141764.9099174,1778141764.9099174,4.762262,1.0328292846679688,0.00247955322265625,0.00324249267578125,0.00743865966796875,-0.16727733612060547,-0.034142494201660156,-0.00476837158203125,0.0986142620028594,0.0011080200422453072,0.14927989394619634,2.5502906307164683,-2.4595066004950303,2.0862663939844146,0.0986142620028594,0.0011080200422453072,0.14927989394619634,0.0008409736398895064,0.162985528953177,0.03707960395787836
110,1778141764.9189792,1778141764.919806,1778141764.919806,4.772564,0.8268356323242188,0.00247955322265625,0.00324249267578125,0.00743865966796875,-0.16727733612060547,-0.034142494201660156,-0.00476837158203125,0.0986142620028594,0.0011080200422453072,0.14927989394619634,2.5502906307164683,-2.4595066004950303,2.0862663939844146,0.0986142620028594,0.0011080200422453072,0.14927989394619634,0.0008409736398895064,0.162985528953177,0.03707960395787836
111,1778141764.9289343,1778141764.9300447,1778141764.9300447,4.782875,1.1103153228759766,0.00247955322265625,0.00324249267578125,0.00743865966796875,-0.16727733612060547,-0.034142494201660156,-0.00476837158203125,0.0986142620028594,0.0011080200422453072,0.14927989394619634,2.5502906307164683,-2.4595066004950303,2.0862663939844146,0.0986142620028594,0.0011080200422453072,0.14927989394619634,0.0008409736398895064,0.162985528953177,0.03707960395787836
112,1778141764.938861,1778141764.9394073,1778141764.9394073,4.793219,0.5464553833007812,0.00247955322265625,0.00324249267578125,0.00743865966796875,-0.16727733612060547,-0.034142494201660156,-0.00476837158203125,0.0986142620028594,0.0011080200422453072,0.14927989394619634,2.5502906307164683,-2.4595066004950303,2.0862663939844146,0.0986142620028594,0.0011080200422453072,0.14927989394619634,0.0008409736398895064,0.162985528953177,0.03707960395787836
113,1778141764.9488544,1778141764.949503,1778141764.949503,4.80347,0.64849853515625,0.00247955322265625,0.00324249267578125,0.00705718994140625,-0.16727733612060547,-0.034142494201660156,-0.00476837158203125,0.09863137412531373,0.0011080615129798663,0.1491491933088813,2.5503938580129044,-2.4596337298462942,2.08553931537686,0.09863137412531373,0.0011080615129798663,0.1491491933088813,0.0008543479432886449,0.16336677034769248,0.037081773850933246
114,1778141764.9588866,1778141764.959279,1778141764.959279,4.811755,0.3924369812011719,0.00247955322265625,0.00324249267578125,0.00743865966796875,-0.16727733612060547,-0.034142494201660156,-0.00476837158203125,0.0986142620028594,0.0011080200422453072,0.14927989394619634,2.5502906307164683,-2.4595066004950303,2.0862663939844146,0.0986142620028594,0.0011080200422453072,0.14927989394619634,0.0008409736398895064,0.162985528953177,0.03707960395787836
115,1778141764.9688506,1778141764.9699812,1778141764.9699812,4.822068,1.1305809020996094,0.00247955322265625,0.00324249267578125,0.00743865966796875,-0.16727733612060547,-0.034142494201660156,-0.00476837158203125,0.0986142620028594,0.0011080200422453072,0.14927989394619634,2.5502906307164683,-2.4595066004950303,2.0862663939844146,0.0986142620028594,0.0011080200422453072,0.14927989394619634,0.0008409736398895064,0.162985528953177,0.03707960395787836
116,1778141764.9789014,1778141764.9798386,1778141764.9798386,4.832368,0.9372234344482422,0.00247955322265625,0.00324249267578125,0.00743865966796875,-0.16727733612060547,-0.034142494201660156,-0.00476837158203125,0.0986142620028594,0.0011080200422453072,0.14927989394619634,2.5502906307164683,-2.4595066004950303,2.0862663939844146,0.0986142620028594,0.0011080200422453072,0.14927989394619634,0.0008409736398895064,0.162985528953177,0.03707960395787836
117,1778141764.9888494,1778141764.9896414,1778141764.9896414,4.842668,0.7920265197753906,0.00247955322265625,0.00324249267578125,0.00743865966796875,-0.16727733612060547,-0.034142494201660156,-0.00476837158203125,0.0986142620028594,0.0011080200422453072,0.14927989394619634,2.5502906307164683,-2.4595066004950303,2.0862663939844146,0.0986142620028594,0.0011080200422453072,0.14927989394619634,0.0008409736398895064,0.162985528953177,0.03707960395787836
118,1778141764.998876,1778141765.0000088,1778141765.0000088,4.852995,1.1327266693115234,0.00247955322265625,0.00324249267578125,0.00743865966796875,-0.16727733612060547,-0.034142494201660156,-0.00476837158203125,0.0986142620028594,0.0011080200422453072,0.14927989394619634,2.5502906307164683,-2.4595066004950303,2.0862663939844146,0.0986142620028594,0.0011080200422453072,0.14927989394619634,0.0008409736398895064,0.162985528953177,0.03707960395787836
119,1778141765.008903,1778141765.0101354,1778141765.0101354,4.863272,1.2323856353759766,0.00247955322265625,0.00324249267578125,0.00743865966796875,-0.16727733612060547,-0.034142494201660156,-0.00476837158203125,0.0986142620028594,0.0011080200422453072,0.14927989394619634,2.5502906307164683,-2.4595066004950303,2.0862663939844146,0.0986142620028594,0.0011080200422453072,0.14927989394619634,0.0008409736398895064,0.162985528953177,0.03707960395787836
120,1778141765.0188894,1778141765.0199115,1778141765.0199115,4.873597,1.0221004486083984,0.00247955322265625,0.00324249267578125,0.00743865966796875,-0.16727733612060547,-0.034142494201660156,-0.00476837158203125,0.0986142620028594,0.0011080200422453072,0.14927989394619634,2.5502906307164683,-2.4595066004950303,2.0862663939844146,0.0986142620028594,0.0011080200422453072,0.14927989394619634,0.0008409736398895064,0.162985528953177,0.03707960395787836
121,1778141765.0288937,1778141765.029918,1778141765.029918,4.883869,1.0242462158203125,0.00247955322265625,0.00324249267578125,0.00743865966796875,-0.16727733612060547,-0.034142494201660156,-0.00476837158203125,0.0986142620028594,0.0011080200422453072,0.14927989394619634,2.5502906307164683,-2.4595066004950303,2.0862663939844146,0.0986142620028594,0.0011080200422453072,0.14927989394619634,0.0008409736398895064,0.162985528953177,0.03707960395787836
122,1778141765.038862,1778141765.0397475,1778141765.0397475,4.89216,0.8854866027832031,0.00247955322265625,0.00324249267578125,0.00743865966796875,-0.16727733612060547,-0.034142494201660156,-0.00476837158203125,0.0986142620028594,0.0011080200422453072,0.14927989394619634,2.5502906307164683,-2.4595066004950303,2.0862663939844146,0.0986142620028594,0.0011080200422453072,0.14927989394619634,0.0008409736398895064,0.162985528953177,0.03707960395787836
123,1778141765.0488613,1778141765.0499835,1778141765.0499835,4.902453,1.1222362518310547,0.00247955322265625,0.00324249267578125,0.00743865966796875,-0.16727733612060547,-0.034142494201660156,-0.00476837158203125,0.0986142620028594,0.0011080200422453072,0.14927989394619634,2.5502906307164683,-2.4595066004950303,2.0862663939844146,0.0986142620028594,0.0011080200422453072,0.14927989394619634,0.0008409736398895064,0.162985528953177,0.03707960395787836
124,1778141765.0588894,1778141765.0599597,1778141765.0599597,4.912758,1.070261001586914,0.00247955322265625,0.00324249267578125,0.00743865966796875,-0.16727733612060547,-0.034142494201660156,-0.00476837158203125,0.0986142620028594,0.0011080200422453072,0.14927989394619634,2.5502906307164683,-2.4595066004950303,2.0862663939844146,0.0986142620028594,0.0011080200422453072,0.14927989394619634,0.0008409736398895064,0.162985528953177,0.03707960395787836
125,1778141765.0688674,1778141765.0701473,1778141765.0701473,4.923065,1.2798309326171875,0.00247955322265625,0.00324249267578125,0.00705718994140625,-0.16727733612060547,-0.034142494201660156,-0.00476837158203125,0.09863137412531373,0.0011080615129798663,0.1491491933088813,2.5503938580129044,-2.4596337298462942,2.08553931537686,0.09863137412531373,0.0011080615129798663,0.1491491933088813,0.0008543479432886449,0.16336677034769248,0.037081773850933246
126,1778141765.0789964,1778141765.0807807,1778141765.0807807,4.933318,1.7843246459960938,0.00247955322265625,0.00324249267578125,0.00743865966796875,-0.16727733612060547,-0.034142494201660156,-0.00476837158203125,0.0986142620028594,0.0011080200422453072,0.14927989394619634,2.5502906307164683,-2.4595066004950303,2.0862663939844146,0.0986142620028594,0.0011080200422453072,0.14927989394619634,0.0008409736398895064,0.162985528953177,0.03707960395787836
127,1778141765.0889041,1778141765.0897605,1778141765.0897605,4.943585,0.8563995361328125,0.00247955322265625,0.00324249267578125,0.00743865966796875,-0.16727733612060547,-0.034142494201660156,-0.00476837158203125,0.0986142620028594,0.0011080200422453072,0.14927989394619634,2.5502906307164683,-2.4595066004950303,2.0862663939844146,0.0986142620028594,0.0011080200422453072,0.14927989394619634,0.0008409736398895064,0.162985528953177,0.03707960395787836
128,1778141765.09886,1778141765.0999076,1778141765.0999076,4.953901,1.0476112365722656,0.00247955322265625,0.00324249267578125,0.00743865966796875,-0.16727733612060547,-0.034142494201660156,-0.00476837158203125,0.0986142620028594,0.0011080200422453072,0.14927989394619634,2.5502906307164683,-2.4595066004950303,2.0862663939844146,0.0986142620028594,0.0011080200422453072,0.14927989394619634,0.0008409736398895064,0.162985528953177,0.03707960395787836
129,1778141765.1090035,1778141765.1101177,1778141765.1101177,4.964216,1.1141300201416016,0.00247955322265625,0.00324249267578125,0.00743865966796875,-0.16727733612060547,-0.034142494201660156,-0.00476837158203125,0.0986142620028594,0.0011080200422453072,0.14927989394619634,2.5502906307164683,-2.4595066004950303,2.0862663939844146,0.0986142620028594,0.0011080200422453072,0.14927989394619634,0.0008409736398895064,0.162985528953177,0.03707960395787836
130,1778141765.1189947,1778141765.1201334,1778141765.1201334,4.972444,1.1386871337890625,0.00247955322265625,0.00324249267578125,0.00743865966796875,-0.16727733612060547,-0.034142494201660156,-0.00476837158203125,0.0986142620028594,0.0011080200422453072,0.14927989394619634,2.5502906307164683,-2.4595066004950303,2.0862663939844146,0.0986142620028594,0.0011080200422453072,0.14927989394619634,0.0008409736398895064,0.162985528953177,0.03707960395787836
131,1778141765.1289916,1778141765.1301217,1778141765.1301217,4.982775,1.1301040649414062,0.00247955322265625,0.00324249267578125,0.00743865966796875,-0.16727733612060547,-0.034142494201660156,-0.00476837158203125,0.0986142620028594,0.0011080200422453072,0.14927989394619634,2.5502906307164683,-2.4595066004950303,2.0862663939844146,0.0986142620028594,0.0011080200422453072,0.14927989394619634,0.0008409736398895064,0.162985528953177,0.03707960395787836
132,1778141765.1389995,1778141765.1399612,1778141765.1399612,4.993068,0.9617805480957031,0.00247955322265625,0.00324249267578125,0.00705718994140625,-0.16727733612060547,-0.034142494201660156,-0.00476837158203125,0.09863137412531373,0.0011080615129798663,0.1491491933088813,2.5503938580129044,-2.4596337298462942,2.08553931537686,0.09863137412531373,0.0011080615129798663,0.1491491933088813,0.0008543479432886449,0.16336677034769248,0.037081773850933246
133,1778141765.1488562,1778141765.1498806,1778141765.1498806,5.003322,1.024484634399414,0.00247955322265625,0.00324249267578125,0.00743865966796875,-0.16727733612060547,-0.034142494201660156,-0.00476837158203125,0.0986142620028594,0.0011080200422453072,0.14927989394619634,2.5502906307164683,-2.4595066004950303,2.0862663939844146,0.0986142620028594,0.0011080200422453072,0.14927989394619634,0.0008409736398895064,0.162985528953177,0.03707960395787836
134,1778141765.1588497,1778141765.1598659,1778141765.1598659,5.013725,1.0161399841308594,0.00247955322265625,0.00324249267578125,0.00743865966796875,-0.16727733612060547,-0.034142494201660156,-0.00476837158203125,0.0986142620028594,0.0011080200422453072,0.14927989394619634,2.5502906307164683,-2.4595066004950303,2.0862663939844146,0.0986142620028594,0.0011080200422453072,0.14927989394619634,0.0008409736398895064,0.162985528953177,0.03707960395787836
135,1778141765.1689703,1778141765.1703877,1778141765.1703877,5.023978,1.417398452758789,0.00247955322265625,0.00324249267578125,0.00705718994140625,-0.16727733612060547,-0.034142494201660156,-0.00476837158203125,0.09863137412531373,0.0011080615129798663,0.1491491933088813,2.5503938580129044,-2.4596337298462942,2.08553931537686,0.09863137412531373,0.0011080615129798663,0.1491491933088813,0.0008543479432886449,0.16336677034769248,0.037081773850933246
136,1778141765.1788762,1778141765.1800203,1778141765.1800203,5.032188,1.1441707611083984,0.00247955322265625,0.00324249267578125,0.00743865966796875,-0.16689586639404297,-0.034142494201660156,-0.00476837158203125,0.09862039791565635,0.001108035531025012,0.14931722927099367,2.5501872554294027,-2.4593793220268365,2.0869935397018646,0.09862039791565635,0.001108035531025012,0.14931722927099367,0.0008276010122516941,0.16260428753006206,0.03707743936769013
137,1778141765.1888642,1778141765.1897044,1778141765.1897044,5.042474,0.8401870727539062,0.00247955322265625,0.00324249267578125,0.00743865966796875,-0.16727733612060547,-0.034142494201660156,-0.00476837158203125,0.0986142620028594,0.0011080200422453072,0.14927989394619634,2.5502906307164683,-2.4595066004950303,2.0862663939844146,0.0986142620028594,0.0011080200422453072,0.14927989394619634,0.0008409736398895064,0.162985528953177,0.03707960395787836
138,1778141765.1988928,1778141765.1997044,1778141765.1997044,5.052828,0.8115768432617188,0.00247955322265625,0.00324249267578125,0.00743865966796875,-0.16727733612060547,-0.034142494201660156,-0.00476837158203125,0.0986142620028594,0.0011080200422453072,0.14927989394619634,2.5502906307164683,-2.4595066004950303,2.0862663939844146,0.0986142620028594,0.0011080200422453072,0.14927989394619634,0.0008409736398895064,0.162985528953177,0.03707960395787836
139,1778141765.2088885,1778141765.2093918,1778141765.2093918,5.063146,0.5033016204833984,0.00247955322265625,0.00324249267578125,0.00743865966796875,-0.16727733612060547,-0.034142494201660156,-0.00476837158203125,0.0986142620028594,0.0011080200422453072,0.14927989394619634,2.5502906307164683,-2.4595066004950303,2.0862663939844146,0.0986142620028594,0.0011080200422453072,0.14927989394619634,0.0008409736398895064,0.162985528953177,0.03707960395787836
140,1778141765.2188902,1778141765.2196813,1778141765.2196813,5.073558,0.7910728454589844,0.00247955322265625,0.00324249267578125,0.00743865966796875,-0.16727733612060547,-0.034142494201660156,-0.00476837158203125,0.0986142620028594,0.0011080200422453072,0.14927989394619634,2.5502906307164683,-2.4595066004950303,2.0862663939844146,0.0986142620028594,0.0011080200422453072,0.14927989394619634,0.0008409736398895064,0.162985528953177,0.03707960395787836
141,1778141765.2288568,1778141765.2294533,1778141765.2294533,5.083768,0.5965232849121094,0.00247955322265625,0.00324249267578125,0.00743865966796875,-0.16727733612060547,-0.034142494201660156,-0.00476837158203125,0.0986142620028594,0.0011080200422453072,0.14927989394619634,2.5502906307164683,-2.4595066004950303,2.0862663939844146,0.0986142620028594,0.0011080200422453072,0.14927989394619634,0.0008409736398895064,0.162985528953177,0.03707960395787836
142,1778141765.2388463,1778141765.239555,1778141765.239555,5.092037,0.7085800170898438,0.00247955322265625,0.00324249267578125,0.00705718994140625,-0.16727733612060547,-0.034142494201660156,-0.00476837158203125,0.09863137412531373,0.0011080615129798663,0.1491491933088813,2.5503938580129044,-2.4596337298462942,2.08553931537686,0.09863137412531373,0.0011080615129798663,0.1491491933088813,0.0008543479432886449,0.16336677034769248,0.037081773850933246
143,1778141765.2488458,1778141765.249339,1778141765.249339,5.102339,0.4932880401611328,0.00247955322265625,0.00324249267578125,0.00743865966796875,-0.16727733612060547,-0.034142494201660156,-0.00476837158203125,0.0986142620028594,0.0011080200422453072,0.14927989394619634,2.5502906307164683,-2.4595066004950303,2.0862663939844146,0.0986142620028594,0.0011080200422453072,0.14927989394619634,0.0008409736398895064,0.162985528953177,0.03707960395787836
144,1778141765.2588882,1778141765.2599852,1778141765.2599852,5.112667,1.096963882446289,0.00247955322265625,0.00324249267578125,0.00743865966796875,-0.16727733612060547,-0.034142494201660156,-0.00476837158203125,0.0986142620028594,0.0011080200422453072,0.14927989394619634,2.5502906307164683,-2.4595066004950303,2.0862663939844146,0.0986142620028594,0.0011080200422453072,0.14927989394619634,0.0008409736398895064,0.162985528953177,0.03707960395787836
145,1778141765.268904,1778141765.2699742,1778141765.2699742,5.12301,1.070261001586914,0.00247955322265625,0.00324249267578125,0.00743865966796875,-0.16727733612060547,-0.034142494201660156,-0.00476837158203125,0.0986142620028594,0.0011080200422453072,0.14927989394619634,2.5502906307164683,-2.4595066004950303,2.0862663939844146,0.0986142620028594,0.0011080200422453072,0.14927989394619634,0.0008409736398895064,0.162985528953177,0.03707960395787836
146,1778141765.2790043,1778141765.2797663,1778141765.2797663,5.133256,0.7619857788085938,0.00247955322265625,0.00324249267578125,0.00705718994140625,-0.16727733612060547,-0.034142494201660156,-0.00476837158203125,0.09863137412531373,0.0011080615129798663,0.1491491933088813,2.5503938580129044,-2.4596337298462942,2.08553931537686,0.09863137412531373,0.0011080615129798663,0.1491491933088813,0.0008543479432886449,0.16336677034769248,0.037081773850933246
147,1778141765.2888882,1778141765.2897885,1778141765.2897885,5.14357,0.9002685546875,0.00247955322265625,0.00324249267578125,0.00743865966796875,-0.16727733612060547,-0.034142494201660156,-0.00476837158203125,0.0986142620028594,0.0011080200422453072,0.14927989394619634,2.5502906307164683,-2.4595066004950303,2.0862663939844146,0.0986142620028594,0.0011080200422453072,0.14927989394619634,0.0008409736398895064,0.162985528953177,0.03707960395787836
148,1778141765.2988844,1778141765.2994862,1778141765.2994862,5.153868,0.6017684936523438,0.00247955322265625,0.00324249267578125,0.00743865966796875,-0.16727733612060547,-0.034142494201660156,-0.00476837158203125,0.0986142620028594,0.0011080200422453072,0.14927989394619634,2.5502906307164683,-2.4595066004950303,2.0862663939844146,0.0986142620028594,0.0011080200422453072,0.14927989394619634,0.0008409736398895064,0.162985528953177,0.03707960395787836
149,1778141765.3088548,1778141765.309549,1778141765.309549,5.162153,0.69427490234375,0.00247955322265625,0.00324249267578125,0.00743865966796875,-0.16727733612060547,-0.034142494201660156,-0.00476837158203125,0.0986142620028594,0.0011080200422453072,0.14927989394619634,2.5502906307164683,-2.4595066004950303,2.0862663939844146,0.0986142620028594,0.0011080200422453072,0.14927989394619634,0.0008409736398895064,0.162985528953177,0.03707960395787836
150,1778141765.318885,1778141765.3198142,1778141765.3198142,5.172465,0.9291172027587891,0.00247955322265625,0.00324249267578125,0.00743865966796875,-0.16727733612060547,-0.034142494201660156,-0.00476837158203125,0.0986142620028594,0.0011080200422453072,0.14927989394619634,2.5502906307164683,-2.4595066004950303,2.0862663939844146,0.0986142620028594,0.0011080200422453072,0.14927989394619634,0.0008409736398895064,0.162985528953177,0.03707960395787836
151,1778141765.3288639,1778141765.329599,1778141765.329599,5.182792,0.7350444793701172,0.00247955322265625,0.00324249267578125,0.00743865966796875,-0.16727733612060547,-0.034142494201660156,-0.00476837158203125,0.0986142620028594,0.0011080200422453072,0.14927989394619634,2.5502906307164683,-2.4595066004950303,2.0862663939844146,0.0986142620028594,0.0011080200422453072,0.14927989394619634,0.0008409736398895064,0.162985528953177,0.03707960395787836
152,1778141765.3390086,1778141765.340126,1778141765.340126,5.193066,1.1174678802490234,0.00247955322265625,0.00324249267578125,0.00743865966796875,-0.16727733612060547,-0.034142494201660156,-0.00476837158203125,0.0986142620028594,0.0011080200422453072,0.14927989394619634,2.5502906307164683,-2.4595066004950303,2.0862663939844146,0.0986142620028594,0.0011080200422453072,0.14927989394619634,0.0008409736398895064,0.162985528953177,0.03707960395787836
153,1778141765.3489838,1778141765.349653,1778141765.349653,5.203369,0.6692409515380859,0.00247955322265625,0.00324249267578125,0.00705718994140625,-0.16727733612060547,-0.034142494201660156,-0.00476837158203125,0.09863137412531373,0.0011080615129798663,0.1491491933088813,2.5503938580129044,-2.4596337298462942,2.08553931537686,0.09863137412531373,0.0011080615129798663,0.1491491933088813,0.0008543479432886449,0.16336677034769248,0.037081773850933246
154,1778141765.3588557,1778141765.3594549,1778141765.3594549,5.213664,0.5991458892822266,0.00247955322265625,0.00324249267578125,0.00743865966796875,-0.16727733612060547,-0.034142494201660156,-0.00476837158203125,0.0986142620028594,0.0011080200422453072,0.14927989394619634,2.5502906307164683,-2.4595066004950303,2.0862663939844146,0.0986142620028594,0.0011080200422453072,0.14927989394619634,0.0008409736398895064,0.162985528953177,0.03707960395787836
155,1778141765.3688836,1778141765.3693728,1778141765.3693728,5.221963,0.48923492431640625,0.00247955322265625,0.00324249267578125,0.00743865966796875,-0.16727733612060547,-0.034142494201660156,-0.00476837158203125,0.0986142620028594,0.0011080200422453072,0.14927989394619634,2.5502906307164683,-2.4595066004950303,2.0862663939844146,0.0986142620028594,0.0011080200422453072,0.14927989394619634,0.0008409736398895064,0.162985528953177,0.03707960395787836
156,1778141765.3789034,1778141765.3800135,1778141765.3800135,5.232263,1.110076904296875,0.00247955322265625,0.00324249267578125,0.00743865966796875,-0.16727733612060547,-0.034142494201660156,-0.00476837158203125,0.0986142620028594,0.0011080200422453072,0.14927989394619634,2.5502906307164683,-2.4595066004950303,2.0862663939844146,0.0986142620028594,0.0011080200422453072,0.14927989394619634,0.0008409736398895064,0.162985528953177,0.03707960395787836
157,1778141765.3889213,1778141765.389501,1778141765.389501,5.242548,0.579833984375,0.00247955322265625,0.00324249267578125,0.00743865966796875,-0.16727733612060547,-0.034142494201660156,-0.00476837158203125,0.0986142620028594,0.0011080200422453072,0.14927989394619634,2.5502906307164683,-2.4595066004950303,2.0862663939844146,0.0986142620028594,0.0011080200422453072,0.14927989394619634,0.0008409736398895064,0.162985528953177,0.03707960395787836
158,1778141765.3989835,1778141765.3994148,1778141765.3994148,5.25287,0.43129920959472656,0.00247955322265625,0.00324249267578125,0.00705718994140625,-0.16727733612060547,-0.034142494201660156,-0.00476837158203125,0.09863137412531373,0.0011080615129798663,0.1491491933088813,2.5503938580129044,-2.4596337298462942,2.08553931537686,0.09863137412531373,0.0011080615129798663,0.1491491933088813,0.0008543479432886449,0.16336677034769248,0.037081773850933246
159,1778141765.4089692,1778141765.409622,1778141765.409622,5.263156,0.6527900695800781,0.00247955322265625,0.00324249267578125,0.00743865966796875,-0.16727733612060547,-0.034142494201660156,-0.00476837158203125,0.0986142620028594,0.0011080200422453072,0.14927989394619634,2.5502906307164683,-2.4595066004950303,2.0862663939844146,0.0986142620028594,0.0011080200422453072,0.14927989394619634,0.0008409736398895064,0.162985528953177,0.03707960395787836
160,1778141765.418879,1778141765.419801,1778141765.419801,5.273438,0.9219646453857422,0.00247955322265625,0.00324249267578125,0.00743865966796875,-0.16727733612060547,-0.034142494201660156,-0.00476837158203125,0.0986142620028594,0.0011080200422453072,0.14927989394619634,2.5502906307164683,-2.4595066004950303,2.0862663939844146,0.0986142620028594,0.0011080200422453072,0.14927989394619634,0.0008409736398895064,0.162985528953177,0.03707960395787836
161,1778141765.4290013,1778141765.4300735,1778141765.4300735,5.283778,1.0721683502197266,0.00247955322265625,0.00324249267578125,0.00705718994140625,-0.16727733612060547,-0.034142494201660156,-0.00476837158203125,0.09863137412531373,0.0011080615129798663,0.1491491933088813,2.5503938580129044,-2.4596337298462942,2.08553931537686,0.09863137412531373,0.0011080615129798663,0.1491491933088813,0.0008543479432886449,0.16336677034769248,0.037081773850933246
162,1778141765.4388795,1778141765.4396267,1778141765.4396267,5.292038,0.7472038269042969,0.00247955322265625,0.00324249267578125,0.00743865966796875,-0.16727733612060547,-0.034142494201660156,-0.00476837158203125,0.0986142620028594,0.0011080200422453072,0.14927989394619634,2.5502906307164683,-2.4595066004950303,2.0862663939844146,0.0986142620028594,0.0011080200422453072,0.14927989394619634,0.0008409736398895064,0.162985528953177,0.03707960395787836
163,1778141765.4489026,1778141765.4496858,1778141765.4496858,5.302353,0.7832050323486328,0.00247955322265625,0.00324249267578125,0.00743865966796875,-0.16727733612060547,-0.034142494201660156,-0.00476837158203125,0.0986142620028594,0.0011080200422453072,0.14927989394619634,2.5502906307164683,-2.4595066004950303,2.0862663939844146,0.0986142620028594,0.0011080200422453072,0.14927989394619634,0.0008409736398895064,0.162985528953177,0.03707960395787836
164,1778141765.458886,1778141765.459841,1778141765.459841,5.312646,0.9551048278808594,0.00247955322265625,0.00324249267578125,0.00743865966796875,-0.16727733612060547,-0.034142494201660156,-0.00476837158203125,0.0986142620028594,0.0011080200422453072,0.14927989394619634,2.5502906307164683,-2.4595066004950303,2.0862663939844146,0.0986142620028594,0.0011080200422453072,0.14927989394619634,0.0008409736398895064,0.162985528953177,0.03707960395787836
165,1778141765.4689958,1778141765.4696517,1778141765.4696517,5.322974,0.6558895111083984,0.00247955322265625,0.00324249267578125,0.00743865966796875,-0.16727733612060547,-0.034142494201660156,-0.00476837158203125,0.0986142620028594,0.0011080200422453072,0.14927989394619634,2.5502906307164683,-2.4595066004950303,2.0862663939844146,0.0986142620028594,0.0011080200422453072,0.14927989394619634,0.0008409736398895064,0.162985528953177,0.03707960395787836
166,1778141765.4788716,1778141765.4798486,1778141765.4798486,5.333235,0.9770393371582031,0.00247955322265625,0.00324249267578125,0.00743865966796875,-0.16727733612060547,-0.034142494201660156,-0.00476837158203125,0.0986142620028594,0.0011080200422453072,0.14927989394619634,2.5502906307164683,-2.4595066004950303,2.0862663939844146,0.0986142620028594,0.0011080200422453072,0.14927989394619634,0.0008409736398895064,0.162985528953177,0.03707960395787836
167,1778141765.4888885,1778141765.489972,1778141765.489972,5.343531,1.0836124420166016,0.00247955322265625,0.00324249267578125,0.00743865966796875,-0.16727733612060547,-0.034142494201660156,-0.00476837158203125,0.0986142620028594,0.0011080200422453072,0.14927989394619634,2.5502906307164683,-2.4595066004950303,2.0862663939844146,0.0986142620028594,0.0011080200422453072,0.14927989394619634,0.0008409736398895064,0.162985528953177,0.03707960395787836
168,1778141765.4988432,1778141765.4997377,1778141765.4997377,5.353858,0.8945465087890625,0.00247955322265625,0.00324249267578125,0.00743865966796875,-0.16727733612060547,-0.034142494201660156,-0.00476837158203125,0.0986142620028594,0.0011080200422453072,0.14927989394619634,2.5502906307164683,-2.4595066004950303,2.0862663939844146,0.0986142620028594,0.0011080200422453072,0.14927989394619634,0.0008409736398895064,0.162985528953177,0.03707960395787836
169,1778141765.5088775,1778141765.5096538,1778141765.5096538,5.362068,0.7762908935546875,0.00247955322265625,0.00324249267578125,0.00743865966796875,-0.16727733612060547,-0.034142494201660156,-0.00476837158203125,0.0986142620028594,0.0011080200422453072,0.14927989394619634,2.5502906307164683,-2.4595066004950303,2.0862663939844146,0.0986142620028594,0.0011080200422453072,0.14927989394619634,0.0008409736398895064,0.162985528953177,0.03707960395787836
170,1778141765.5189025,1778141765.5200806,1778141765.5200806,5.372363,1.1780261993408203,0.00247955322265625,0.00324249267578125,0.00743865966796875,-0.16727733612060547,-0.034142494201660156,-0.00476837158203125,0.0986142620028594,0.0011080200422453072,0.14927989394619634,2.5502906307164683,-2.4595066004950303,2.0862663939844146,0.0986142620028594,0.0011080200422453072,0.14927989394619634,0.0008409736398895064,0.162985528953177,0.03707960395787836
171,1778141765.5288723,1778141765.5296576,1778141765.5296576,5.382665,0.7853507995605469,0.00247955322265625,0.00324249267578125,0.00743865966796875,-0.16727733612060547,-0.034142494201660156,-0.00476837158203125,0.0986142620028594,0.0011080200422453072,0.14927989394619634,2.5502906307164683,-2.4595066004950303,2.0862663939844146,0.0986142620028594,0.0011080200422453072,0.14927989394619634,0.0008409736398895064,0.162985528953177,0.03707960395787836
172,1778141765.5389016,1778141765.5395331,1778141765.5395331,5.393014,0.6315708160400391,0.00247955322265625,0.00324249267578125,0.00705718994140625,-0.16727733612060547,-0.034142494201660156,-0.00476837158203125,0.09863137412531373,0.0011080615129798663,0.1491491933088813,2.5503938580129044,-2.4596337298462942,2.08553931537686,0.09863137412531373,0.0011080615129798663,0.1491491933088813,0.0008543479432886449,0.16336677034769248,0.037081773850933246
173,1778141765.548891,1778141765.5498526,1778141765.5498526,5.403289,0.9615421295166016,0.00247955322265625,0.00324249267578125,0.00743865966796875,-0.16727733612060547,-0.034142494201660156,-0.00476837158203125,0.0986142620028594,0.0011080200422453072,0.14927989394619634,2.5502906307164683,-2.4595066004950303,2.0862663939844146,0.0986142620028594,0.0011080200422453072,0.14927989394619634,0.0008409736398895064,0.162985528953177,0.03707960395787836
174,1778141765.5588682,1778141765.559955,1778141765.559955,5.41357,1.0867118835449219,0.00247955322265625,0.00324249267578125,0.00743865966796875,-0.16727733612060547,-0.034142494201660156,-0.00476837158203125,0.0986142620028594,0.0011080200422453072,0.14927989394619634,2.5502906307164683,-2.4595066004950303,2.0862663939844146,0.0986142620028594,0.0011080200422453072,0.14927989394619634,0.0008409736398895064,0.162985528953177,0.03707960395787836
175,1778141765.5688705,1778141765.5696502,1778141765.5696502,5.42396,0.7796287536621094,0.00247955322265625,0.00324249267578125,0.00743865966796875,-0.16727733612060547,-0.034142494201660156,-0.00476837158203125,0.0986142620028594,0.0011080200422453072,0.14927989394619634,2.5502906307164683,-2.4595066004950303,2.0862663939844146,0.0986142620028594,0.0011080200422453072,0.14927989394619634,0.0008409736398895064,0.162985528953177,0.03707960395787836
176,1778141765.5788705,1778141765.579921,1778141765.579921,5.432213,1.0504722595214844,0.00247955322265625,0.00324249267578125,0.00743865966796875,-0.16727733612060547,-0.034142494201660156,-0.00476837158203125,0.0986142620028594,0.0011080200422453072,0.14927989394619634,2.5502906307164683,-2.4595066004950303,2.0862663939844146,0.0986142620028594,0.0011080200422453072,0.14927989394619634,0.0008409736398895064,0.162985528953177,0.03707960395787836
177,1778141765.5889971,1778141765.5901668,1778141765.5901668,5.442485,1.1696815490722656,0.00247955322265625,0.00324249267578125,0.00743865966796875,-0.16727733612060547,-0.034142494201660156,-0.00476837158203125,0.0986142620028594,0.0011080200422453072,0.14927989394619634,2.5502906307164683,-2.4595066004950303,2.0862663939844146,0.0986142620028594,0.0011080200422453072,0.14927989394619634,0.0008409736398895064,0.162985528953177,0.03707960395787836
178,1778141765.598888,1778141765.599658,1778141765.599658,5.452822,0.7700920104980469,0.00247955322265625,0.00324249267578125,0.00743865966796875,-0.16727733612060547,-0.034142494201660156,-0.00476837158203125,0.0986142620028594,0.0011080200422453072,0.14927989394619634,2.5502906307164683,-2.4595066004950303,2.0862663939844146,0.0986142620028594,0.0011080200422453072,0.14927989394619634,0.0008409736398895064,0.162985528953177,0.03707960395787836
179,1778141765.6088705,1778141765.6093621,1778141765.6093621,5.46314,0.4916191101074219,0.00247955322265625,0.00324249267578125,0.00743865966796875,-0.16727733612060547,-0.034142494201660156,-0.00476837158203125,0.0986142620028594,0.0011080200422453072,0.14927989394619634,2.5502906307164683,-2.4595066004950303,2.0862663939844146,0.0986142620028594,0.0011080200422453072,0.14927989394619634,0.0008409736398895064,0.162985528953177,0.03707960395787836
180,1778141765.6188767,1778141765.6200047,1778141765.6200047,5.473421,1.1279582977294922,0.00247955322265625,0.00324249267578125,0.00743865966796875,-0.16727733612060547,-0.034142494201660156,-0.00476837158203125,0.0986142620028594,0.0011080200422453072,0.14927989394619634,2.5502906307164683,-2.4595066004950303,2.0862663939844146,0.0986142620028594,0.0011080200422453072,0.14927989394619634,0.0008409736398895064,0.162985528953177,0.03707960395787836
181,1778141765.6289728,1778141765.629759,1778141765.629759,5.483665,0.7863044738769531,0.00247955322265625,0.00324249267578125,0.00743865966796875,-0.16727733612060547,-0.034142494201660156,-0.00476837158203125,0.0986142620028594,0.0011080200422453072,0.14927989394619634,2.5502906307164683,-2.4595066004950303,2.0862663939844146,0.0986142620028594,0.0011080200422453072,0.14927989394619634,0.0008409736398895064,0.162985528953177,0.03707960395787836
182,1778141765.638979,1778141765.6397166,1778141765.6397166,5.494054,0.7376670837402344,0.00247955322265625,0.00324249267578125,0.00743865966796875,-0.16727733612060547,-0.034142494201660156,-0.00476837158203125,0.0986142620028594,0.0011080200422453072,0.14927989394619634,2.5502906307164683,-2.4595066004950303,2.0862663939844146,0.0986142620028594,0.0011080200422453072,0.14927989394619634,0.0008409736398895064,0.162985528953177,0.03707960395787836
183,1778141765.6489046,1778141765.649744,1778141765.649744,5.502276,0.8394718170166016,0.00247955322265625,0.00324249267578125,0.00705718994140625,-0.16727733612060547,-0.034142494201660156,-0.00476837158203125,0.09863137412531373,0.0011080615129798663,0.1491491933088813,2.5503938580129044,-2.4596337298462942,2.08553931537686,0.09863137412531373,0.0011080615129798663,0.1491491933088813,0.0008543479432886449,0.16336677034769248,0.037081773850933246
184,1778141765.6588855,1778141765.6600156,1778141765.6600156,5.512581,1.1301040649414062,0.00247955322265625,0.00324249267578125,0.00743865966796875,-0.16727733612060547,-0.034142494201660156,-0.00476837158203125,0.0986142620028594,0.0011080200422453072,0.14927989394619634,2.5502906307164683,-2.4595066004950303,2.0862663939844146,0.0986142620028594,0.0011080200422453072,0.14927989394619634,0.0008409736398895064,0.162985528953177,0.03707960395787836
185,1778141765.6690028,1778141765.6700137,1778141765.6700137,5.522937,1.010894775390625,0.00247955322265625,0.00324249267578125,0.00743865966796875,-0.16727733612060547,-0.034142494201660156,-0.00476837158203125,0.0986142620028594,0.0011080200422453072,0.14927989394619634,2.5502906307164683,-2.4595066004950303,2.0862663939844146,0.0986142620028594,0.0011080200422453072,0.14927989394619634,0.0008409736398895064,0.162985528953177,0.03707960395787836
186,1778141765.6789927,1778141765.6795585,1778141765.6795585,5.533182,0.5657672882080078,0.00247955322265625,0.00324249267578125,0.00743865966796875,-0.16727733612060547,-0.034142494201660156,-0.00476837158203125,0.0986142620028594,0.0011080200422453072,0.14927989394619634,2.5502906307164683,-2.4595066004950303,2.0862663939844146,0.0986142620028594,0.0011080200422453072,0.14927989394619634,0.0008409736398895064,0.162985528953177,0.03707960395787836
187,1778141765.6888845,1778141765.689258,1778141765.689258,5.543445,0.37360191345214844,0.00247955322265625,0.00324249267578125,0.00743865966796875,-0.16727733612060547,-0.034142494201660156,-0.00476837158203125,0.0986142620028594,0.0011080200422453072,0.14927989394619634,2.5502906307164683,-2.4595066004950303,2.0862663939844146,0.0986142620028594,0.0011080200422453072,0.14927989394619634,0.0008409736398895064,0.162985528953177,0.03707960395787836
188,1778141765.6988788,1778141765.6996589,1778141765.6996589,5.553667,0.7801055908203125,0.00247955322265625,0.00324249267578125,0.00743865966796875,-0.16689586639404297,-0.034142494201660156,-0.00476837158203125,0.09862039791565635,0.001108035531025012,0.14931722927099367,2.5501872554294027,-2.4593793220268365,2.0869935397018646,0.09862039791565635,0.001108035531025012,0.14931722927099367,0.0008276010122516941,0.16260428753006206,0.03707743936769013
189,1778141765.7088785,1778141765.7097168,1778141765.7097168,5.561979,0.8382797241210938,0.00247955322265625,0.00324249267578125,0.00743865966796875,-0.16727733612060547,-0.034142494201660156,-0.00476837158203125,0.0986142620028594,0.0011080200422453072,0.14927989394619634,2.5502906307164683,-2.4595066004950303,2.0862663939844146,0.0986142620028594,0.0011080200422453072,0.14927989394619634,0.0008409736398895064,0.162985528953177,0.03707960395787836
190,1778141765.718864,1778141765.7197928,1778141765.7197928,5.572272,0.9288787841796875,0.00247955322265625,0.00324249267578125,0.00743865966796875,-0.16727733612060547,-0.034142494201660156,-0.00476837158203125,0.0986142620028594,0.0011080200422453072,0.14927989394619634,2.5502906307164683,-2.4595066004950303,2.0862663939844146,0.0986142620028594,0.0011080200422453072,0.14927989394619634,0.0008409736398895064,0.162985528953177,0.03707960395787836
191,1778141765.7288811,1778141765.729621,1778141765.729621,5.582567,0.7398128509521484,0.00247955322265625,0.00324249267578125,0.00743865966796875,-0.16727733612060547,-0.034142494201660156,-0.00476837158203125,0.0986142620028594,0.0011080200422453072,0.14927989394619634,2.5502906307164683,-2.4595066004950303,2.0862663939844146,0.0986142620028594,0.0011080200422453072,0.14927989394619634,0.0008409736398895064,0.162985528953177,0.03707960395787836
192,1778141765.738983,1778141765.7401464,1778141765.7401464,5.592877,1.163482666015625,0.00247955322265625,0.00324249267578125,0.00743865966796875,-0.16727733612060547,-0.034142494201660156,-0.00476837158203125,0.0986142620028594,0.0011080200422453072,0.14927989394619634,2.5502906307164683,-2.4595066004950303,2.0862663939844146,0.0986142620028594,0.0011080200422453072,0.14927989394619634,0.0008409736398895064,0.162985528953177,0.03707960395787836
193,1778141765.7488902,1778141765.7497218,1778141765.7497218,5.603186,0.83160400390625,0.00247955322265625,0.00324249267578125,0.00743865966796875,-0.16727733612060547,-0.034142494201660156,-0.00476837158203125,0.0986142620028594,0.0011080200422453072,0.14927989394619634,2.5502906307164683,-2.4595066004950303,2.0862663939844146,0.0986142620028594,0.0011080200422453072,0.14927989394619634,0.0008409736398895064,0.162985528953177,0.03707960395787836
194,1778141765.7589102,1778141765.7599468,1778141765.7599468,5.613499,1.0366439819335938,0.00247955322265625,0.00324249267578125,0.00705718994140625,-0.16727733612060547,-0.034142494201660156,-0.00476837158203125,0.09863137412531373,0.0011080615129798663,0.1491491933088813,2.5503938580129044,-2.4596337298462942,2.08553931537686,0.09863137412531373,0.0011080615129798663,0.1491491933088813,0.0008543479432886449,0.16336677034769248,0.037081773850933246
195,1778141765.7689004,1778141765.7695234,1778141765.7695234,5.623779,0.6229877471923828,0.00247955322265625,0.00324249267578125,0.00743865966796875,-0.16727733612060547,-0.034142494201660156,-0.00476837158203125,0.0986142620028594,0.0011080200422453072,0.14927989394619634,2.5502906307164683,-2.4595066004950303,2.0862663939844146,0.0986142620028594,0.0011080200422453072,0.14927989394619634,0.0008409736398895064,0.162985528953177,0.03707960395787836
196,1778141765.7789068,1778141765.7797039,1778141765.7797039,5.634062,0.7970333099365234,0.00247955322265625,0.00324249267578125,0.00705718994140625,-0.16727733612060547,-0.034142494201660156,-0.00476837158203125,0.09863137412531373,0.0011080615129798663,0.1491491933088813,2.5503938580129044,-2.4596337298462942,2.08553931537686,0.09863137412531373,0.0011080615129798663,0.1491491933088813,0.0008543479432886449,0.16336677034769248,0.037081773850933246
197,1778141765.7888927,1778141765.7899942,1778141765.7899942,5.642265,1.1014938354492188,0.00247955322265625,0.00324249267578125,0.00743865966796875,-0.16727733612060547,-0.034142494201660156,-0.00476837158203125,0.0986142620028594,0.0011080200422453072,0.14927989394619634,2.5502906307164683,-2.4595066004950303,2.0862663939844146,0.0986142620028594,0.0011080200422453072,0.14927989394619634,0.0008409736398895064,0.162985528953177,0.03707960395787836
198,1778141765.7989957,1778141765.7999196,1778141765.7999196,5.652479,0.9238719940185547,0.00247955322265625,0.00324249267578125,0.00743865966796875,-0.16727733612060547,-0.034142494201660156,-0.00476837158203125,0.0986142620028594,0.0011080200422453072,0.14927989394619634,2.5502906307164683,-2.4595066004950303,2.0862663939844146,0.0986142620028594,0.0011080200422453072,0.14927989394619634,0.0008409736398895064,0.162985528953177,0.03707960395787836
199,1778141765.808999,1778141765.8097138,1778141765.8097138,5.662814,0.7147789001464844,0.00247955322265625,0.00324249267578125,0.00743865966796875,-0.16727733612060547,-0.034142494201660156,-0.00476837158203125,0.0986142620028594,0.0011080200422453072,0.14927989394619634,2.5502906307164683,-2.4595066004950303,2.0862663939844146,0.0986142620028594,0.0011080200422453072,0.14927989394619634,0.0008409736398895064,0.162985528953177,0.03707960395787836
200,1778141765.8189714,1778141765.8200068,1778141765.8200068,5.67307,1.035451889038086,0.00247955322265625,0.00324249267578125,0.00743865966796875,-0.16727733612060547,-0.034142494201660156,-0.00476837158203125,0.0986142620028594,0.0011080200422453072,0.14927989394619634,2.5502906307164683,-2.4595066004950303,2.0862663939844146,0.0986142620028594,0.0011080200422453072,0.14927989394619634,0.0008409736398895064,0.162985528953177,0.03707960395787836
201,1778141765.8288548,1778141765.8296387,1778141765.8296387,5.683417,0.7839202880859375,0.00247955322265625,0.00324249267578125,0.00743865966796875,-0.16727733612060547,-0.034142494201660156,-0.00476837158203125,0.0986142620028594,0.0011080200422453072,0.14927989394619634,2.5502906307164683,-2.4595066004950303,2.0862663939844146,0.0986142620028594,0.0011080200422453072,0.14927989394619634,0.0008409736398895064,0.162985528953177,0.03707960395787836
202,1778141765.8388894,1778141765.8395793,1778141765.8395793,5.693738,0.6899833679199219,0.00247955322265625,0.00324249267578125,0.00705718994140625,-0.16727733612060547,-0.034142494201660156,-0.00476837158203125,0.09863137412531373,0.0011080615129798663,0.1491491933088813,2.5503938580129044,-2.4596337298462942,2.08553931537686,0.09863137412531373,0.0011080615129798663,0.1491491933088813,0.0008543479432886449,0.16336677034769248,0.037081773850933246
203,1778141765.8488815,1778141765.8497875,1778141765.8497875,5.704075,0.9059906005859375,0.00247955322265625,0.00324249267578125,0.00743865966796875,-0.16727733612060547,-0.034142494201660156,-0.00476837158203125,0.0986142620028594,0.0011080200422453072,0.14927989394619634,2.5502906307164683,-2.4595066004950303,2.0862663939844146,0.0986142620028594,0.0011080200422453072,0.14927989394619634,0.0008409736398895064,0.162985528953177,0.03707960395787836
204,1778141765.8588643,1778141765.8595786,1778141765.8595786,5.71234,0.7143020629882812,0.00247955322265625,0.00324249267578125,0.00743865966796875,-0.16727733612060547,-0.034142494201660156,-0.00476837158203125,0.0986142620028594,0.0011080200422453072,0.14927989394619634,2.5502906307164683,-2.4595066004950303,2.0862663939844146,0.0986142620028594,0.0011080200422453072,0.14927989394619634,0.0008409736398895064,0.162985528953177,0.03707960395787836
205,1778141765.8689919,1778141765.8702123,1778141765.8702123,5.722639,1.2204647064208984,0.00247955322265625,0.00324249267578125,0.00743865966796875,-0.16727733612060547,-0.034142494201660156,-0.00476837158203125,0.0986142620028594,0.0011080200422453072,0.14927989394619634,2.5502906307164683,-2.4595066004950303,2.0862663939844146,0.0986142620028594,0.0011080200422453072,0.14927989394619634,0.0008409736398895064,0.162985528953177,0.03707960395787836
206,1778141765.8789632,1778141765.8798025,1778141765.8798025,5.732976,0.8392333984375,0.00247955322265625,0.00324249267578125,0.00705718994140625,-0.16727733612060547,-0.034142494201660156,-0.00476837158203125,0.09863137412531373,0.0011080615129798663,0.1491491933088813,2.5503938580129044,-2.4596337298462942,2.08553931537686,0.09863137412531373,0.0011080615129798663,0.1491491933088813,0.0008543479432886449,0.16336677034769248,0.037081773850933246
207,1778141765.888904,1778141765.8895981,1778141765.8895981,5.743263,0.6940364837646484,0.00247955322265625,0.00324249267578125,0.00705718994140625,-0.16727733612060547,-0.034142494201660156,-0.00476837158203125,0.09863137412531373,0.0011080615129798663,0.1491491933088813,2.5503938580129044,-2.4596337298462942,2.08553931537686,0.09863137412531373,0.0011080615129798663,0.1491491933088813,0.0008543479432886449,0.16336677034769248,0.037081773850933246
208,1778141765.898867,1778141765.8997445,1778141765.8997445,5.753593,0.8776187896728516,0.00247955322265625,0.00324249267578125,0.00705718994140625,-0.16727733612060547,-0.034142494201660156,-0.00476837158203125,0.09863137412531373,0.0011080615129798663,0.1491491933088813,2.5503938580129044,-2.4596337298462942,2.08553931537686,0.09863137412531373,0.0011080615129798663,0.1491491933088813,0.0008543479432886449,0.16336677034769248,0.037081773850933246
209,1778141765.9088593,1778141765.9096336,1778141765.9096336,5.763868,0.774383544921875,0.00247955322265625,0.00324249267578125,0.00743865966796875,-0.16727733612060547,-0.034142494201660156,-0.00476837158203125,0.0986142620028594,0.0011080200422453072,0.14927989394619634,2.5502906307164683,-2.4595066004950303,2.0862663939844146,0.0986142620028594,0.0011080200422453072,0.14927989394619634,0.0008409736398895064,0.162985528953177,0.03707960395787836
210,1778141765.9189067,1778141765.9198282,1778141765.9198282,5.774135,0.9214878082275391,0.00247955322265625,0.00324249267578125,0.00743865966796875,-0.16727733612060547,-0.034142494201660156,-0.00476837158203125,0.0986142620028594,0.0011080200422453072,0.14927989394619634,2.5502906307164683,-2.4595066004950303,2.0862663939844146,0.0986142620028594,0.0011080200422453072,0.14927989394619634,0.0008409736398895064,0.162985528953177,0.03707960395787836
211,1778141765.9288902,1778141765.9294748,1778141765.9294748,5.782371,0.5846023559570312,0.00247955322265625,0.00324249267578125,0.00743865966796875,-0.16727733612060547,-0.034142494201660156,-0.00476837158203125,0.0986142620028594,0.0011080200422453072,0.14927989394619634,2.5502906307164683,-2.4595066004950303,2.0862663939844146,0.0986142620028594,0.0011080200422453072,0.14927989394619634,0.0008409736398895064,0.162985528953177,0.03707960395787836
212,1778141765.9389026,1778141765.939592,1778141765.939592,5.792657,0.6892681121826172,0.00247955322265625,0.00324249267578125,0.00743865966796875,-0.16727733612060547,-0.034142494201660156,-0.00476837158203125,0.0986142620028594,0.0011080200422453072,0.14927989394619634,2.5502906307164683,-2.4595066004950303,2.0862663939844146,0.0986142620028594,0.0011080200422453072,0.14927989394619634,0.0008409736398895064,0.162985528953177,0.03707960395787836
213,1778141765.9489014,1778141765.949981,1778141765.949981,5.802989,1.079559326171875,0.00247955322265625,0.00324249267578125,0.00705718994140625,-0.16727733612060547,-0.034142494201660156,-0.00476837158203125,0.09863137412531373,0.0011080615129798663,0.1491491933088813,2.5503938580129044,-2.4596337298462942,2.08553931537686,0.09863137412531373,0.0011080615129798663,0.1491491933088813,0.0008543479432886449,0.16336677034769248,0.037081773850933246
214,1778141765.9588869,1778141765.9596806,1778141765.9596806,5.813273,0.7936954498291016,0.00247955322265625,0.00324249267578125,0.00743865966796875,-0.16727733612060547,-0.034142494201660156,-0.00476837158203125,0.0986142620028594,0.0011080200422453072,0.14927989394619634,2.5502906307164683,-2.4595066004950303,2.0862663939844146,0.0986142620028594,0.0011080200422453072,0.14927989394619634,0.0008409736398895064,0.162985528953177,0.03707960395787836
215,1778141765.9688997,1778141765.9697025,1778141765.9697025,5.823669,0.8027553558349609,0.00247955322265625,0.00324249267578125,0.00743865966796875,-0.16689586639404297,-0.034142494201660156,-0.00476837158203125,0.09862039791565635,0.001108035531025012,0.14931722927099367,2.5501872554294027,-2.4593793220268365,2.0869935397018646,0.09862039791565635,0.001108035531025012,0.14931722927099367,0.0008276010122516941,0.16260428753006206,0.03707743936769013
216,1778141765.9788723,1778141765.979538,1778141765.979538,5.83194,0.6656646728515625,0.00247955322265625,0.00324249267578125,0.00743865966796875,-0.16727733612060547,-0.034142494201660156,-0.00476837158203125,0.0986142620028594,0.0011080200422453072,0.14927989394619634,2.5502906307164683,-2.4595066004950303,2.0862663939844146,0.0986142620028594,0.0011080200422453072,0.14927989394619634,0.0008409736398895064,0.162985528953177,0.03707960395787836
217,1778141765.9888847,1778141765.9897945,1778141765.9897945,5.842278,0.9098052978515625,0.00247955322265625,0.00324249267578125,0.00743865966796875,-0.16727733612060547,-0.034142494201660156,-0.00476837158203125,0.0986142620028594,0.0011080200422453072,0.14927989394619634,2.5502906307164683,-2.4595066004950303,2.0862663939844146,0.0986142620028594,0.0011080200422453072,0.14927989394619634,0.0008409736398895064,0.162985528953177,0.03707960395787836
218,1778141765.9988418,1778141765.9996045,1778141765.9996045,5.852575,0.7627010345458984,0.00247955322265625,0.00324249267578125,0.00743865966796875,-0.16727733612060547,-0.034142494201660156,-0.00476837158203125,0.0986142620028594,0.0011080200422453072,0.14927989394619634,2.5502906307164683,-2.4595066004950303,2.0862663939844146,0.0986142620028594,0.0011080200422453072,0.14927989394619634,0.0008409736398895064,0.162985528953177,0.03707960395787836
219,1778141766.0088665,1778141766.0098536,1778141766.0098536,5.862866,0.9870529174804688,0.00247955322265625,0.00324249267578125,0.00743865966796875,-0.16727733612060547,-0.034142494201660156,-0.00476837158203125,0.0986142620028594,0.0011080200422453072,0.14927989394619634,2.5502906307164683,-2.4595066004950303,2.0862663939844146,0.0986142620028594,0.0011080200422453072,0.14927989394619634,0.0008409736398895064,0.162985528953177,0.03707960395787836
220,1778141766.018846,1778141766.0193,1778141766.0193,5.873153,0.453948974609375,0.00247955322265625,0.00324249267578125,0.00743865966796875,-0.16727733612060547,-0.034142494201660156,-0.00476837158203125,0.0986142620028594,0.0011080200422453072,0.14927989394619634,2.5502906307164683,-2.4595066004950303,2.0862663939844146,0.0986142620028594,0.0011080200422453072,0.14927989394619634,0.0008409736398895064,0.162985528953177,0.03707960395787836
221,1778141766.0288758,1778141766.0294507,1778141766.0294507,5.883464,0.5748271942138672,0.00247955322265625,0.00324249267578125,0.00743865966796875,-0.16727733612060547,-0.034142494201660156,-0.00476837158203125,0.0986142620028594,0.0011080200422453072,0.14927989394619634,2.5502906307164683,-2.4595066004950303,2.0862663939844146,0.0986142620028594,0.0011080200422453072,0.14927989394619634,0.0008409736398895064,0.162985528953177,0.03707960395787836
222,1778141766.0388894,1778141766.0396907,1778141766.0396907,5.893771,0.8013248443603516,0.00247955322265625,0.00324249267578125,0.00743865966796875,-0.16727733612060547,-0.034142494201660156,-0.00476837158203125,0.0986142620028594,0.0011080200422453072,0.14927989394619634,2.5502906307164683,-2.4595066004950303,2.0862663939844146,0.0986142620028594,0.0011080200422453072,0.14927989394619634,0.0008409736398895064,0.162985528953177,0.03707960395787836
223,1778141766.048873,1778141766.049872,1778141766.049872,5.902053,0.9989738464355469,0.00247955322265625,0.00324249267578125,0.00743865966796875,-0.16727733612060547,-0.034142494201660156,-0.00476837158203125,0.0986142620028594,0.0011080200422453072,0.14927989394619634,2.5502906307164683,-2.4595066004950303,2.0862663939844146,0.0986142620028594,0.0011080200422453072,0.14927989394619634,0.0008409736398895064,0.162985528953177,0.03707960395787836
224,1778141766.05888,1778141766.0595763,1778141766.0595763,5.912342,0.6961822509765625,0.00247955322265625,0.00324249267578125,0.00743865966796875,-0.16727733612060547,-0.034142494201660156,-0.00476837158203125,0.0986142620028594,0.0011080200422453072,0.14927989394619634,2.5502906307164683,-2.4595066004950303,2.0862663939844146,0.0986142620028594,0.0011080200422453072,0.14927989394619634,0.0008409736398895064,0.162985528953177,0.03707960395787836
225,1778141766.0688877,1778141766.0697427,1778141766.0697427,5.922657,0.8549690246582031,0.00247955322265625,0.00324249267578125,0.00743865966796875,-0.16727733612060547,-0.034142494201660156,-0.00476837158203125,0.0986142620028594,0.0011080200422453072,0.14927989394619634,2.5502906307164683,-2.4595066004950303,2.0862663939844146,0.0986142620028594,0.0011080200422453072,0.14927989394619634,0.0008409736398895064,0.162985528953177,0.03707960395787836
226,1778141766.0788906,1778141766.0798218,1778141766.0798218,5.93287,0.9312629699707031,0.00247955322265625,0.00324249267578125,0.00743865966796875,-0.16727733612060547,-0.034142494201660156,-0.00476837158203125,0.0986142620028594,0.0011080200422453072,0.14927989394619634,2.5502906307164683,-2.4595066004950303,2.0862663939844146,0.0986142620028594,0.0011080200422453072,0.14927989394619634,0.0008409736398895064,0.162985528953177,0.03707960395787836
227,1778141766.0888877,1778141766.0896175,1778141766.0896175,5.943218,0.7297992706298828,0.00247955322265625,0.00324249267578125,0.00743865966796875,-0.16727733612060547,-0.034142494201660156,-0.00476837158203125,0.0986142620028594,0.0011080200422453072,0.14927989394619634,2.5502906307164683,-2.4595066004950303,2.0862663939844146,0.0986142620028594,0.0011080200422453072,0.14927989394619634,0.0008409736398895064,0.162985528953177,0.03707960395787836
228,1778141766.0988853,1778141766.0995135,1778141766.0995135,5.953526,0.6282329559326172,0.00247955322265625,0.00324249267578125,0.00743865966796875,-0.16727733612060547,-0.034142494201660156,-0.00476837158203125,0.0986142620028594,0.0011080200422453072,0.14927989394619634,2.5502906307164683,-2.4595066004950303,2.0862663939844146,0.0986142620028594,0.0011080200422453072,0.14927989394619634,0.0008409736398895064,0.162985528953177,0.03707960395787836
229,1778141766.1088536,1778141766.109527,1778141766.109527,5.963869,0.6735324859619141,0.00247955322265625,0.00324249267578125,0.00743865966796875,-0.16727733612060547,-0.034142494201660156,-0.00476837158203125,0.0986142620028594,0.0011080200422453072,0.14927989394619634,2.5502906307164683,-2.4595066004950303,2.0862663939844146,0.0986142620028594,0.0011080200422453072,0.14927989394619634,0.0008409736398895064,0.162985528953177,0.03707960395787836
230,1778141766.1188872,1778141766.1195045,1778141766.1195045,5.972081,0.6172657012939453,0.00247955322265625,0.00324249267578125,0.00743865966796875,-0.16727733612060547,-0.034142494201660156,-0.00476837158203125,0.0986142620028594,0.0011080200422453072,0.14927989394619634,2.5502906307164683,-2.4595066004950303,2.0862663939844146,0.0986142620028594,0.0011080200422453072,0.14927989394619634,0.0008409736398895064,0.162985528953177,0.03707960395787836
231,1778141766.12892,1778141766.1299407,1778141766.1299407,5.982376,1.020669937133789,0.00247955322265625,0.00324249267578125,0.00705718994140625,-0.16727733612060547,-0.034142494201660156,-0.00476837158203125,0.09863137412531373,0.0011080615129798663,0.1491491933088813,2.5503938580129044,-2.4596337298462942,2.08553931537686,0.09863137412531373,0.0011080615129798663,0.1491491933088813,0.0008543479432886449,0.16336677034769248,0.037081773850933246
232,1778141766.1388917,1778141766.1399028,1778141766.1399028,5.992665,1.0111331939697266,0.00247955322265625,0.00324249267578125,0.00705718994140625,-0.16727733612060547,-0.034142494201660156,-0.00476837158203125,0.09863137412531373,0.0011080615129798663,0.1491491933088813,2.5503938580129044,-2.4596337298462942,2.08553931537686,0.09863137412531373,0.0011080615129798663,0.1491491933088813,0.0008543479432886449,0.16336677034769248,0.037081773850933246
233,1778141766.1489606,1778141766.149831,1778141766.149831,6.003039,0.8704662322998047,0.00247955322265625,0.00324249267578125,0.00743865966796875,-0.16727733612060547,-0.034142494201660156,-0.00476837158203125,0.0986142620028594,0.0011080200422453072,0.14927989394619634,2.5502906307164683,-2.4595066004950303,2.0862663939844146,0.0986142620028594,0.0011080200422453072,0.14927989394619634,0.0008409736398895064,0.162985528953177,0.03707960395787836
234,1778141766.1588862,1778141766.1596978,1778141766.1596978,6.013268,0.8115768432617188,0.00247955322265625,0.00324249267578125,0.00705718994140625,-0.16727733612060547,-0.034142494201660156,-0.00476837158203125,0.09863137412531373,0.0011080615129798663,0.1491491933088813,2.5503938580129044,-2.4596337298462942,2.08553931537686,0.09863137412531373,0.0011080615129798663,0.1491491933088813,0.0008543479432886449,0.16336677034769248,0.037081773850933246
235,1778141766.1688547,1778141766.1699011,1778141766.1699011,6.023625,1.0464191436767578,0.00247955322265625,0.00324249267578125,0.00743865966796875,-0.16727733612060547,-0.034142494201660156,-0.00476837158203125,0.0986142620028594,0.0011080200422453072,0.14927989394619634,2.5502906307164683,-2.4595066004950303,2.0862663939844146,0.0986142620028594,0.0011080200422453072,0.14927989394619634,0.0008409736398895064,0.162985528953177,0.03707960395787836
236,1778141766.1788788,1778141766.179939,1778141766.179939,6.033866,1.0602474212646484,0.00247955322265625,0.00324249267578125,0.00705718994140625,-0.16689586639404297,-0.034142494201660156,-0.00476837158203125,0.0986375242799163,0.001108077037056082,0.14918652629028972,2.5502906307164683,-2.4595066004950303,2.0862663939844146,0.0986375242799163,0.001108077037056082,0.14918652629028972,0.0008409736398895065,0.16298552895317697,0.03707960395787836
237,1778141766.188884,1778141766.1900005,1778141766.1900005,6.044219,1.1165142059326172,0.00247955322265625,0.00324249267578125,0.00743865966796875,-0.16727733612060547,-0.034142494201660156,-0.00476837158203125,0.0986142620028594,0.0011080200422453072,0.14927989394619634,2.5502906307164683,-2.4595066004950303,2.0862663939844146,0.0986142620028594,0.0011080200422453072,0.14927989394619634,0.0008409736398895064,0.162985528953177,0.03707960395787836
238,1778141766.1988723,1778141766.2000308,1778141766.2000308,6.052474,1.1584758758544922,0.00247955322265625,0.00324249267578125,0.00743865966796875,-0.16727733612060547,-0.034142494201660156,-0.00476837158203125,0.0986142620028594,0.0011080200422453072,0.14927989394619634,2.5502906307164683,-2.4595066004950303,2.0862663939844146,0.0986142620028594,0.0011080200422453072,0.14927989394619634,0.0008409736398895064,0.162985528953177,0.03707960395787836
239,1778141766.2088976,1778141766.2097635,1778141766.2097635,6.062775,0.865936279296875,0.00247955322265625,0.00324249267578125,0.00743865966796875,-0.16727733612060547,-0.034142494201660156,-0.00476837158203125,0.0986142620028594,0.0011080200422453072,0.14927989394619634,2.5502906307164683,-2.4595066004950303,2.0862663939844146,0.0986142620028594,0.0011080200422453072,0.14927989394619634,0.0008409736398895064,0.162985528953177,0.03707960395787836
240,1778141766.2188792,1778141766.2201588,1778141766.2201588,6.073076,1.279592514038086,0.00247955322265625,0.00324249267578125,0.00743865966796875,-0.16727733612060547,-0.034142494201660156,-0.00476837158203125,0.0986142620028594,0.0011080200422453072,0.14927989394619634,2.5502906307164683,-2.4595066004950303,2.0862663939844146,0.0986142620028594,0.0011080200422453072,0.14927989394619634,0.0008409736398895064,0.162985528953177,0.03707960395787836
241,1778141766.22889,1778141766.230176,1778141766.230176,6.083391,1.2860298156738281,0.00247955322265625,0.00324249267578125,0.00743865966796875,-0.16727733612060547,-0.034142494201660156,-0.00476837158203125,0.0986142620028594,0.0011080200422453072,0.14927989394619634,2.5502906307164683,-2.4595066004950303,2.0862663939844146,0.0986142620028594,0.0011080200422453072,0.14927989394619634,0.0008409736398895064,0.162985528953177,0.03707960395787836
242,1778141766.2388704,1778141766.2396405,1778141766.2396405,6.093656,0.7700920104980469,0.00247955322265625,0.00324249267578125,0.00743865966796875,-0.16727733612060547,-0.034142494201660156,-0.00476837158203125,0.0986142620028594,0.0011080200422453072,0.14927989394619634,2.5502906307164683,-2.4595066004950303,2.0862663939844146,0.0986142620028594,0.0011080200422453072,0.14927989394619634,0.0008409736398895064,0.162985528953177,0.03707960395787836
243,1778141766.2488866,1778141766.2503808,1778141766.2503808,6.103999,1.4941692352294922,0.00247955322265625,0.00324249267578125,0.00743865966796875,-0.16727733612060547,-0.034142494201660156,-0.00476837158203125,0.0986142620028594,0.0011080200422453072,0.14927989394619634,2.5502906307164683,-2.4595066004950303,2.0862663939844146,0.0986142620028594,0.0011080200422453072,0.14927989394619634,0.0008409736398895064,0.162985528953177,0.03707960395787836
244,1778141766.2589662,1778141766.2599537,1778141766.2599537,6.112219,0.9875297546386719,0.00247955322265625,0.00324249267578125,0.00743865966796875,-0.16727733612060547,-0.034142494201660156,-0.00476837158203125,0.0986142620028594,0.0011080200422453072,0.14927989394619634,2.5502906307164683,-2.4595066004950303,2.0862663939844146,0.0986142620028594,0.0011080200422453072,0.14927989394619634,0.0008409736398895064,0.162985528953177,0.03707960395787836
245,1778141766.2688692,1778141766.2703898,1778141766.2703898,6.122468,1.5206336975097656,0.00247955322265625,0.00324249267578125,0.00743865966796875,-0.16727733612060547,-0.034142494201660156,-0.00476837158203125,0.0986142620028594,0.0011080200422453072,0.14927989394619634,2.5502906307164683,-2.4595066004950303,2.0862663939844146,0.0986142620028594,0.0011080200422453072,0.14927989394619634,0.0008409736398895064,0.162985528953177,0.03707960395787836
246,1778141766.2788672,1778141766.2803857,1778141766.2803857,6.132814,1.5184879302978516,0.00247955322265625,0.00324249267578125,0.00743865966796875,-0.16727733612060547,-0.034142494201660156,-0.00476837158203125,0.0986142620028594,0.0011080200422453072,0.14927989394619634,2.5502906307164683,-2.4595066004950303,2.0862663939844146,0.0986142620028594,0.0011080200422453072,0.14927989394619634,0.0008409736398895064,0.162985528953177,0.03707960395787836
247,1778141766.288888,1778141766.2898097,1778141766.2898097,6.14307,0.9217262268066406,0.00247955322265625,0.00324249267578125,0.00743865966796875,-0.16727733612060547,-0.034142494201660156,-0.00476837158203125,0.0986142620028594,0.0011080200422453072,0.14927989394619634,2.5502906307164683,-2.4595066004950303,2.0862663939844146,0.0986142620028594,0.0011080200422453072,0.14927989394619634,0.0008409736398895064,0.162985528953177,0.03707960395787836
248,1778141766.2988641,1778141766.3001978,1778141766.3001978,6.153386,1.3337135314941406,0.00247955322265625,0.00324249267578125,0.00743865966796875,-0.16727733612060547,-0.034142494201660156,-0.00476837158203125,0.0986142620028594,0.0011080200422453072,0.14927989394619634,2.5502906307164683,-2.4595066004950303,2.0862663939844146,0.0986142620028594,0.0011080200422453072,0.14927989394619634,0.0008409736398895064,0.162985528953177,0.03707960395787836
249,1778141766.3089006,1778141766.3098507,1778141766.3098507,6.163637,0.9500980377197266,0.00247955322265625,0.00324249267578125,0.00743865966796875,-0.16727733612060547,-0.034142494201660156,-0.00476837158203125,0.0986142620028594,0.0011080200422453072,0.14927989394619634,2.5502906307164683,-2.4595066004950303,2.0862663939844146,0.0986142620028594,0.0011080200422453072,0.14927989394619634,0.0008409736398895064,0.162985528953177,0.03707960395787836
250,1778141766.3188818,1778141766.319504,1778141766.319504,6.171977,0.6222724914550781,0.00247955322265625,0.00324249267578125,0.00743865966796875,-0.16727733612060547,-0.034142494201660156,-0.00476837158203125,0.0986142620028594,0.0011080200422453072,0.14927989394619634,2.5502906307164683,-2.4595066004950303,2.0862663939844146,0.0986142620028594,0.0011080200422453072,0.14927989394619634,0.0008409736398895064,0.162985528953177,0.03707960395787836
251,1778141766.328884,1778141766.329722,1778141766.329722,6.182211,0.8380413055419922,0.00247955322265625,0.00324249267578125,0.00743865966796875,-0.16727733612060547,-0.034142494201660156,-0.00476837158203125,0.0986142620028594,0.0011080200422453072,0.14927989394619634,2.5502906307164683,-2.4595066004950303,2.0862663939844146,0.0986142620028594,0.0011080200422453072,0.14927989394619634,0.0008409736398895064,0.162985528953177,0.03707960395787836
252,1778141766.3388658,1778141766.339774,1778141766.339774,6.19253,0.9081363677978516,0.00247955322265625,0.00324249267578125,0.00743865966796875,-0.16727733612060547,-0.034142494201660156,-0.00476837158203125,0.0986142620028594,0.0011080200422453072,0.14927989394619634,2.5502906307164683,-2.4595066004950303,2.0862663939844146,0.0986142620028594,0.0011080200422453072,0.14927989394619634,0.0008409736398895064,0.162985528953177,0.03707960395787836
253,1778141766.3488903,1778141766.3495083,1778141766.3495083,6.202867,0.61798095703125,0.00247955322265625,0.00324249267578125,0.00705718994140625,-0.16727733612060547,-0.034142494201660156,-0.00476837158203125,0.09863137412531373,0.0011080615129798663,0.1491491933088813,2.5503938580129044,-2.4596337298462942,2.08553931537686,0.09863137412531373,0.0011080615129798663,0.1491491933088813,0.0008543479432886449,0.16336677034769248,0.037081773850933246
254,1778141766.3588562,1778141766.359436,1778141766.359436,6.213152,0.579833984375,0.00247955322265625,0.00324249267578125,0.00743865966796875,-0.16727733612060547,-0.034142494201660156,-0.00476837158203125,0.0986142620028594,0.0011080200422453072,0.14927989394619634,2.5502906307164683,-2.4595066004950303,2.0862663939844146,0.0986142620028594,0.0011080200422453072,0.14927989394619634,0.0008409736398895064,0.162985528953177,0.03707960395787836
255,1778141766.3688855,1778141766.3694286,1778141766.3694286,6.223445,0.5431175231933594,0.00247955322265625,0.00324249267578125,0.00743865966796875,-0.16727733612060547,-0.034142494201660156,-0.00476837158203125,0.0986142620028594,0.0011080200422453072,0.14927989394619634,2.5502906307164683,-2.4595066004950303,2.0862663939844146,0.0986142620028594,0.0011080200422453072,0.14927989394619634,0.0008409736398895064,0.162985528953177,0.03707960395787836
256,1778141766.3788812,1778141766.3792517,1778141766.3792517,6.233767,0.3705024719238281,0.00247955322265625,0.00324249267578125,0.00743865966796875,-0.16727733612060547,-0.034142494201660156,-0.00476837158203125,0.0986142620028594,0.0011080200422453072,0.14927989394619634,2.5502906307164683,-2.4595066004950303,2.0862663939844146,0.0986142620028594,0.0011080200422453072,0.14927989394619634,0.0008409736398895064,0.162985528953177,0.03707960395787836
257,1778141766.3888834,1778141766.389218,1778141766.389218,6.242046,0.33473968505859375,0.00247955322265625,0.00324249267578125,0.00743865966796875,-0.16727733612060547,-0.034142494201660156,-0.00476837158203125,0.0986142620028594,0.0011080200422453072,0.14927989394619634,2.5502906307164683,-2.4595066004950303,2.0862663939844146,0.0986142620028594,0.0011080200422453072,0.14927989394619634,0.0008409736398895064,0.162985528953177,0.03707960395787836
258,1778141766.3988538,1778141766.399398,1778141766.399398,6.252326,0.5443096160888672,0.00247955322265625,0.00324249267578125,0.00743865966796875,-0.16727733612060547,-0.034142494201660156,-0.00476837158203125,0.0986142620028594,0.0011080200422453072,0.14927989394619634,2.5502906307164683,-2.4595066004950303,2.0862663939844146,0.0986142620028594,0.0011080200422453072,0.14927989394619634,0.0008409736398895064,0.162985528953177,0.03707960395787836
259,1778141766.4089131,1778141766.4095154,1778141766.4095154,6.262668,0.6022453308105469,0.00247955322265625,0.00324249267578125,0.00743865966796875,-0.16727733612060547,-0.034142494201660156,-0.00476837158203125,0.0986142620028594,0.0011080200422453072,0.14927989394619634,2.5502906307164683,-2.4595066004950303,2.0862663939844146,0.0986142620028594,0.0011080200422453072,0.14927989394619634,0.0008409736398895064,0.162985528953177,0.03707960395787836
260,1778141766.4188526,1778141766.4192514,1778141766.4192514,6.273027,0.39887428283691406,0.00247955322265625,0.00324249267578125,0.00743865966796875,-0.16727733612060547,-0.034142494201660156,-0.00476837158203125,0.0986142620028594,0.0011080200422453072,0.14927989394619634,2.5502906307164683,-2.4595066004950303,2.0862663939844146,0.0986142620028594,0.0011080200422453072,0.14927989394619634,0.0008409736398895064,0.162985528953177,0.03707960395787836
261,1778141766.42887,1778141766.4295597,1778141766.4295597,6.283274,0.6897449493408203,0.00247955322265625,0.00324249267578125,0.00743865966796875,-0.16727733612060547,-0.034142494201660156,-0.00476837158203125,0.0986142620028594,0.0011080200422453072,0.14927989394619634,2.5502906307164683,-2.4595066004950303,2.0862663939844146,0.0986142620028594,0.0011080200422453072,0.14927989394619634,0.0008409736398895064,0.162985528953177,0.03707960395787836
262,1778141766.438849,1778141766.4395735,1778141766.4395735,6.29357,0.7245540618896484,0.00247955322265625,0.00324249267578125,0.00743865966796875,-0.16727733612060547,-0.034142494201660156,-0.00476837158203125,0.0986142620028594,0.0011080200422453072,0.14927989394619634,2.5502906307164683,-2.4595066004950303,2.0862663939844146,0.0986142620028594,0.0011080200422453072,0.14927989394619634,0.0008409736398895064,0.162985528953177,0.03707960395787836
263,1778141766.4488454,1778141766.4494169,1778141766.4494169,6.303876,0.5714893341064453,0.00247955322265625,0.00324249267578125,0.00705718994140625,-0.16727733612060547,-0.034142494201660156,-0.00476837158203125,0.09863137412531373,0.0011080615129798663,0.1491491933088813,2.5503938580129044,-2.4596337298462942,2.08553931537686,0.09863137412531373,0.0011080615129798663,0.1491491933088813,0.0008543479432886449,0.16336677034769248,0.037081773850933246
264,1778141766.4588423,1778141766.4595685,1778141766.4595685,6.312194,0.7262229919433594,0.00247955322265625,0.00324249267578125,0.00743865966796875,-0.16689586639404297,-0.034142494201660156,-0.00476837158203125,0.09862039791565635,0.001108035531025012,0.14931722927099367,2.5501872554294027,-2.4593793220268365,2.0869935397018646,0.09862039791565635,0.001108035531025012,0.14931722927099367,0.0008276010122516941,0.16260428753006206,0.03707743936769013
265,1778141766.4688377,1778141766.469402,1778141766.469402,6.322458,0.5643367767333984,0.00247955322265625,0.00324249267578125,0.00743865966796875,-0.16727733612060547,-0.034142494201660156,-0.00476837158203125,0.0986142620028594,0.0011080200422453072,0.14927989394619634,2.5502906307164683,-2.4595066004950303,2.0862663939844146,0.0986142620028594,0.0011080200422453072,0.14927989394619634,0.0008409736398895064,0.162985528953177,0.03707960395787836
266,1778141766.478884,1778141766.4795759,1778141766.4795759,6.332747,0.6918907165527344,0.00247955322265625,0.00324249267578125,0.00743865966796875,-0.16727733612060547,-0.034142494201660156,-0.00476837158203125,0.0986142620028594,0.0011080200422453072,0.14927989394619634,2.5502906307164683,-2.4595066004950303,2.0862663939844146,0.0986142620028594,0.0011080200422453072,0.14927989394619634,0.0008409736398895064,0.162985528953177,0.03707960395787836
267,1778141766.4889014,1778141766.4896233,1778141766.4896233,6.343042,0.7219314575195312,0.00247955322265625,0.00324249267578125,0.00743865966796875,-0.16727733612060547,-0.034142494201660156,-0.00476837158203125,0.0986142620028594,0.0011080200422453072,0.14927989394619634,2.5502906307164683,-2.4595066004950303,2.0862663939844146,0.0986142620028594,0.0011080200422453072,0.14927989394619634,0.0008409736398895064,0.162985528953177,0.03707960395787836
268,1778141766.49885,1778141766.4996696,1778141766.4996696,6.353276,0.8194446563720703,0.00247955322265625,0.00324249267578125,0.00743865966796875,-0.16727733612060547,-0.034142494201660156,-0.00476837158203125,0.0986142620028594,0.0011080200422453072,0.14927989394619634,2.5502906307164683,-2.4595066004950303,2.0862663939844146,0.0986142620028594,0.0011080200422453072,0.14927989394619634,0.0008409736398895064,0.162985528953177,0.03707960395787836
269,1778141766.5088718,1778141766.5096056,1778141766.5096056,6.363659,0.7338523864746094,0.00247955322265625,0.00324249267578125,0.00743865966796875,-0.16727733612060547,-0.034142494201660156,-0.00476837158203125,0.0986142620028594,0.0011080200422453072,0.14927989394619634,2.5502906307164683,-2.4595066004950303,2.0862663939844146,0.0986142620028594,0.0011080200422453072,0.14927989394619634,0.0008409736398895064,0.162985528953177,0.03707960395787836
270,1778141766.5189812,1778141766.51977,1778141766.51977,6.373972,0.7886886596679688,0.00247955322265625,0.00324249267578125,0.00743865966796875,-0.16727733612060547,-0.034142494201660156,-0.00476837158203125,0.0986142620028594,0.0011080200422453072,0.14927989394619634,2.5502906307164683,-2.4595066004950303,2.0862663939844146,0.0986142620028594,0.0011080200422453072,0.14927989394619634,0.0008409736398895064,0.162985528953177,0.03707960395787836
271,1778141766.5288694,1778141766.5294461,1778141766.5294461,6.382206,0.5767345428466797,0.00247955322265625,0.00324249267578125,0.00743865966796875,-0.16727733612060547,-0.034142494201660156,-0.00476837158203125,0.0986142620028594,0.0011080200422453072,0.14927989394619634,2.5502906307164683,-2.4595066004950303,2.0862663939844146,0.0986142620028594,0.0011080200422453072,0.14927989394619634,0.0008409736398895064,0.162985528953177,0.03707960395787836
272,1778141766.5388534,1778141766.539355,1778141766.539355,6.392472,0.5016326904296875,0.00247955322265625,0.00324249267578125,0.00743865966796875,-0.16727733612060547,-0.034142494201660156,-0.00476837158203125,0.0986142620028594,0.0011080200422453072,0.14927989394619634,2.5502906307164683,-2.4595066004950303,2.0862663939844146,0.0986142620028594,0.0011080200422453072,0.14927989394619634,0.0008409736398895064,0.162985528953177,0.03707960395787836
273,1778141766.5488827,1778141766.5494857,1778141766.5494857,6.402783,0.6029605865478516,0.00247955322265625,0.00324249267578125,0.00705718994140625,-0.16727733612060547,-0.034142494201660156,-0.00476837158203125,0.09863137412531373,0.0011080615129798663,0.1491491933088813,2.5503938580129044,-2.4596337298462942,2.08553931537686,0.09863137412531373,0.0011080615129798663,0.1491491933088813,0.0008543479432886449,0.16336677034769248,0.037081773850933246
274,1778141766.5588694,1778141766.559684,1778141766.559684,6.413065,0.8146762847900391,0.00247955322265625,0.00324249267578125,0.00743865966796875,-0.16727733612060547,-0.034142494201660156,-0.00476837158203125,0.0986142620028594,0.0011080200422453072,0.14927989394619634,2.5502906307164683,-2.4595066004950303,2.0862663939844146,0.0986142620028594,0.0011080200422453072,0.14927989394619634,0.0008409736398895064,0.162985528953177,0.03707960395787836
275,1778141766.5689065,1778141766.56999,1778141766.56999,6.423353,1.0833740234375,0.00247955322265625,0.00324249267578125,0.00743865966796875,-0.16727733612060547,-0.034142494201660156,-0.00476837158203125,0.0986142620028594,0.0011080200422453072,0.14927989394619634,2.5502906307164683,-2.4595066004950303,2.0862663939844146,0.0986142620028594,0.0011080200422453072,0.14927989394619634,0.0008409736398895064,0.162985528953177,0.03707960395787836
276,1778141766.578858,1778141766.5797458,1778141766.5797458,6.433655,0.8878707885742188,0.00247955322265625,0.00324249267578125,0.00743865966796875,-0.16727733612060547,-0.034142494201660156,-0.00476837158203125,0.0986142620028594,0.0011080200422453072,0.14927989394619634,2.5502906307164683,-2.4595066004950303,2.0862663939844146,0.0986142620028594,0.0011080200422453072,0.14927989394619634,0.0008409736398895064,0.162985528953177,0.03707960395787836
277,1778141766.5888605,1778141766.5896702,1778141766.5896702,6.441896,0.8096694946289062,0.00247955322265625,0.00324249267578125,0.00743865966796875,-0.16689586639404297,-0.034142494201660156,-0.00476837158203125,0.0986142620028594,0.0011080200422453072,0.14927989394619634,2.5502906307164683,-2.4595066004950303,2.0862663939844146,0.0986142620028594,0.0011080200422453072,0.14927989394619634,0.0008409736398895064,0.162985528953177,0.03707960395787836
278,1778141766.5988796,1778141766.599581,1778141766.599581,6.452162,0.7014274597167969,0.00247955322265625,0.00324249267578125,0.00743865966796875,-0.16727733612060547,-0.034142494201660156,-0.00476837158203125,0.0986142620028594,0.0011080200422453072,0.14927989394619634,2.5502906307164683,-2.4595066004950303,2.0862663939844146,0.0986142620028594,0.0011080200422453072,0.14927989394619634,0.0008409736398895064,0.162985528953177,0.03707960395787836
279,1778141766.608851,1778141766.6094835,1778141766.6094835,6.462483,0.6325244903564453,0.00247955322265625,0.00324249267578125,0.00705718994140625,-0.16727733612060547,-0.034142494201660156,-0.00476837158203125,0.09863137412531373,0.0011080615129798663,0.1491491933088813,2.5503938580129044,-2.4596337298462942,2.08553931537686,0.09863137412531373,0.0011080615129798663,0.1491491933088813,0.0008543479432886449,0.16336677034769248,0.037081773850933246
280,1778141766.618865,1778141766.619847,1778141766.619847,6.472816,0.9820461273193359,0.00247955322265625,0.00324249267578125,0.00743865966796875,-0.16727733612060547,-0.034142494201660156,-0.00476837158203125,0.0986142620028594,0.0011080200422453072,0.14927989394619634,2.5502906307164683,-2.4595066004950303,2.0862663939844146,0.0986142620028594,0.0011080200422453072,0.14927989394619634,0.0008409736398895064,0.162985528953177,0.03707960395787836
281,1778141766.6288655,1778141766.6297083,1778141766.6297083,6.483068,0.8428096771240234,0.00247955322265625,0.00324249267578125,0.00743865966796875,-0.16727733612060547,-0.034142494201660156,-0.00476837158203125,0.0986142620028594,0.0011080200422453072,0.14927989394619634,2.5502906307164683,-2.4595066004950303,2.0862663939844146,0.0986142620028594,0.0011080200422453072,0.14927989394619634,0.0008409736398895064,0.162985528953177,0.03707960395787836
282,1778141766.6388862,1778141766.6400712,1778141766.6400712,6.493373,1.1849403381347656,0.00247955322265625,0.00324249267578125,0.00743865966796875,-0.16727733612060547,-0.034142494201660156,-0.00476837158203125,0.0986142620028594,0.0011080200422453072,0.14927989394619634,2.5502906307164683,-2.4595066004950303,2.0862663939844146,0.0986142620028594,0.0011080200422453072,0.14927989394619634,0.0008409736398895064,0.162985528953177,0.03707960395787836
283,1778141766.6488502,1778141766.64958,1778141766.64958,6.503664,0.7297992706298828,0.00247955322265625,0.00324249267578125,0.00743865966796875,-0.16727733612060547,-0.034142494201660156,-0.00476837158203125,0.0986142620028594,0.0011080200422453072,0.14927989394619634,2.5502906307164683,-2.4595066004950303,2.0862663939844146,0.0986142620028594,0.0011080200422453072,0.14927989394619634,0.0008409736398895064,0.162985528953177,0.03707960395787836
284,1778141766.6588838,1778141766.6596391,1778141766.6596391,6.514025,0.75531005859375,0.00247955322265625,0.00324249267578125,0.00743865966796875,-0.16727733612060547,-0.034142494201660156,-0.00476837158203125,0.0986142620028594,0.0011080200422453072,0.14927989394619634,2.5502906307164683,-2.4595066004950303,2.0862663939844146,0.0986142620028594,0.0011080200422453072,0.14927989394619634,0.0008409736398895064,0.162985528953177,0.03707960395787836
285,1778141766.6688552,1778141766.6695702,1778141766.6695702,6.522271,0.7150173187255859,0.00247955322265625,0.00324249267578125,0.00743865966796875,-0.16727733612060547,-0.034142494201660156,-0.00476837158203125,0.0986142620028594,0.0011080200422453072,0.14927989394619634,2.5502906307164683,-2.4595066004950303,2.0862663939844146,0.0986142620028594,0.0011080200422453072,0.14927989394619634,0.0008409736398895064,0.162985528953177,0.03707960395787836
286,1778141766.678884,1778141766.679922,1778141766.679922,6.532582,1.0380744934082031,0.00247955322265625,0.00324249267578125,0.00743865966796875,-0.16727733612060547,-0.034142494201660156,-0.00476837158203125,0.0986142620028594,0.0011080200422453072,0.14927989394619634,2.5502906307164683,-2.4595066004950303,2.0862663939844146,0.0986142620028594,0.0011080200422453072,0.14927989394619634,0.0008409736398895064,0.162985528953177,0.03707960395787836
287,1778141766.688873,1778141766.6898706,1778141766.6898706,6.542866,0.9975433349609375,0.00247955322265625,0.00324249267578125,0.00743865966796875,-0.16727733612060547,-0.034142494201660156,-0.00476837158203125,0.0986142620028594,0.0011080200422453072,0.14927989394619634,2.5502906307164683,-2.4595066004950303,2.0862663939844146,0.0986142620028594,0.0011080200422453072,0.14927989394619634,0.0008409736398895064,0.162985528953177,0.03707960395787836
288,1778141766.6988835,1778141766.7000325,1778141766.7000325,6.553151,1.1489391326904297,0.00247955322265625,0.00324249267578125,0.00743865966796875,-0.16727733612060547,-0.034142494201660156,-0.00476837158203125,0.0986142620028594,0.0011080200422453072,0.14927989394619634,2.5502906307164683,-2.4595066004950303,2.0862663939844146,0.0986142620028594,0.0011080200422453072,0.14927989394619634,0.0008409736398895064,0.162985528953177,0.03707960395787836
289,1778141766.7089872,1778141766.7094562,1778141766.7094562,6.563436,0.46896934509277344,0.00247955322265625,0.00324249267578125,0.00743865966796875,-0.16727733612060547,-0.034142494201660156,-0.00476837158203125,0.0986142620028594,0.0011080200422453072,0.14927989394619634,2.5502906307164683,-2.4595066004950303,2.0862663939844146,0.0986142620028594,0.0011080200422453072,0.14927989394619634,0.0008409736398895064,0.162985528953177,0.03707960395787836
290,1778141766.718856,1778141766.7194808,1778141766.7194808,6.573733,0.6246566772460938,0.00247955322265625,0.00324249267578125,0.00743865966796875,-0.16727733612060547,-0.034142494201660156,-0.00476837158203125,0.0986142620028594,0.0011080200422453072,0.14927989394619634,2.5502906307164683,-2.4595066004950303,2.0862663939844146,0.0986142620028594,0.0011080200422453072,0.14927989394619634,0.0008409736398895064,0.162985528953177,0.03707960395787836
291,1778141766.7288768,1778141766.729526,1778141766.729526,6.581989,0.6492137908935547,0.00247955322265625,0.00324249267578125,0.00743865966796875,-0.16727733612060547,-0.034142494201660156,-0.00476837158203125,0.0986142620028594,0.0011080200422453072,0.14927989394619634,2.5502906307164683,-2.4595066004950303,2.0862663939844146,0.0986142620028594,0.0011080200422453072,0.14927989394619634,0.0008409736398895064,0.162985528953177,0.03707960395787836
292,1778141766.738869,1778141766.7397642,1778141766.7397642,6.592285,0.8952617645263672,0.00247955322265625,0.00324249267578125,0.00743865966796875,-0.16727733612060547,-0.034142494201660156,-0.00476837158203125,0.0986142620028594,0.0011080200422453072,0.14927989394619634,2.5502906307164683,-2.4595066004950303,2.0862663939844146,0.0986142620028594,0.0011080200422453072,0.14927989394619634,0.0008409736398895064,0.162985528953177,0.03707960395787836
293,1778141766.748892,1778141766.750175,1778141766.750175,6.602537,1.2829303741455078,0.00247955322265625,0.00324249267578125,0.00743865966796875,-0.16727733612060547,-0.034142494201660156,-0.00476837158203125,0.0986142620028594,0.0011080200422453072,0.14927989394619634,2.5502906307164683,-2.4595066004950303,2.0862663939844146,0.0986142620028594,0.0011080200422453072,0.14927989394619634,0.0008409736398895064,0.162985528953177,0.03707960395787836
294,1778141766.7588637,1778141766.759738,1778141766.759738,6.612844,0.8742809295654297,0.00247955322265625,0.00324249267578125,0.00743865966796875,-0.16727733612060547,-0.034142494201660156,-0.00476837158203125,0.0986142620028594,0.0011080200422453072,0.14927989394619634,2.5502906307164683,-2.4595066004950303,2.0862663939844146,0.0986142620028594,0.0011080200422453072,0.14927989394619634,0.0008409736398895064,0.162985528953177,0.03707960395787836
295,1778141766.7688649,1778141766.769726,1778141766.769726,6.623167,0.8611679077148438,0.00247955322265625,0.00324249267578125,0.00743865966796875,-0.16727733612060547,-0.034142494201660156,-0.00476837158203125,0.0986142620028594,0.0011080200422453072,0.14927989394619634,2.5502906307164683,-2.4595066004950303,2.0862663939844146,0.0986142620028594,0.0011080200422453072,0.14927989394619634,0.0008409736398895064,0.162985528953177,0.03707960395787836
296,1778141766.7788594,1778141766.7800338,1778141766.7800338,6.633441,1.1744499206542969,0.00247955322265625,0.00324249267578125,0.00743865966796875,-0.16727733612060547,-0.034142494201660156,-0.00476837158203125,0.0986142620028594,0.0011080200422453072,0.14927989394619634,2.5502906307164683,-2.4595066004950303,2.0862663939844146,0.0986142620028594,0.0011080200422453072,0.14927989394619634,0.0008409736398895064,0.162985528953177,0.03707960395787836
297,1778141766.7889724,1778141766.789601,1778141766.789601,6.643761,0.6287097930908203,0.00247955322265625,0.00324249267578125,0.00705718994140625,-0.16727733612060547,-0.034142494201660156,-0.00476837158203125,0.09863137412531373,0.0011080615129798663,0.1491491933088813,2.5503938580129044,-2.4596337298462942,2.08553931537686,0.09863137412531373,0.0011080615129798663,0.1491491933088813,0.0008543479432886449,0.16336677034769248,0.037081773850933246
298,1778141766.7989793,1778141766.799603,1778141766.799603,6.65203,0.6237030029296875,0.00247955322265625,0.00324249267578125,0.00705718994140625,-0.16727733612060547,-0.034142494201660156,-0.00476837158203125,0.09863137412531373,0.0011080615129798663,0.1491491933088813,2.5503938580129044,-2.4596337298462942,2.08553931537686,0.09863137412531373,0.0011080615129798663,0.1491491933088813,0.0008543479432886449,0.16336677034769248,0.037081773850933246
299,1778141766.8088834,1778141766.8092916,1778141766.8092916,6.662275,0.408172607421875,0.00247955322265625,0.00324249267578125,0.00743865966796875,-0.16727733612060547,-0.034142494201660156,-0.00476837158203125,0.0986142620028594,0.0011080200422453072,0.14927989394619634,2.5502906307164683,-2.4595066004950303,2.0862663939844146,0.0986142620028594,0.0011080200422453072,0.14927989394619634,0.0008409736398895064,0.162985528953177,0.03707960395787836
300,1778141766.8189702,1778141766.8193228,1778141766.8193228,6.672667,0.35262107849121094,0.00247955322265625,0.00324249267578125,0.00705718994140625,-0.16727733612060547,-0.034142494201660156,-0.00476837158203125,0.09863137412531373,0.0011080615129798663,0.1491491933088813,2.5503938580129044,-2.4596337298462942,2.08553931537686,0.09863137412531373,0.0011080615129798663,0.1491491933088813,0.0008543479432886449,0.16336677034769248,0.037081773850933246
301,1778141766.8289137,1778141766.8297617,1778141766.8297617,6.682973,0.8480548858642578,0.00247955322265625,0.00324249267578125,0.00705718994140625,-0.16727733612060547,-0.034142494201660156,-0.00476837158203125,0.09863137412531373,0.0011080615129798663,0.1491491933088813,2.5503938580129044,-2.4596337298462942,2.08553931537686,0.09863137412531373,0.0011080615129798663,0.1491491933088813,0.0008543479432886449,0.16336677034769248,0.037081773850933246
302,1778141766.838981,1778141766.839696,1778141766.839696,6.693278,0.7150173187255859,0.00247955322265625,0.00324249267578125,0.00743865966796875,-0.16689586639404297,-0.034142494201660156,-0.00476837158203125,0.09862039791565635,0.001108035531025012,0.14931722927099367,2.5501872554294027,-2.4593793220268365,2.0869935397018646,0.09862039791565635,0.001108035531025012,0.14931722927099367,0.0008276010122516941,0.16260428753006206,0.03707743936769013
303,1778141766.8488579,1778141766.8496566,1778141766.8496566,6.70363,0.7987022399902344,0.00247955322265625,0.00324249267578125,0.00743865966796875,-0.16727733612060547,-0.034142494201660156,-0.00476837158203125,0.0986142620028594,0.0011080200422453072,0.14927989394619634,2.5502906307164683,-2.4595066004950303,2.0862663939844146,0.0986142620028594,0.0011080200422453072,0.14927989394619634,0.0008409736398895064,0.162985528953177,0.03707960395787836
304,1778141766.8588839,1778141766.859621,1778141766.859621,6.71387,0.7371902465820312,0.00247955322265625,0.00324249267578125,0.00743865966796875,-0.16727733612060547,-0.034142494201660156,-0.00476837158203125,0.0986142620028594,0.0011080200422453072,0.14927989394619634,2.5502906307164683,-2.4595066004950303,2.0862663939844146,0.0986142620028594,0.0011080200422453072,0.14927989394619634,0.0008409736398895064,0.162985528953177,0.03707960395787836
305,1778141766.868901,1778141766.8700116,1778141766.8700116,6.724152,1.1105537414550781,0.00247955322265625,0.00324249267578125,0.00743865966796875,-0.16727733612060547,-0.034142494201660156,-0.00476837158203125,0.0986142620028594,0.0011080200422453072,0.14927989394619634,2.5502906307164683,-2.4595066004950303,2.0862663939844146,0.0986142620028594,0.0011080200422453072,0.14927989394619634,0.0008409736398895064,0.162985528953177,0.03707960395787836
306,1778141766.8788605,1778141766.8795934,1778141766.8795934,6.732482,0.7328987121582031,0.00247955322265625,0.00324249267578125,0.00743865966796875,-0.16727733612060547,-0.034142494201660156,-0.00476837158203125,0.0986142620028594,0.0011080200422453072,0.14927989394619634,2.5502906307164683,-2.4595066004950303,2.0862663939844146,0.0986142620028594,0.0011080200422453072,0.14927989394619634,0.0008409736398895064,0.162985528953177,0.03707960395787836
307,1778141766.888903,1778141766.8898637,1778141766.8898637,6.742833,0.9608268737792969,0.00247955322265625,0.00324249267578125,0.00743865966796875,-0.16727733612060547,-0.034142494201660156,-0.00476837158203125,0.0986142620028594,0.0011080200422453072,0.14927989394619634,2.5502906307164683,-2.4595066004950303,2.0862663939844146,0.0986142620028594,0.0011080200422453072,0.14927989394619634,0.0008409736398895064,0.162985528953177,0.03707960395787836
308,1778141766.8988545,1778141766.899789,1778141766.899789,6.753222,0.934600830078125,0.00247955322265625,0.00324249267578125,0.00743865966796875,-0.16727733612060547,-0.034142494201660156,-0.00476837158203125,0.0986142620028594,0.0011080200422453072,0.14927989394619634,2.5502906307164683,-2.4595066004950303,2.0862663939844146,0.0986142620028594,0.0011080200422453072,0.14927989394619634,0.0008409736398895064,0.162985528953177,0.03707960395787836
309,1778141766.9089897,1778141766.909629,1778141766.909629,6.7635,0.6394386291503906,0.00247955322265625,0.00324249267578125,0.00743865966796875,-0.16727733612060547,-0.034142494201660156,-0.00476837158203125,0.0986142620028594,0.0011080200422453072,0.14927989394619634,2.5502906307164683,-2.4595066004950303,2.0862663939844146,0.0986142620028594,0.0011080200422453072,0.14927989394619634,0.0008409736398895064,0.162985528953177,0.03707960395787836
310,1778141766.9188812,1778141766.9197054,1778141766.9197054,6.773762,0.8242130279541016,0.00247955322265625,0.00324249267578125,0.00743865966796875,-0.16727733612060547,-0.034142494201660156,-0.00476837158203125,0.0986142620028594,0.0011080200422453072,0.14927989394619634,2.5502906307164683,-2.4595066004950303,2.0862663939844146,0.0986142620028594,0.0011080200422453072,0.14927989394619634,0.0008409736398895064,0.162985528953177,0.03707960395787836
311,1778141766.9288895,1778141766.929605,1778141766.929605,6.782029,0.7154941558837891,0.00247955322265625,0.00324249267578125,0.00743865966796875,-0.16727733612060547,-0.034142494201660156,-0.00476837158203125,0.0986142620028594,0.0011080200422453072,0.14927989394619634,2.5502906307164683,-2.4595066004950303,2.0862663939844146,0.0986142620028594,0.0011080200422453072,0.14927989394619634,0.0008409736398895064,0.162985528953177,0.03707960395787836
312,1778141766.9388566,1778141766.9397402,1778141766.9397402,6.792296,0.8835792541503906,0.00247955322265625,0.00324249267578125,0.00743865966796875,-0.16727733612060547,-0.034142494201660156,-0.00476837158203125,0.0986142620028594,0.0011080200422453072,0.14927989394619634,2.5502906307164683,-2.4595066004950303,2.0862663939844146,0.0986142620028594,0.0011080200422453072,0.14927989394619634,0.0008409736398895064,0.162985528953177,0.03707960395787836
313,1778141766.948974,1778141766.9498932,1778141766.9498932,6.802613,0.919342041015625,0.00247955322265625,0.00324249267578125,0.00705718994140625,-0.16727733612060547,-0.034142494201660156,-0.00476837158203125,0.09863137412531373,0.0011080615129798663,0.1491491933088813,2.5503938580129044,-2.4596337298462942,2.08553931537686,0.09863137412531373,0.0011080615129798663,0.1491491933088813,0.0008543479432886449,0.16336677034769248,0.037081773850933246
314,1778141766.9588978,1778141766.959863,1778141766.959863,6.81287,0.965118408203125,0.00247955322265625,0.00324249267578125,0.00705718994140625,-0.16727733612060547,-0.034142494201660156,-0.00476837158203125,0.09863137412531373,0.0011080615129798663,0.1491491933088813,2.5503938580129044,-2.4596337298462942,2.08553931537686,0.09863137412531373,0.0011080615129798663,0.1491491933088813,0.0008543479432886449,0.16336677034769248,0.037081773850933246
315,1778141766.9689906,1778141766.9695675,1778141766.9695675,6.823224,0.5769729614257812,0.00247955322265625,0.00324249267578125,0.00705718994140625,-0.16727733612060547,-0.034142494201660156,-0.00476837158203125,0.09863137412531373,0.0011080615129798663,0.1491491933088813,2.5503938580129044,-2.4596337298462942,2.08553931537686,0.09863137412531373,0.0011080615129798663,0.1491491933088813,0.0008543479432886449,0.16336677034769248,0.037081773850933246
316,1778141766.9790003,1778141766.9798539,1778141766.9798539,6.833553,0.8535385131835938,0.00247955322265625,0.00324249267578125,0.00743865966796875,-0.16727733612060547,-0.034142494201660156,-0.00476837158203125,0.0986142620028594,0.0011080200422453072,0.14927989394619634,2.5502906307164683,-2.4595066004950303,2.0862663939844146,0.0986142620028594,0.0011080200422453072,0.14927989394619634,0.0008409736398895064,0.162985528953177,0.03707960395787836
317,1778141766.9888506,1778141766.9893935,1778141766.9893935,6.841785,0.5428791046142578,0.00247955322265625,0.00324249267578125,0.00705718994140625,-0.16727733612060547,-0.034142494201660156,-0.00476837158203125,0.09863137412531373,0.0011080615129798663,0.1491491933088813,2.5503938580129044,-2.4596337298462942,2.08553931537686,0.09863137412531373,0.0011080615129798663,0.1491491933088813,0.0008543479432886449,0.16336677034769248,0.037081773850933246
318,1778141766.9990113,1778141767.0000846,1778141767.0000846,6.85212,1.0733604431152344,0.00247955322265625,0.00324249267578125,0.00743865966796875,-0.16727733612060547,-0.034142494201660156,-0.00476837158203125,0.0986142620028594,0.0011080200422453072,0.14927989394619634,2.5502906307164683,-2.4595066004950303,2.0862663939844146,0.0986142620028594,0.0011080200422453072,0.14927989394619634,0.0008409736398895064,0.162985528953177,0.03707960395787836
319,1778141767.0088832,1778141767.0096462,1778141767.0096462,6.86242,0.762939453125,0.00247955322265625,0.00324249267578125,0.00743865966796875,-0.16727733612060547,-0.034142494201660156,-0.00476837158203125,0.0986142620028594,0.0011080200422453072,0.14927989394619634,2.5502906307164683,-2.4595066004950303,2.0862663939844146,0.0986142620028594,0.0011080200422453072,0.14927989394619634,0.0008409736398895064,0.162985528953177,0.03707960395787836
320,1778141767.0188797,1778141767.0195012,1778141767.0195012,6.872665,0.6215572357177734,0.00247955322265625,0.00324249267578125,0.00743865966796875,-0.16727733612060547,-0.034142494201660156,-0.00476837158203125,0.0986142620028594,0.0011080200422453072,0.14927989394619634,2.5502906307164683,-2.4595066004950303,2.0862663939844146,0.0986142620028594,0.0011080200422453072,0.14927989394619634,0.0008409736398895064,0.162985528953177,0.03707960395787836
321,1778141767.0289066,1778141767.0296347,1778141767.0296347,6.883012,0.7281303405761719,0.00247955322265625,0.00324249267578125,0.00743865966796875,-0.16727733612060547,-0.034142494201660156,-0.00476837158203125,0.0986142620028594,0.0011080200422453072,0.14927989394619634,2.5502906307164683,-2.4595066004950303,2.0862663939844146,0.0986142620028594,0.0011080200422453072,0.14927989394619634,0.0008409736398895064,0.162985528953177,0.03707960395787836
322,1778141767.038875,1778141767.0402014,1778141767.0402014,6.893258,1.3263225555419922,0.00247955322265625,0.00324249267578125,0.00743865966796875,-0.16727733612060547,-0.034142494201660156,-0.00476837158203125,0.0986142620028594,0.0011080200422453072,0.14927989394619634,2.5502906307164683,-2.4595066004950303,2.0862663939844146,0.0986142620028594,0.0011080200422453072,0.14927989394619634,0.0008409736398895064,0.162985528953177,0.03707960395787836
323,1778141767.0488825,1778141767.04947,1778141767.04947,6.903547,0.58746337890625,0.00247955322265625,0.00324249267578125,0.00743865966796875,-0.16727733612060547,-0.034142494201660156,-0.00476837158203125,0.0986142620028594,0.0011080200422453072,0.14927989394619634,2.5502906307164683,-2.4595066004950303,2.0862663939844146,0.0986142620028594,0.0011080200422453072,0.14927989394619634,0.0008409736398895064,0.162985528953177,0.03707960395787836
324,1778141767.058891,1778141767.0596466,1778141767.0596466,6.913868,0.7555484771728516,0.00247955322265625,0.00324249267578125,0.00743865966796875,-0.16727733612060547,-0.034142494201660156,-0.00476837158203125,0.0986142620028594,0.0011080200422453072,0.14927989394619634,2.5502906307164683,-2.4595066004950303,2.0862663939844146,0.0986142620028594,0.0011080200422453072,0.14927989394619634,0.0008409736398895064,0.162985528953177,0.03707960395787836
325,1778141767.0688894,1778141767.069732,1778141767.069732,6.922209,0.8425712585449219,0.00247955322265625,0.00324249267578125,0.00743865966796875,-0.16727733612060547,-0.034142494201660156,-0.00476837158203125,0.0986142620028594,0.0011080200422453072,0.14927989394619634,2.5502906307164683,-2.4595066004950303,2.0862663939844146,0.0986142620028594,0.0011080200422453072,0.14927989394619634,0.0008409736398895064,0.162985528953177,0.03707960395787836
326,1778141767.0788581,1778141767.0792766,1778141767.0792766,6.93248,0.4184246063232422,0.00247955322265625,0.00324249267578125,0.00743865966796875,-0.16727733612060547,-0.034142494201660156,-0.00476837158203125,0.0986142620028594,0.0011080200422453072,0.14927989394619634,2.5502906307164683,-2.4595066004950303,2.0862663939844146,0.0986142620028594,0.0011080200422453072,0.14927989394619634,0.0008409736398895064,0.162985528953177,0.03707960395787836
327,1778141767.0888834,1778141767.0894797,1778141767.0894797,6.942829,0.5962848663330078,0.00247955322265625,0.00324249267578125,0.00743865966796875,-0.16727733612060547,-0.034142494201660156,-0.00476837158203125,0.0986142620028594,0.0011080200422453072,0.14927989394619634,2.5502906307164683,-2.4595066004950303,2.0862663939844146,0.0986142620028594,0.0011080200422453072,0.14927989394619634,0.0008409736398895064,0.162985528953177,0.03707960395787836
328,1778141767.098853,1778141767.0995069,1778141767.0995069,6.953169,0.6537437438964844,0.00247955322265625,0.00324249267578125,0.00743865966796875,-0.16727733612060547,-0.034142494201660156,-0.00476837158203125,0.0986142620028594,0.0011080200422453072,0.14927989394619634,2.5502906307164683,-2.4595066004950303,2.0862663939844146,0.0986142620028594,0.0011080200422453072,0.14927989394619634,0.0008409736398895064,0.162985528953177,0.03707960395787836
329,1778141767.1088495,1778141767.1093252,1778141767.1093252,6.963471,0.4756450653076172,0.00247955322265625,0.00324249267578125,0.00743865966796875,-0.16727733612060547,-0.034142494201660156,-0.00476837158203125,0.0986142620028594,0.0011080200422453072,0.14927989394619634,2.5502906307164683,-2.4595066004950303,2.0862663939844146,0.0986142620028594,0.0011080200422453072,0.14927989394619634,0.0008409736398895064,0.162985528953177,0.03707960395787836
330,1778141767.118854,1778141767.1192698,1778141767.1192698,6.973789,0.415802001953125,0.00247955322265625,0.00324249267578125,0.00705718994140625,-0.16727733612060547,-0.034142494201660156,-0.00476837158203125,0.09863137412531373,0.0011080615129798663,0.1491491933088813,2.5503938580129044,-2.4596337298462942,2.08553931537686,0.09863137412531373,0.0011080615129798663,0.1491491933088813,0.0008543479432886449,0.16336677034769248,0.037081773850933246
331,1778141767.128887,1778141767.129558,1778141767.129558,6.982068,0.6711483001708984,0.00247955322265625,0.00324249267578125,0.00743865966796875,-0.16727733612060547,-0.034142494201660156,-0.00476837158203125,0.0986142620028594,0.0011080200422453072,0.14927989394619634,2.5502906307164683,-2.4595066004950303,2.0862663939844146,0.0986142620028594,0.0011080200422453072,0.14927989394619634,0.0008409736398895064,0.162985528953177,0.03707960395787836
332,1778141767.1388526,1778141767.1393929,1778141767.1393929,6.992358,0.5402565002441406,0.00247955322265625,0.00324249267578125,0.00743865966796875,-0.16727733612060547,-0.034142494201660156,-0.00476837158203125,0.0986142620028594,0.0011080200422453072,0.14927989394619634,2.5502906307164683,-2.4595066004950303,2.0862663939844146,0.0986142620028594,0.0011080200422453072,0.14927989394619634,0.0008409736398895064,0.162985528953177,0.03707960395787836
333,1778141767.1488614,1778141767.1499379,1778141767.1499379,7.002665,1.0764598846435547,0.00247955322265625,0.00324249267578125,0.00705718994140625,-0.16727733612060547,-0.034142494201660156,-0.00476837158203125,0.09863137412531373,0.0011080615129798663,0.1491491933088813,2.5503938580129044,-2.4596337298462942,2.08553931537686,0.09863137412531373,0.0011080615129798663,0.1491491933088813,0.0008543479432886449,0.16336677034769248,0.037081773850933246
334,1778141767.158999,1778141767.159798,1778141767.159798,7.013008,0.7989406585693359,0.00247955322265625,0.00324249267578125,0.00743865966796875,-0.16727733612060547,-0.034142494201660156,-0.00476837158203125,0.0986142620028594,0.0011080200422453072,0.14927989394619634,2.5502906307164683,-2.4595066004950303,2.0862663939844146,0.0986142620028594,0.0011080200422453072,0.14927989394619634,0.0008409736398895064,0.162985528953177,0.03707960395787836
335,1778141767.1688778,1778141767.1698472,1778141767.1698472,7.023328,0.9694099426269531,0.00247955322265625,0.00324249267578125,0.00743865966796875,-0.16727733612060547,-0.034142494201660156,-0.00476837158203125,0.0986142620028594,0.0011080200422453072,0.14927989394619634,2.5502906307164683,-2.4595066004950303,2.0862663939844146,0.0986142620028594,0.0011080200422453072,0.14927989394619634,0.0008409736398895064,0.162985528953177,0.03707960395787836
336,1778141767.1788895,1778141767.1796038,1778141767.1796038,7.033578,0.7143020629882812,0.00247955322265625,0.00324249267578125,0.00743865966796875,-0.16727733612060547,-0.034142494201660156,-0.00476837158203125,0.0986142620028594,0.0011080200422453072,0.14927989394619634,2.5502906307164683,-2.4595066004950303,2.0862663939844146,0.0986142620028594,0.0011080200422453072,0.14927989394619634,0.0008409736398895064,0.162985528953177,0.03707960395787836
337,1778141767.1888783,1778141767.1899996,1778141767.1899996,7.043867,1.1212825775146484,0.00247955322265625,0.00324249267578125,0.00743865966796875,-0.16727733612060547,-0.034142494201660156,-0.00476837158203125,0.0986142620028594,0.0011080200422453072,0.14927989394619634,2.5502906307164683,-2.4595066004950303,2.0862663939844146,0.0986142620028594,0.0011080200422453072,0.14927989394619634,0.0008409736398895064,0.162985528953177,0.03707960395787836
338,1778141767.1988676,1778141767.199507,1778141767.199507,7.052169,0.6394386291503906,0.00247955322265625,0.00324249267578125,0.00743865966796875,-0.16727733612060547,-0.034142494201660156,-0.00476837158203125,0.0986142620028594,0.0011080200422453072,0.14927989394619634,2.5502906307164683,-2.4595066004950303,2.0862663939844146,0.0986142620028594,0.0011080200422453072,0.14927989394619634,0.0008409736398895064,0.162985528953177,0.03707960395787836
339,1778141767.2088823,1778141767.2100234,1778141767.2100234,7.062442,1.1410713195800781,0.00247955322265625,0.00324249267578125,0.00743865966796875,-0.16727733612060547,-0.034142494201660156,-0.00476837158203125,0.0986142620028594,0.0011080200422453072,0.14927989394619634,2.5502906307164683,-2.4595066004950303,2.0862663939844146,0.0986142620028594,0.0011080200422453072,0.14927989394619634,0.0008409736398895064,0.162985528953177,0.03707960395787836
340,1778141767.2188854,1778141767.2195663,1778141767.2195663,7.072769,0.6809234619140625,0.00247955322265625,0.00324249267578125,0.00743865966796875,-0.16727733612060547,-0.034142494201660156,-0.00476837158203125,0.0986142620028594,0.0011080200422453072,0.14927989394619634,2.5502906307164683,-2.4595066004950303,2.0862663939844146,0.0986142620028594,0.0011080200422453072,0.14927989394619634,0.0008409736398895064,0.162985528953177,0.03707960395787836
341,1778141767.2289946,1778141767.229739,1778141767.229739,7.08306,0.7443428039550781,0.00247955322265625,0.00324249267578125,0.00743865966796875,-0.16727733612060547,-0.034142494201660156,-0.00476837158203125,0.0986142620028594,0.0011080200422453072,0.14927989394619634,2.5502906307164683,-2.4595066004950303,2.0862663939844146,0.0986142620028594,0.0011080200422453072,0.14927989394619634,0.0008409736398895064,0.162985528953177,0.03707960395787836
342,1778141767.238883,1778141767.2400985,1778141767.2400985,7.093329,1.2154579162597656,0.00247955322265625,0.00324249267578125,0.00743865966796875,-0.16727733612060547,-0.034142494201660156,-0.00476837158203125,0.0986142620028594,0.0011080200422453072,0.14927989394619634,2.5502906307164683,-2.4595066004950303,2.0862663939844146,0.0986142620028594,0.0011080200422453072,0.14927989394619634,0.0008409736398895064,0.162985528953177,0.03707960395787836
343,1778141767.2489207,1778141767.250041,1778141767.250041,7.103647,1.1203289031982422,0.00247955322265625,0.00324249267578125,0.00743865966796875,-0.16727733612060547,-0.034142494201660156,-0.00476837158203125,0.0986142620028594,0.0011080200422453072,0.14927989394619634,2.5502906307164683,-2.4595066004950303,2.0862663939844146,0.0986142620028594,0.0011080200422453072,0.14927989394619634,0.0008409736398895064,0.162985528953177,0.03707960395787836
344,1778141767.2588582,1778141767.2593374,1778141767.2593374,7.111877,0.4792213439941406,0.00247955322265625,0.00324249267578125,0.00705718994140625,-0.16727733612060547,-0.034142494201660156,-0.00476837158203125,0.09863137412531373,0.0011080615129798663,0.1491491933088813,2.5503938580129044,-2.4596337298462942,2.08553931537686,0.09863137412531373,0.0011080615129798663,0.1491491933088813,0.0008543479432886449,0.16336677034769248,0.037081773850933246
345,1778141767.2689078,1778141767.2697513,1778141767.2697513,7.122142,0.8435249328613281,0.00247955322265625,0.00324249267578125,0.00743865966796875,-0.16727733612060547,-0.034142494201660156,-0.00476837158203125,0.0986142620028594,0.0011080200422453072,0.14927989394619634,2.5502906307164683,-2.4595066004950303,2.0862663939844146,0.0986142620028594,0.0011080200422453072,0.14927989394619634,0.0008409736398895064,0.162985528953177,0.03707960395787836
346,1778141767.2789683,1778141767.2796218,1778141767.2796218,7.132407,0.6535053253173828,0.00247955322265625,0.00324249267578125,0.00743865966796875,-0.16727733612060547,-0.034142494201660156,-0.00476837158203125,0.0986142620028594,0.0011080200422453072,0.14927989394619634,2.5502906307164683,-2.4595066004950303,2.0862663939844146,0.0986142620028594,0.0011080200422453072,0.14927989394619634,0.0008409736398895064,0.162985528953177,0.03707960395787836
347,1778141767.2889023,1778141767.2898335,1778141767.2898335,7.142664,0.9312629699707031,0.00247955322265625,0.00324249267578125,0.00705718994140625,-0.16727733612060547,-0.034142494201660156,-0.00476837158203125,0.09863137412531373,0.0011080615129798663,0.1491491933088813,2.5503938580129044,-2.4596337298462942,2.08553931537686,0.09863137412531373,0.0011080615129798663,0.1491491933088813,0.0008543479432886449,0.16336677034769248,0.037081773850933246
348,1778141767.2988758,1778141767.299466,1778141767.299466,7.153031,0.5900859832763672,0.00247955322265625,0.00324249267578125,0.00743865966796875,-0.16727733612060547,-0.034142494201660156,-0.00476837158203125,0.0986142620028594,0.0011080200422453072,0.14927989394619634,2.5502906307164683,-2.4595066004950303,2.0862663939844146,0.0986142620028594,0.0011080200422453072,0.14927989394619634,0.0008409736398895064,0.162985528953177,0.03707960395787836
349,1778141767.3088896,1778141767.3094032,1778141767.3094032,7.163331,0.5135536193847656,0.00247955322265625,0.00324249267578125,0.00705718994140625,-0.16727733612060547,-0.034142494201660156,-0.00476837158203125,0.09863137412531373,0.0011080615129798663,0.1491491933088813,2.5503938580129044,-2.4596337298462942,2.08553931537686,0.09863137412531373,0.0011080615129798663,0.1491491933088813,0.0008543479432886449,0.16336677034769248,0.037081773850933246
350,1778141767.3188581,1778141767.3191671,1778141767.3191671,7.17363,0.308990478515625,0.00247955322265625,0.00324249267578125,0.00743865966796875,-0.16727733612060547,-0.034142494201660156,-0.00476837158203125,0.0986142620028594,0.0011080200422453072,0.14927989394619634,2.5502906307164683,-2.4595066004950303,2.0862663939844146,0.0986142620028594,0.0011080200422453072,0.14927989394619634,0.0008409736398895064,0.162985528953177,0.03707960395787836
351,1778141767.3288538,1778141767.329203,1778141767.329203,7.181864,0.3490447998046875,0.00247955322265625,0.00324249267578125,0.00743865966796875,-0.16727733612060547,-0.034142494201660156,-0.00476837158203125,0.0986142620028594,0.0011080200422453072,0.14927989394619634,2.5502906307164683,-2.4595066004950303,2.0862663939844146,0.0986142620028594,0.0011080200422453072,0.14927989394619634,0.0008409736398895064,0.162985528953177,0.03707960395787836
352,1778141767.3388925,1778141767.339717,1778141767.339717,7.192136,0.8244514465332031,0.00247955322265625,0.00324249267578125,0.00743865966796875,-0.16727733612060547,-0.034142494201660156,-0.00476837158203125,0.0986142620028594,0.0011080200422453072,0.14927989394619634,2.5502906307164683,-2.4595066004950303,2.0862663939844146,0.0986142620028594,0.0011080200422453072,0.14927989394619634,0.0008409736398895064,0.162985528953177,0.03707960395787836
353,1778141767.3488517,1778141767.3495522,1778141767.3495522,7.20243,0.7004737854003906,0.00247955322265625,0.00324249267578125,0.00705718994140625,-0.16727733612060547,-0.034142494201660156,-0.00476837158203125,0.09863137412531373,0.0011080615129798663,0.1491491933088813,2.5503938580129044,-2.4596337298462942,2.08553931537686,0.09863137412531373,0.0011080615129798663,0.1491491933088813,0.0008543479432886449,0.16336677034769248,0.037081773850933246
354,1778141767.3588724,1778141767.3595653,1778141767.3595653,7.212887,0.6928443908691406,0.00247955322265625,0.00324249267578125,0.00743865966796875,-0.16727733612060547,-0.034142494201660156,-0.00476837158203125,0.0986142620028594,0.0011080200422453072,0.14927989394619634,2.5502906307164683,-2.4595066004950303,2.0862663939844146,0.0986142620028594,0.0011080200422453072,0.14927989394619634,0.0008409736398895064,0.162985528953177,0.03707960395787836
355,1778141767.3688893,1778141767.3694794,1778141767.3694794,7.223048,0.5900859832763672,0.00247955322265625,0.00324249267578125,0.00743865966796875,-0.16727733612060547,-0.034142494201660156,-0.00476837158203125,0.0986142620028594,0.0011080200422453072,0.14927989394619634,2.5502906307164683,-2.4595066004950303,2.0862663939844146,0.0986142620028594,0.0011080200422453072,0.14927989394619634,0.0008409736398895064,0.162985528953177,0.03707960395787836
356,1778141767.3788795,1778141767.3793185,1778141767.3793185,7.233273,0.43892860412597656,0.00247955322265625,0.00324249267578125,0.00743865966796875,-0.16727733612060547,-0.034142494201660156,-0.00476837158203125,0.0986142620028594,0.0011080200422453072,0.14927989394619634,2.5502906307164683,-2.4595066004950303,2.0862663939844146,0.0986142620028594,0.0011080200422453072,0.14927989394619634,0.0008409736398895064,0.162985528953177,0.03707960395787836
357,1778141767.3888624,1778141767.3895912,1778141767.3895912,7.243609,0.7288455963134766,0.00247955322265625,0.00324249267578125,0.00705718994140625,-0.16727733612060547,-0.034142494201660156,-0.00476837158203125,0.09863137412531373,0.0011080615129798663,0.1491491933088813,2.5503938580129044,-2.4596337298462942,2.08553931537686,0.09863137412531373,0.0011080615129798663,0.1491491933088813,0.0008543479432886449,0.16336677034769248,0.037081773850933246
358,1778141767.3988667,1778141767.3999162,1778141767.3999162,7.253938,1.0495185852050781,0.00247955322265625,0.00324249267578125,0.00743865966796875,-0.16727733612060547,-0.034142494201660156,-0.00476837158203125,0.0986142620028594,0.0011080200422453072,0.14927989394619634,2.5502906307164683,-2.4595066004950303,2.0862663939844146,0.0986142620028594,0.0011080200422453072,0.14927989394619634,0.0008409736398895064,0.162985528953177,0.03707960395787836
359,1778141767.4089124,1778141767.4098039,1778141767.4098039,7.262204,0.8914470672607422,0.00247955322265625,0.00324249267578125,0.00743865966796875,-0.16727733612060547,-0.034142494201660156,-0.00476837158203125,0.0986142620028594,0.0011080200422453072,0.14927989394619634,2.5502906307164683,-2.4595066004950303,2.0862663939844146,0.0986142620028594,0.0011080200422453072,0.14927989394619634,0.0008409736398895064,0.162985528953177,0.03707960395787836
360,1778141767.4188652,1778141767.420079,1778141767.420079,7.272455,1.2137889862060547,0.00247955322265625,0.00324249267578125,0.00743865966796875,-0.16727733612060547,-0.034142494201660156,-0.00476837158203125,0.0986142620028594,0.0011080200422453072,0.14927989394619634,2.5502906307164683,-2.4595066004950303,2.0862663939844146,0.0986142620028594,0.0011080200422453072,0.14927989394619634,0.0008409736398895064,0.162985528953177,0.03707960395787836
361,1778141767.428853,1778141767.429403,1778141767.429403,7.282785,0.5500316619873047,0.00247955322265625,0.00324249267578125,0.00743865966796875,-0.16727733612060547,-0.034142494201660156,-0.00476837158203125,0.0986142620028594,0.0011080200422453072,0.14927989394619634,2.5502906307164683,-2.4595066004950303,2.0862663939844146,0.0986142620028594,0.0011080200422453072,0.14927989394619634,0.0008409736398895064,0.162985528953177,0.03707960395787836
362,1778141767.4388716,1778141767.4399016,1778141767.4399016,7.293124,1.02996826171875,0.00247955322265625,0.00324249267578125,0.00743865966796875,-0.16727733612060547,-0.034142494201660156,-0.00476837158203125,0.0986142620028594,0.0011080200422453072,0.14927989394619634,2.5502906307164683,-2.4595066004950303,2.0862663939844146,0.0986142620028594,0.0011080200422453072,0.14927989394619634,0.0008409736398895064,0.162985528953177,0.03707960395787836
363,1778141767.448878,1778141767.450148,1778141767.450148,7.303399,1.2700557708740234,0.00247955322265625,0.00324249267578125,0.00743865966796875,-0.16727733612060547,-0.034142494201660156,-0.00476837158203125,0.0986142620028594,0.0011080200422453072,0.14927989394619634,2.5502906307164683,-2.4595066004950303,2.0862663939844146,0.0986142620028594,0.0011080200422453072,0.14927989394619634,0.0008409736398895064,0.162985528953177,0.03707960395787836
364,1778141767.458883,1778141767.4597862,1778141767.4597862,7.313664,0.9031295776367188,0.00247955322265625,0.00324249267578125,0.00705718994140625,-0.16727733612060547,-0.034142494201660156,-0.00476837158203125,0.09863137412531373,0.0011080615129798663,0.1491491933088813,2.5503938580129044,-2.4596337298462942,2.08553931537686,0.09863137412531373,0.0011080615129798663,0.1491491933088813,0.0008543479432886449,0.16336677034769248,0.037081773850933246
365,1778141767.4688606,1778141767.4697058,1778141767.4697058,7.321964,0.8451938629150391,0.00247955322265625,0.00324249267578125,0.00743865966796875,-0.16727733612060547,-0.034142494201660156,-0.00476837158203125,0.0986142620028594,0.0011080200422453072,0.14927989394619634,2.5502906307164683,-2.4595066004950303,2.0862663939844146,0.0986142620028594,0.0011080200422453072,0.14927989394619634,0.0008409736398895064,0.162985528953177,0.03707960395787836
366,1778141767.4788618,1778141767.4799628,1778141767.4799628,7.332265,1.1010169982910156,0.00247955322265625,0.00324249267578125,0.00743865966796875,-0.16727733612060547,-0.034142494201660156,-0.00476837158203125,0.0986142620028594,0.0011080200422453072,0.14927989394619634,2.5502906307164683,-2.4595066004950303,2.0862663939844146,0.0986142620028594,0.0011080200422453072,0.14927989394619634,0.0008409736398895064,0.162985528953177,0.03707960395787836
367,1778141767.48888,1778141767.4895396,1778141767.4895396,7.342615,0.6597042083740234,0.00247955322265625,0.00324249267578125,0.00705718994140625,-0.16727733612060547,-0.034142494201660156,-0.00476837158203125,0.09863137412531373,0.0011080615129798663,0.1491491933088813,2.5503938580129044,-2.4596337298462942,2.08553931537686,0.09863137412531373,0.0011080615129798663,0.1491491933088813,0.0008543479432886449,0.16336677034769248,0.037081773850933246
368,1778141767.4988759,1778141767.4995973,1778141767.4995973,7.352873,0.7214546203613281,0.00247955322265625,0.00324249267578125,0.00705718994140625,-0.16727733612060547,-0.034142494201660156,-0.00476837158203125,0.09863137412531373,0.0011080615129798663,0.1491491933088813,2.5503938580129044,-2.4596337298462942,2.08553931537686,0.09863137412531373,0.0011080615129798663,0.1491491933088813,0.0008543479432886449,0.16336677034769248,0.037081773850933246
369,1778141767.5089076,1778141767.5097697,1778141767.5097697,7.363242,0.86212158203125,0.00247955322265625,0.00324249267578125,0.00743865966796875,-0.16727733612060547,-0.034142494201660156,-0.00476837158203125,0.0986142620028594,0.0011080200422453072,0.14927989394619634,2.5502906307164683,-2.4595066004950303,2.0862663939844146,0.0986142620028594,0.0011080200422453072,0.14927989394619634,0.0008409736398895064,0.162985528953177,0.03707960395787836
370,1778141767.5190094,1778141767.519817,1778141767.519817,7.37355,0.8077621459960938,0.00247955322265625,0.00324249267578125,0.00743865966796875,-0.16727733612060547,-0.034142494201660156,-0.00476837158203125,0.0986142620028594,0.0011080200422453072,0.14927989394619634,2.5502906307164683,-2.4595066004950303,2.0862663939844146,0.0986142620028594,0.0011080200422453072,0.14927989394619634,0.0008409736398895064,0.162985528953177,0.03707960395787836
371,1778141767.5289032,1778141767.5299957,1778141767.5299957,7.383843,1.0924339294433594,0.00247955322265625,0.00324249267578125,0.00743865966796875,-0.16727733612060547,-0.034142494201660156,-0.00476837158203125,0.0986142620028594,0.0011080200422453072,0.14927989394619634,2.5502906307164683,-2.4595066004950303,2.0862663939844146,0.0986142620028594,0.0011080200422453072,0.14927989394619634,0.0008409736398895064,0.162985528953177,0.03707960395787836
372,1778141767.5389879,1778141767.540103,1778141767.540103,7.394233,1.1150836944580078,0.00247955322265625,0.00324249267578125,0.00743865966796875,-0.16727733612060547,-0.034142494201660156,-0.00476837158203125,0.0986142620028594,0.0011080200422453072,0.14927989394619634,2.5502906307164683,-2.4595066004950303,2.0862663939844146,0.0986142620028594,0.0011080200422453072,0.14927989394619634,0.0008409736398895064,0.162985528953177,0.03707960395787836
373,1778141767.5488513,1778141767.549516,1778141767.549516,7.402456,0.6647109985351562,0.00247955322265625,0.00324249267578125,0.00705718994140625,-0.16727733612060547,-0.034142494201660156,-0.00476837158203125,0.09863137412531373,0.0011080615129798663,0.1491491933088813,2.5503938580129044,-2.4596337298462942,2.08553931537686,0.09863137412531373,0.0011080615129798663,0.1491491933088813,0.0008543479432886449,0.16336677034769248,0.037081773850933246
374,1778141767.5588868,1778141767.559395,1778141767.559395,7.412766,0.5083084106445312,0.00247955322265625,0.00324249267578125,0.00743865966796875,-0.16727733612060547,-0.034142494201660156,-0.00476837158203125,0.0986142620028594,0.0011080200422453072,0.14927989394619634,2.5502906307164683,-2.4595066004950303,2.0862663939844146,0.0986142620028594,0.0011080200422453072,0.14927989394619634,0.0008409736398895064,0.162985528953177,0.03707960395787836
375,1778141767.5688481,1778141767.5698152,1778141767.5698152,7.423067,0.9670257568359375,0.00247955322265625,0.00324249267578125,0.00743865966796875,-0.16727733612060547,-0.034142494201660156,-0.00476837158203125,0.0986142620028594,0.0011080200422453072,0.14927989394619634,2.5502906307164683,-2.4595066004950303,2.0862663939844146,0.0986142620028594,0.0011080200422453072,0.14927989394619634,0.0008409736398895064,0.162985528953177,0.03707960395787836
376,1778141767.5788615,1778141767.5794148,1778141767.5794148,7.433368,0.5533695220947266,0.00247955322265625,0.00324249267578125,0.00743865966796875,-0.16727733612060547,-0.034142494201660156,-0.00476837158203125,0.0986142620028594,0.0011080200422453072,0.14927989394619634,2.5502906307164683,-2.4595066004950303,2.0862663939844146,0.0986142620028594,0.0011080200422453072,0.14927989394619634,0.0008409736398895064,0.162985528953177,0.03707960395787836
377,1778141767.588886,1778141767.5895617,1778141767.5895617,7.443684,0.6756782531738281,0.00247955322265625,0.00324249267578125,0.00705718994140625,-0.16727733612060547,-0.034142494201660156,-0.00476837158203125,0.09863137412531373,0.0011080615129798663,0.1491491933088813,2.5503938580129044,-2.4596337298462942,2.08553931537686,0.09863137412531373,0.0011080615129798663,0.1491491933088813,0.0008543479432886449,0.16336677034769248,0.037081773850933246
378,1778141767.5988913,1778141767.599869,1778141767.599869,7.452006,0.9777545928955078,0.00247955322265625,0.00324249267578125,0.00743865966796875,-0.16727733612060547,-0.034142494201660156,-0.00476837158203125,0.0986142620028594,0.0011080200422453072,0.14927989394619634,2.5502906307164683,-2.4595066004950303,2.0862663939844146,0.0986142620028594,0.0011080200422453072,0.14927989394619634,0.0008409736398895064,0.162985528953177,0.03707960395787836
379,1778141767.6088715,1778141767.6094563,1778141767.6094563,7.46221,0.5848407745361328,0.00247955322265625,0.00324249267578125,0.00705718994140625,-0.16727733612060547,-0.034142494201660156,-0.00476837158203125,0.09863137412531373,0.0011080615129798663,0.1491491933088813,2.5503938580129044,-2.4596337298462942,2.08553931537686,0.09863137412531373,0.0011080615129798663,0.1491491933088813,0.0008543479432886449,0.16336677034769248,0.037081773850933246
380,1778141767.618848,1778141767.619299,1778141767.619299,7.472473,0.4508495330810547,0.00247955322265625,0.00324249267578125,0.00743865966796875,-0.16727733612060547,-0.034142494201660156,-0.00476837158203125,0.0986142620028594,0.0011080200422453072,0.14927989394619634,2.5502906307164683,-2.4595066004950303,2.0862663939844146,0.0986142620028594,0.0011080200422453072,0.14927989394619634,0.0008409736398895064,0.162985528953177,0.03707960395787836
381,1778141767.62888,1778141767.6294708,1778141767.6294708,7.482846,0.5908012390136719,0.00247955322265625,0.00324249267578125,0.00743865966796875,-0.16727733612060547,-0.034142494201660156,-0.00476837158203125,0.0986142620028594,0.0011080200422453072,0.14927989394619634,2.5502906307164683,-2.4595066004950303,2.0862663939844146,0.0986142620028594,0.0011080200422453072,0.14927989394619634,0.0008409736398895064,0.162985528953177,0.03707960395787836
382,1778141767.6388648,1778141767.6397362,1778141767.6397362,7.493148,0.8714199066162109,0.00247955322265625,0.00324249267578125,0.00743865966796875,-0.16727733612060547,-0.034142494201660156,-0.00476837158203125,0.0986142620028594,0.0011080200422453072,0.14927989394619634,2.5502906307164683,-2.4595066004950303,2.0862663939844146,0.0986142620028594,0.0011080200422453072,0.14927989394619634,0.0008409736398895064,0.162985528953177,0.03707960395787836
383,1778141767.6488934,1778141767.6500924,1778141767.6500924,7.503428,1.1990070343017578,0.00247955322265625,0.00324249267578125,0.00705718994140625,-0.16727733612060547,-0.034142494201660156,-0.00476837158203125,0.09863137412531373,0.0011080615129798663,0.1491491933088813,2.5503938580129044,-2.4596337298462942,2.08553931537686,0.09863137412531373,0.0011080615129798663,0.1491491933088813,0.0008543479432886449,0.16336677034769248,0.037081773850933246
384,1778141767.658991,1778141767.6595206,1778141767.6595206,7.513741,0.5295276641845703,0.00247955322265625,0.00324249267578125,0.00743865966796875,-0.16727733612060547,-0.034142494201660156,-0.00476837158203125,0.0986142620028594,0.0011080200422453072,0.14927989394619634,2.5502906307164683,-2.4595066004950303,2.0862663939844146,0.0986142620028594,0.0011080200422453072,0.14927989394619634,0.0008409736398895064,0.162985528953177,0.03707960395787836
385,1778141767.6688826,1778141767.6698303,1778141767.6698303,7.521977,0.9477138519287109,0.00247955322265625,0.00324249267578125,0.00743865966796875,-0.16727733612060547,-0.034142494201660156,-0.00476837158203125,0.0986142620028594,0.0011080200422453072,0.14927989394619634,2.5502906307164683,-2.4595066004950303,2.0862663939844146,0.0986142620028594,0.0011080200422453072,0.14927989394619634,0.0008409736398895064,0.162985528953177,0.03707960395787836
386,1778141767.6788685,1778141767.6799848,1778141767.6799848,7.532221,1.1162757873535156,0.00247955322265625,0.00324249267578125,0.00743865966796875,-0.16727733612060547,-0.034142494201660156,-0.00476837158203125,0.0986142620028594,0.0011080200422453072,0.14927989394619634,2.5502906307164683,-2.4595066004950303,2.0862663939844146,0.0986142620028594,0.0011080200422453072,0.14927989394619634,0.0008409736398895064,0.162985528953177,0.03707960395787836
387,1778141767.6888876,1778141767.6895888,1778141767.6895888,7.542546,0.7011890411376953,0.00247955322265625,0.00324249267578125,0.00705718994140625,-0.16727733612060547,-0.034142494201660156,-0.00476837158203125,0.09863137412531373,0.0011080615129798663,0.1491491933088813,2.5503938580129044,-2.4596337298462942,2.08553931537686,0.09863137412531373,0.0011080615129798663,0.1491491933088813,0.0008543479432886449,0.16336677034769248,0.037081773850933246
388,1778141767.6988564,1778141767.699393,1778141767.699393,7.552971,0.5366802215576172,0.00247955322265625,0.00324249267578125,0.00705718994140625,-0.16727733612060547,-0.034142494201660156,-0.00476837158203125,0.09863137412531373,0.0011080615129798663,0.1491491933088813,2.5503938580129044,-2.4596337298462942,2.08553931537686,0.09863137412531373,0.0011080615129798663,0.1491491933088813,0.0008543479432886449,0.16336677034769248,0.037081773850933246
389,1778141767.708885,1778141767.7097,1778141767.7097,7.563232,0.8151531219482422,0.00247955322265625,0.00324249267578125,0.00743865966796875,-0.16727733612060547,-0.034142494201660156,-0.00476837158203125,0.0986142620028594,0.0011080200422453072,0.14927989394619634,2.5502906307164683,-2.4595066004950303,2.0862663939844146,0.0986142620028594,0.0011080200422453072,0.14927989394619634,0.0008409736398895064,0.162985528953177,0.03707960395787836
390,1778141767.718889,1778141767.7198038,1778141767.7198038,7.573472,0.9148120880126953,0.00247955322265625,0.00324249267578125,0.00743865966796875,-0.16727733612060547,-0.034142494201660156,-0.00476837158203125,0.0986142620028594,0.0011080200422453072,0.14927989394619634,2.5502906307164683,-2.4595066004950303,2.0862663939844146,0.0986142620028594,0.0011080200422453072,0.14927989394619634,0.0008409736398895064,0.162985528953177,0.03707960395787836
391,1778141767.7289999,1778141767.7298028,1778141767.7298028,7.583842,0.8029937744140625,0.00247955322265625,0.00324249267578125,0.00743865966796875,-0.16727733612060547,-0.034142494201660156,-0.00476837158203125,0.0986142620028594,0.0011080200422453072,0.14927989394619634,2.5502906307164683,-2.4595066004950303,2.0862663939844146,0.0986142620028594,0.0011080200422453072,0.14927989394619634,0.0008409736398895064,0.162985528953177,0.03707960395787836
392,1778141767.7388542,1778141767.7392988,1778141767.7392988,7.592071,0.44465065002441406,0.00247955322265625,0.00324249267578125,0.00743865966796875,-0.16727733612060547,-0.034142494201660156,-0.00476837158203125,0.0986142620028594,0.0011080200422453072,0.14927989394619634,2.5502906307164683,-2.4595066004950303,2.0862663939844146,0.0986142620028594,0.0011080200422453072,0.14927989394619634,0.0008409736398895064,0.162985528953177,0.03707960395787836
393,1778141767.7489913,1778141767.7494512,1778141767.7494512,7.60227,0.45990943908691406,0.00247955322265625,0.00324249267578125,0.00743865966796875,-0.16727733612060547,-0.034142494201660156,-0.00476837158203125,0.0986142620028594,0.0011080200422453072,0.14927989394619634,2.5502906307164683,-2.4595066004950303,2.0862663939844146,0.0986142620028594,0.0011080200422453072,0.14927989394619634,0.0008409736398895064,0.162985528953177,0.03707960395787836
394,1778141767.758858,1778141767.7593467,1778141767.7593467,7.612619,0.4887580871582031,0.00247955322265625,0.00324249267578125,0.00743865966796875,-0.16727733612060547,-0.034142494201660156,-0.00476837158203125,0.0986142620028594,0.0011080200422453072,0.14927989394619634,2.5502906307164683,-2.4595066004950303,2.0862663939844146,0.0986142620028594,0.0011080200422453072,0.14927989394619634,0.0008409736398895064,0.162985528953177,0.03707960395787836
395,1778141767.7688897,1778141767.7694335,1778141767.7694335,7.622865,0.5438327789306641,0.00247955322265625,0.00324249267578125,0.00743865966796875,-0.16727733612060547,-0.034142494201660156,-0.00476837158203125,0.0986142620028594,0.0011080200422453072,0.14927989394619634,2.5502906307164683,-2.4595066004950303,2.0862663939844146,0.0986142620028594,0.0011080200422453072,0.14927989394619634,0.0008409736398895064,0.162985528953177,0.03707960395787836
396,1778141767.7789037,1778141767.7797103,1778141767.7797103,7.633218,0.8065700531005859,0.00247955322265625,0.00324249267578125,0.00743865966796875,-0.16727733612060547,-0.034142494201660156,-0.00476837158203125,0.0986142620028594,0.0011080200422453072,0.14927989394619634,2.5502906307164683,-2.4595066004950303,2.0862663939844146,0.0986142620028594,0.0011080200422453072,0.14927989394619634,0.0008409736398895064,0.162985528953177,0.03707960395787836
397,1778141767.7890024,1778141767.789678,1778141767.789678,7.643476,0.6756782531738281,0.00247955322265625,0.00324249267578125,0.00743865966796875,-0.16727733612060547,-0.034142494201660156,-0.00476837158203125,0.0986142620028594,0.0011080200422453072,0.14927989394619634,2.5502906307164683,-2.4595066004950303,2.0862663939844146,0.0986142620028594,0.0011080200422453072,0.14927989394619634,0.0008409736398895064,0.162985528953177,0.03707960395787836
398,1778141767.798863,1778141767.7995749,1778141767.7995749,7.653782,0.7119178771972656,0.00247955322265625,0.00324249267578125,0.00705718994140625,-0.16727733612060547,-0.034142494201660156,-0.00476837158203125,0.09863137412531373,0.0011080615129798663,0.1491491933088813,2.5503938580129044,-2.4596337298462942,2.08553931537686,0.09863137412531373,0.0011080615129798663,0.1491491933088813,0.0008543479432886449,0.16336677034769248,0.037081773850933246
399,1778141767.8089004,1778141767.8097692,1778141767.8097692,7.662042,0.8687973022460938,0.00247955322265625,0.00324249267578125,0.00743865966796875,-0.16727733612060547,-0.034142494201660156,-0.00476837158203125,0.0986142620028594,0.0011080200422453072,0.14927989394619634,2.5502906307164683,-2.4595066004950303,2.0862663939844146,0.0986142620028594,0.0011080200422453072,0.14927989394619634,0.0008409736398895064,0.162985528953177,0.03707960395787836
400,1778141767.818882,1778141767.819676,1778141767.819676,7.672271,0.7939338684082031,0.00247955322265625,0.00324249267578125,0.00743865966796875,-0.16689586639404297,-0.034142494201660156,-0.00476837158203125,0.09862039791565635,0.001108035531025012,0.14931722927099367,2.5501872554294027,-2.4593793220268365,2.0869935397018646,0.09862039791565635,0.001108035531025012,0.14931722927099367,0.0008276010122516941,0.16260428753006206,0.03707743936769013
401,1778141767.8289022,1778141767.829538,1778141767.829538,7.682624,0.6358623504638672,0.00247955322265625,0.00324249267578125,0.00743865966796875,-0.16727733612060547,-0.034142494201660156,-0.00476837158203125,0.0986142620028594,0.0011080200422453072,0.14927989394619634,2.5502906307164683,-2.4595066004950303,2.0862663939844146,0.0986142620028594,0.0011080200422453072,0.14927989394619634,0.0008409736398895064,0.162985528953177,0.03707960395787836
402,1778141767.8388746,1778141767.8394985,1778141767.8394985,7.692941,0.6239414215087891,0.00247955322265625,0.00324249267578125,0.00743865966796875,-0.16727733612060547,-0.034142494201660156,-0.00476837158203125,0.0986142620028594,0.0011080200422453072,0.14927989394619634,2.5502906307164683,-2.4595066004950303,2.0862663939844146,0.0986142620028594,0.0011080200422453072,0.14927989394619634,0.0008409736398895064,0.162985528953177,0.03707960395787836
403,1778141767.8488748,1778141767.8500974,1778141767.8500974,7.703195,1.2226104736328125,0.00247955322265625,0.00324249267578125,0.00743865966796875,-0.16727733612060547,-0.034142494201660156,-0.00476837158203125,0.0986142620028594,0.0011080200422453072,0.14927989394619634,2.5502906307164683,-2.4595066004950303,2.0862663939844146,0.0986142620028594,0.0011080200422453072,0.14927989394619634,0.0008409736398895064,0.162985528953177,0.03707960395787836
404,1778141767.859005,1778141767.8603215,1778141767.8603215,7.713472,1.3165473937988281,0.00247955322265625,0.00324249267578125,0.00705718994140625,-0.16727733612060547,-0.034142494201660156,-0.00476837158203125,0.09863137412531373,0.0011080615129798663,0.1491491933088813,2.5503938580129044,-2.4596337298462942,2.08553931537686,0.09863137412531373,0.0011080615129798663,0.1491491933088813,0.0008543479432886449,0.16336677034769248,0.037081773850933246
405,1778141767.868976,1778141767.8695593,1778141767.8695593,7.723789,0.5831718444824219,0.00247955322265625,0.00324249267578125,0.00743865966796875,-0.16727733612060547,-0.034142494201660156,-0.00476837158203125,0.0986142620028594,0.0011080200422453072,0.14927989394619634,2.5502906307164683,-2.4595066004950303,2.0862663939844146,0.0986142620028594,0.0011080200422453072,0.14927989394619634,0.0008409736398895064,0.162985528953177,0.03707960395787836
406,1778141767.8788447,1778141767.8793585,1778141767.8793585,7.732059,0.5137920379638672,0.00247955322265625,0.00324249267578125,0.00743865966796875,-0.16727733612060547,-0.034142494201660156,-0.00476837158203125,0.0986142620028594,0.0011080200422453072,0.14927989394619634,2.5502906307164683,-2.4595066004950303,2.0862663939844146,0.0986142620028594,0.0011080200422453072,0.14927989394619634,0.0008409736398895064,0.162985528953177,0.03707960395787836
407,1778141767.8888514,1778141767.8896883,1778141767.8896883,7.742269,0.8368492126464844,0.00247955322265625,0.00324249267578125,0.00743865966796875,-0.16727733612060547,-0.034142494201660156,-0.00476837158203125,0.0986142620028594,0.0011080200422453072,0.14927989394619634,2.5502906307164683,-2.4595066004950303,2.0862663939844146,0.0986142620028594,0.0011080200422453072,0.14927989394619634,0.0008409736398895064,0.162985528953177,0.03707960395787836
408,1778141767.8988583,1778141767.8996327,1778141767.8996327,7.752631,0.774383544921875,0.00247955322265625,0.00324249267578125,0.00705718994140625,-0.16727733612060547,-0.034142494201660156,-0.00476837158203125,0.09863137412531373,0.0011080615129798663,0.1491491933088813,2.5503938580129044,-2.4596337298462942,2.08553931537686,0.09863137412531373,0.0011080615129798663,0.1491491933088813,0.0008543479432886449,0.16336677034769248,0.037081773850933246
409,1778141767.9088786,1778141767.9098349,1778141767.9098349,7.762956,0.9562969207763672,0.00247955322265625,0.00324249267578125,0.00743865966796875,-0.16727733612060547,-0.034142494201660156,-0.00476837158203125,0.0986142620028594,0.0011080200422453072,0.14927989394619634,2.5502906307164683,-2.4595066004950303,2.0862663939844146,0.0986142620028594,0.0011080200422453072,0.14927989394619634,0.0008409736398895064,0.162985528953177,0.03707960395787836
410,1778141767.9189968,1778141767.9196894,1778141767.9196894,7.77327,0.6926059722900391,0.00247955322265625,0.00324249267578125,0.00743865966796875,-0.16727733612060547,-0.034142494201660156,-0.00476837158203125,0.0986142620028594,0.0011080200422453072,0.14927989394619634,2.5502906307164683,-2.4595066004950303,2.0862663939844146,0.0986142620028594,0.0011080200422453072,0.14927989394619634,0.0008409736398895064,0.162985528953177,0.03707960395787836
411,1778141767.9288578,1778141767.9296172,1778141767.9296172,7.783582,0.7593631744384766,0.00247955322265625,0.00324249267578125,0.00705718994140625,-0.16727733612060547,-0.034142494201660156,-0.00476837158203125,0.09863137412531373,0.0011080615129798663,0.1491491933088813,2.5503938580129044,-2.4596337298462942,2.08553931537686,0.09863137412531373,0.0011080615129798663,0.1491491933088813,0.0008543479432886449,0.16336677034769248,0.037081773850933246
412,1778141767.9390163,1778141767.9396372,1778141767.9396372,7.793866,0.6208419799804688,0.00247955322265625,0.00324249267578125,0.00743865966796875,-0.16727733612060547,-0.034142494201660156,-0.00476837158203125,0.0986142620028594,0.0011080200422453072,0.14927989394619634,2.5502906307164683,-2.4595066004950303,2.0862663939844146,0.0986142620028594,0.0011080200422453072,0.14927989394619634,0.0008409736398895064,0.162985528953177,0.03707960395787836
413,1778141767.9488502,1778141767.9496427,1778141767.9496427,7.802077,0.7925033569335938,0.00247955322265625,0.00324249267578125,0.00743865966796875,-0.16727733612060547,-0.034142494201660156,-0.00476837158203125,0.0986142620028594,0.0011080200422453072,0.14927989394619634,2.5502906307164683,-2.4595066004950303,2.0862663939844146,0.0986142620028594,0.0011080200422453072,0.14927989394619634,0.0008409736398895064,0.162985528953177,0.03707960395787836
414,1778141767.9588907,1778141767.9598463,1778141767.9598463,7.812378,0.9555816650390625,0.00247955322265625,0.00324249267578125,0.00743865966796875,-0.16727733612060547,-0.034142494201660156,-0.00476837158203125,0.0986142620028594,0.0011080200422453072,0.14927989394619634,2.5502906307164683,-2.4595066004950303,2.0862663939844146,0.0986142620028594,0.0011080200422453072,0.14927989394619634,0.0008409736398895064,0.162985528953177,0.03707960395787836
415,1778141767.9689682,1778141767.9695845,1778141767.9695845,7.822663,0.6163120269775391,0.00247955322265625,0.00324249267578125,0.00743865966796875,-0.16727733612060547,-0.034142494201660156,-0.00476837158203125,0.0986142620028594,0.0011080200422453072,0.14927989394619634,2.5502906307164683,-2.4595066004950303,2.0862663939844146,0.0986142620028594,0.0011080200422453072,0.14927989394619634,0.0008409736398895064,0.162985528953177,0.03707960395787836
416,1778141767.9788795,1778141767.9798918,1778141767.9798918,7.832992,1.0123252868652344,0.00247955322265625,0.00324249267578125,0.00743865966796875,-0.16727733612060547,-0.034142494201660156,-0.00476837158203125,0.0986142620028594,0.0011080200422453072,0.14927989394619634,2.5502906307164683,-2.4595066004950303,2.0862663939844146,0.0986142620028594,0.0011080200422453072,0.14927989394619634,0.0008409736398895064,0.162985528953177,0.03707960395787836
417,1778141767.9888794,1778141767.9899318,1778141767.9899318,7.843279,1.0523796081542969,0.00247955322265625,0.00324249267578125,0.00743865966796875,-0.16727733612060547,-0.034142494201660156,-0.00476837158203125,0.0986142620028594,0.0011080200422453072,0.14927989394619634,2.5502906307164683,-2.4595066004950303,2.0862663939844146,0.0986142620028594,0.0011080200422453072,0.14927989394619634,0.0008409736398895064,0.162985528953177,0.03707960395787836
418,1778141767.9988468,1778141767.9995096,1778141767.9995096,7.853555,0.6628036499023438,0.00247955322265625,0.00324249267578125,0.00743865966796875,-0.16727733612060547,-0.034142494201660156,-0.00476837158203125,0.0986142620028594,0.0011080200422453072,0.14927989394619634,2.5502906307164683,-2.4595066004950303,2.0862663939844146,0.0986142620028594,0.0011080200422453072,0.14927989394619634,0.0008409736398895064,0.162985528953177,0.03707960395787836
419,1778141768.008845,1778141768.0098133,1778141768.0098133,7.863867,0.9682178497314453,0.00247955322265625,0.00324249267578125,0.00743865966796875,-0.16727733612060547,-0.034142494201660156,-0.00476837158203125,0.0986142620028594,0.0011080200422453072,0.14927989394619634,2.5502906307164683,-2.4595066004950303,2.0862663939844146,0.0986142620028594,0.0011080200422453072,0.14927989394619634,0.0008409736398895064,0.162985528953177,0.03707960395787836
420,1778141768.0188644,1778141768.0196939,1778141768.0196939,7.872122,0.8294582366943359,0.00247955322265625,0.00324249267578125,0.00743865966796875,-0.16727733612060547,-0.034142494201660156,-0.00476837158203125,0.0986142620028594,0.0011080200422453072,0.14927989394619634,2.5502906307164683,-2.4595066004950303,2.0862663939844146,0.0986142620028594,0.0011080200422453072,0.14927989394619634,0.0008409736398895064,0.162985528953177,0.03707960395787836
421,1778141768.0288625,1778141768.0297523,1778141768.0297523,7.882371,0.8897781372070312,0.00247955322265625,0.00324249267578125,0.00743865966796875,-0.16727733612060547,-0.034142494201660156,-0.00476837158203125,0.0986142620028594,0.0011080200422453072,0.14927989394619634,2.5502906307164683,-2.4595066004950303,2.0862663939844146,0.0986142620028594,0.0011080200422453072,0.14927989394619634,0.0008409736398895064,0.162985528953177,0.03707960395787836
422,1778141768.0388527,1778141768.0393095,1778141768.0393095,7.892673,0.45680999755859375,0.00247955322265625,0.00324249267578125,0.00743865966796875,-0.16727733612060547,-0.034142494201660156,-0.00476837158203125,0.0986142620028594,0.0011080200422453072,0.14927989394619634,2.5502906307164683,-2.4595066004950303,2.0862663939844146,0.0986142620028594,0.0011080200422453072,0.14927989394619634,0.0008409736398895064,0.162985528953177,0.03707960395787836
423,1778141768.048876,1778141768.0498934,1778141768.0498934,7.903,1.0173320770263672,0.00247955322265625,0.00324249267578125,0.00743865966796875,-0.16727733612060547,-0.034142494201660156,-0.00476837158203125,0.0986142620028594,0.0011080200422453072,0.14927989394619634,2.5502906307164683,-2.4595066004950303,2.0862663939844146,0.0986142620028594,0.0011080200422453072,0.14927989394619634,0.0008409736398895064,0.162985528953177,0.03707960395787836
424,1778141768.058902,1778141768.0598052,1778141768.0598052,7.913264,0.9031295776367188,0.00247955322265625,0.00324249267578125,0.00743865966796875,-0.16727733612060547,-0.034142494201660156,-0.00476837158203125,0.0986142620028594,0.0011080200422453072,0.14927989394619634,2.5502906307164683,-2.4595066004950303,2.0862663939844146,0.0986142620028594,0.0011080200422453072,0.14927989394619634,0.0008409736398895064,0.162985528953177,0.03707960395787836
425,1778141768.0689964,1778141768.070007,1778141768.070007,7.923568,1.0106563568115234,0.00247955322265625,0.00324249267578125,0.00705718994140625,-0.16727733612060547,-0.034142494201660156,-0.00476837158203125,0.09863137412531373,0.0011080615129798663,0.1491491933088813,2.5503938580129044,-2.4596337298462942,2.08553931537686,0.09863137412531373,0.0011080615129798663,0.1491491933088813,0.0008543479432886449,0.16336677034769248,0.037081773850933246
426,1778141768.0789003,1778141768.0798502,1778141768.0798502,7.933866,0.949859619140625,0.00247955322265625,0.00324249267578125,0.00743865966796875,-0.16727733612060547,-0.034142494201660156,-0.00476837158203125,0.0986142620028594,0.0011080200422453072,0.14927989394619634,2.5502906307164683,-2.4595066004950303,2.0862663939844146,0.0986142620028594,0.0011080200422453072,0.14927989394619634,0.0008409736398895064,0.162985528953177,0.03707960395787836
427,1778141768.0889275,1778141768.0899527,1778141768.0899527,7.942159,1.0251998901367188,0.00247955322265625,0.00324249267578125,0.00743865966796875,-0.16727733612060547,-0.034142494201660156,-0.00476837158203125,0.0986142620028594,0.0011080200422453072,0.14927989394619634,2.5502906307164683,-2.4595066004950303,2.0862663939844146,0.0986142620028594,0.0011080200422453072,0.14927989394619634,0.0008409736398895064,0.162985528953177,0.03707960395787836
428,1778141768.098868,1778141768.0995955,1778141768.0995955,7.952438,0.7276535034179688,0.00247955322265625,0.00324249267578125,0.00743865966796875,-0.16727733612060547,-0.034142494201660156,-0.00476837158203125,0.0986142620028594,0.0011080200422453072,0.14927989394619634,2.5502906307164683,-2.4595066004950303,2.0862663939844146,0.0986142620028594,0.0011080200422453072,0.14927989394619634,0.0008409736398895064,0.162985528953177,0.03707960395787836
429,1778141768.1088505,1778141768.1093566,1778141768.1093566,7.962749,0.5061626434326172,0.00247955322265625,0.00324249267578125,0.00743865966796875,-0.16727733612060547,-0.034142494201660156,-0.00476837158203125,0.0986142620028594,0.0011080200422453072,0.14927989394619634,2.5502906307164683,-2.4595066004950303,2.0862663939844146,0.0986142620028594,0.0011080200422453072,0.14927989394619634,0.0008409736398895064,0.162985528953177,0.03707960395787836
430,1778141768.118846,1778141768.119248,1778141768.119248,7.97306,0.4019737243652344,0.00247955322265625,0.00324249267578125,0.00743865966796875,-0.16727733612060547,-0.034142494201660156,-0.00476837158203125,0.0986142620028594,0.0011080200422453072,0.14927989394619634,2.5502906307164683,-2.4595066004950303,2.0862663939844146,0.0986142620028594,0.0011080200422453072,0.14927989394619634,0.0008409736398895064,0.162985528953177,0.03707960395787836
431,1778141768.1289089,1778141768.129465,1778141768.129465,7.98332,0.5562305450439453,0.00247955322265625,0.00324249267578125,0.00743865966796875,-0.16727733612060547,-0.034142494201660156,-0.00476837158203125,0.0986142620028594,0.0011080200422453072,0.14927989394619634,2.5502906307164683,-2.4595066004950303,2.0862663939844146,0.0986142620028594,0.0011080200422453072,0.14927989394619634,0.0008409736398895064,0.162985528953177,0.03707960395787836
432,1778141768.1388538,1778141768.1396236,1778141768.1396236,7.993624,0.7698535919189453,0.00247955322265625,0.00324249267578125,0.00743865966796875,-0.16727733612060547,-0.034142494201660156,-0.00476837158203125,0.0986142620028594,0.0011080200422453072,0.14927989394619634,2.5502906307164683,-2.4595066004950303,2.0862663939844146,0.0986142620028594,0.0011080200422453072,0.14927989394619634,0.0008409736398895064,0.162985528953177,0.03707960395787836
433,1778141768.1488907,1778141768.1496258,1778141768.1496258,8.003964,0.7350444793701172,0.00247955322265625,0.00324249267578125,0.00705718994140625,-0.16727733612060547,-0.034142494201660156,-0.00476837158203125,0.09863137412531373,0.0011080615129798663,0.1491491933088813,2.5503938580129044,-2.4596337298462942,2.08553931537686,0.09863137412531373,0.0011080615129798663,0.1491491933088813,0.0008543479432886449,0.16336677034769248,0.037081773850933246
434,1778141768.1588717,1778141768.159554,1778141768.159554,8.012214,0.6823539733886719,0.00247955322265625,0.00324249267578125,0.00743865966796875,-0.16727733612060547,-0.034142494201660156,-0.00476837158203125,0.0986142620028594,0.0011080200422453072,0.14927989394619634,2.5502906307164683,-2.4595066004950303,2.0862663939844146,0.0986142620028594,0.0011080200422453072,0.14927989394619634,0.0008409736398895064,0.162985528953177,0.03707960395787836
435,1778141768.1688628,1778141768.1696815,1778141768.1696815,8.022485,0.8187294006347656,0.00247955322265625,0.00324249267578125,0.00743865966796875,-0.16727733612060547,-0.034142494201660156,-0.00476837158203125,0.0986142620028594,0.0011080200422453072,0.14927989394619634,2.5502906307164683,-2.4595066004950303,2.0862663939844146,0.0986142620028594,0.0011080200422453072,0.14927989394619634,0.0008409736398895064,0.162985528953177,0.03707960395787836
436,1778141768.1788685,1778141768.179844,1778141768.179844,8.032808,0.9753704071044922,0.00247955322265625,0.00324249267578125,0.00743865966796875,-0.16727733612060547,-0.034142494201660156,-0.00476837158203125,0.0986142620028594,0.0011080200422453072,0.14927989394619634,2.5502906307164683,-2.4595066004950303,2.0862663939844146,0.0986142620028594,0.0011080200422453072,0.14927989394619634,0.0008409736398895064,0.162985528953177,0.03707960395787836
437,1778141768.188863,1778141768.1897469,1778141768.1897469,8.043075,0.8838176727294922,0.00247955322265625,0.00324249267578125,0.00705718994140625,-0.16727733612060547,-0.034142494201660156,-0.00476837158203125,0.09863137412531373,0.0011080615129798663,0.1491491933088813,2.5503938580129044,-2.4596337298462942,2.08553931537686,0.09863137412531373,0.0011080615129798663,0.1491491933088813,0.0008543479432886449,0.16336677034769248,0.037081773850933246
438,1778141768.1988888,1778141768.199538,1778141768.199538,8.05335,0.6492137908935547,0.00247955322265625,0.00324249267578125,0.00743865966796875,-0.16727733612060547,-0.034142494201660156,-0.00476837158203125,0.0986142620028594,0.0011080200422453072,0.14927989394619634,2.5502906307164683,-2.4595066004950303,2.0862663939844146,0.0986142620028594,0.0011080200422453072,0.14927989394619634,0.0008409736398895064,0.162985528953177,0.03707960395787836
439,1778141768.2088845,1778141768.2098877,1778141768.2098877,8.063668,1.003265380859375,0.00247955322265625,0.00324249267578125,0.00743865966796875,-0.16727733612060547,-0.034142494201660156,-0.00476837158203125,0.0986142620028594,0.0011080200422453072,0.14927989394619634,2.5502906307164683,-2.4595066004950303,2.0862663939844146,0.0986142620028594,0.0011080200422453072,0.14927989394619634,0.0008409736398895064,0.162985528953177,0.03707960395787836
440,1778141768.21888,1778141768.219868,1778141768.219868,8.074006,0.988006591796875,0.00247955322265625,0.00324249267578125,0.00743865966796875,-0.16727733612060547,-0.034142494201660156,-0.00476837158203125,0.0986142620028594,0.0011080200422453072,0.14927989394619634,2.5502906307164683,-2.4595066004950303,2.0862663939844146,0.0986142620028594,0.0011080200422453072,0.14927989394619634,0.0008409736398895064,0.162985528953177,0.03707960395787836
441,1778141768.2288866,1778141768.22962,1778141768.22962,8.082239,0.7333755493164062,0.00247955322265625,0.00324249267578125,0.00743865966796875,-0.16727733612060547,-0.034142494201660156,-0.00476837158203125,0.0986142620028594,0.0011080200422453072,0.14927989394619634,2.5502906307164683,-2.4595066004950303,2.0862663939844146,0.0986142620028594,0.0011080200422453072,0.14927989394619634,0.0008409736398895064,0.162985528953177,0.03707960395787836
442,1778141768.239011,1778141768.239792,1778141768.239792,8.092592,0.7810592651367188,0.00247955322265625,0.00324249267578125,0.00705718994140625,-0.16727733612060547,-0.034142494201660156,-0.00476837158203125,0.09863137412531373,0.0011080615129798663,0.1491491933088813,2.5503938580129044,-2.4596337298462942,2.08553931537686,0.09863137412531373,0.0011080615129798663,0.1491491933088813,0.0008543479432886449,0.16336677034769248,0.037081773850933246
443,1778141768.2489903,1778141768.2500353,1778141768.2500353,8.102976,1.0449886322021484,0.00247955322265625,0.00324249267578125,0.00743865966796875,-0.16727733612060547,-0.034142494201660156,-0.00476837158203125,0.0986142620028594,0.0011080200422453072,0.14927989394619634,2.5502906307164683,-2.4595066004950303,2.0862663939844146,0.0986142620028594,0.0011080200422453072,0.14927989394619634,0.0008409736398895064,0.162985528953177,0.03707960395787836
444,1778141768.2588863,1778141768.2599766,1778141768.2599766,8.113276,1.0902881622314453,0.00247955322265625,0.00324249267578125,0.00743865966796875,-0.16727733612060547,-0.034142494201660156,-0.00476837158203125,0.0986142620028594,0.0011080200422453072,0.14927989394619634,2.5502906307164683,-2.4595066004950303,2.0862663939844146,0.0986142620028594,0.0011080200422453072,0.14927989394619634,0.0008409736398895064,0.162985528953177,0.03707960395787836
445,1778141768.2689798,1778141768.2700245,1778141768.2700245,8.123582,1.0447502136230469,0.00247955322265625,0.00324249267578125,0.00743865966796875,-0.16727733612060547,-0.034142494201660156,-0.00476837158203125,0.0986142620028594,0.0011080200422453072,0.14927989394619634,2.5502906307164683,-2.4595066004950303,2.0862663939844146,0.0986142620028594,0.0011080200422453072,0.14927989394619634,0.0008409736398895064,0.162985528953177,0.03707960395787836
446,1778141768.2789838,1778141768.2797918,1778141768.2797918,8.133867,0.8080005645751953,0.00247955322265625,0.00324249267578125,0.00743865966796875,-0.16727733612060547,-0.034142494201660156,-0.00476837158203125,0.0986142620028594,0.0011080200422453072,0.14927989394619634,2.5502906307164683,-2.4595066004950303,2.0862663939844146,0.0986142620028594,0.0011080200422453072,0.14927989394619634,0.0008409736398895064,0.162985528953177,0.03707960395787836
447,1778141768.2889886,1778141768.289863,1778141768.289863,8.142151,0.8745193481445312,0.00247955322265625,0.00324249267578125,0.00743865966796875,-0.16727733612060547,-0.034142494201660156,-0.00476837158203125,0.0986142620028594,0.0011080200422453072,0.14927989394619634,2.5502906307164683,-2.4595066004950303,2.0862663939844146,0.0986142620028594,0.0011080200422453072,0.14927989394619634,0.0008409736398895064,0.162985528953177,0.03707960395787836
448,1778141768.2988915,1778141768.2995627,1778141768.2995627,8.152467,0.6711483001708984,0.00247955322265625,0.00324249267578125,0.00743865966796875,-0.16689586639404297,-0.034142494201660156,-0.00476837158203125,0.09862039791565635,0.001108035531025012,0.14931722927099367,2.5501872554294027,-2.4593793220268365,2.0869935397018646,0.09862039791565635,0.001108035531025012,0.14931722927099367,0.0008276010122516941,0.16260428753006206,0.03707743936769013
449,1778141768.3089921,1778141768.3096428,1778141768.3096428,8.16277,0.6506443023681641,0.00247955322265625,0.00324249267578125,0.00743865966796875,-0.16727733612060547,-0.034142494201660156,-0.00476837158203125,0.0986142620028594,0.0011080200422453072,0.14927989394619634,2.5502906307164683,-2.4595066004950303,2.0862663939844146,0.0986142620028594,0.0011080200422453072,0.14927989394619634,0.0008409736398895064,0.162985528953177,0.03707960395787836
450,1778141768.3188908,1778141768.3201602,1778141768.3201602,8.173081,1.2693405151367188,0.00247955322265625,0.00324249267578125,0.00705718994140625,-0.16727733612060547,-0.034142494201660156,-0.00476837158203125,0.09863137412531373,0.0011080615129798663,0.1491491933088813,2.5503938580129044,-2.4596337298462942,2.08553931537686,0.09863137412531373,0.0011080615129798663,0.1491491933088813,0.0008543479432886449,0.16336677034769248,0.037081773850933246
451,1778141768.328868,1778141768.3297596,1778141768.3297596,8.183353,0.8916854858398438,0.00247955322265625,0.00324249267578125,0.00743865966796875,-0.16727733612060547,-0.034142494201660156,-0.00476837158203125,0.0986142620028594,0.0011080200422453072,0.14927989394619634,2.5502906307164683,-2.4595066004950303,2.0862663939844146,0.0986142620028594,0.0011080200422453072,0.14927989394619634,0.0008409736398895064,0.162985528953177,0.03707960395787836
452,1778141768.33887,1778141768.3399062,1778141768.3399062,8.193646,1.0361671447753906,0.00247955322265625,0.00324249267578125,0.00705718994140625,-0.16727733612060547,-0.034142494201660156,-0.00476837158203125,0.09863137412531373,0.0011080615129798663,0.1491491933088813,2.5503938580129044,-2.4596337298462942,2.08553931537686,0.09863137412531373,0.0011080615129798663,0.1491491933088813,0.0008543479432886449,0.16336677034769248,0.037081773850933246
453,1778141768.3488526,1778141768.3496978,1778141768.3496978,8.203957,0.8451938629150391,0.00247955322265625,0.00324249267578125,0.00743865966796875,-0.16727733612060547,-0.034142494201660156,-0.00476837158203125,0.0986142620028594,0.0011080200422453072,0.14927989394619634,2.5502906307164683,-2.4595066004950303,2.0862663939844146,0.0986142620028594,0.0011080200422453072,0.14927989394619634,0.0008409736398895064,0.162985528953177,0.03707960395787836
454,1778141768.358873,1778141768.3594415,1778141768.3594415,8.212218,0.5686283111572266,0.00247955322265625,0.00324249267578125,0.00743865966796875,-0.16727733612060547,-0.034142494201660156,-0.00476837158203125,0.0986142620028594,0.0011080200422453072,0.14927989394619634,2.5502906307164683,-2.4595066004950303,2.0862663939844146,0.0986142620028594,0.0011080200422453072,0.14927989394619634,0.0008409736398895064,0.162985528953177,0.03707960395787836
455,1778141768.3688655,1778141768.369875,1778141768.369875,8.222474,1.0094642639160156,0.00247955322265625,0.00324249267578125,0.00705718994140625,-0.16727733612060547,-0.034142494201660156,-0.00476837158203125,0.09863137412531373,0.0011080615129798663,0.1491491933088813,2.5503938580129044,-2.4596337298462942,2.08553931537686,0.09863137412531373,0.0011080615129798663,0.1491491933088813,0.0008543479432886449,0.16336677034769248,0.037081773850933246
456,1778141768.3789003,1778141768.3795726,1778141768.3795726,8.232807,0.6723403930664062,0.00247955322265625,0.00324249267578125,0.00743865966796875,-0.16727733612060547,-0.034142494201660156,-0.00476837158203125,0.0986142620028594,0.0011080200422453072,0.14927989394619634,2.5502906307164683,-2.4595066004950303,2.0862663939844146,0.0986142620028594,0.0011080200422453072,0.14927989394619634,0.0008409736398895064,0.162985528953177,0.03707960395787836
457,1778141768.3888476,1778141768.3894575,1778141768.3894575,8.243074,0.6098747253417969,0.00247955322265625,0.00324249267578125,0.00743865966796875,-0.16727733612060547,-0.034142494201660156,-0.00476837158203125,0.0986142620028594,0.0011080200422453072,0.14927989394619634,2.5502906307164683,-2.4595066004950303,2.0862663939844146,0.0986142620028594,0.0011080200422453072,0.14927989394619634,0.0008409736398895064,0.162985528953177,0.03707960395787836
458,1778141768.3988974,1778141768.40002,1778141768.40002,8.25342,1.1224746704101562,0.00247955322265625,0.00324249267578125,0.00743865966796875,-0.16727733612060547,-0.034142494201660156,-0.00476837158203125,0.0986142620028594,0.0011080200422453072,0.14927989394619634,2.5502906307164683,-2.4595066004950303,2.0862663939844146,0.0986142620028594,0.0011080200422453072,0.14927989394619634,0.0008409736398895064,0.162985528953177,0.03707960395787836
459,1778141768.4089973,1778141768.4101524,1778141768.4101524,8.263664,1.1551380157470703,0.00247955322265625,0.00324249267578125,0.00743865966796875,-0.16727733612060547,-0.034142494201660156,-0.00476837158203125,0.0986142620028594,0.0011080200422453072,0.14927989394619634,2.5502906307164683,-2.4595066004950303,2.0862663939844146,0.0986142620028594,0.0011080200422453072,0.14927989394619634,0.0008409736398895064,0.162985528953177,0.03707960395787836
460,1778141768.4188552,1778141768.4197805,1778141768.4197805,8.273998,0.9253025054931641,0.00247955322265625,0.00324249267578125,0.00705718994140625,-0.16727733612060547,-0.034142494201660156,-0.00476837158203125,0.09863137412531373,0.0011080615129798663,0.1491491933088813,2.5503938580129044,-2.4596337298462942,2.08553931537686,0.09863137412531373,0.0011080615129798663,0.1491491933088813,0.0008543479432886449,0.16336677034769248,0.037081773850933246
461,1778141768.4288645,1778141768.4300208,1778141768.4300208,8.282219,1.1563301086425781,0.00247955322265625,0.00324249267578125,0.00705718994140625,-0.16727733612060547,-0.034142494201660156,-0.00476837158203125,0.09863137412531373,0.0011080615129798663,0.1491491933088813,2.5503938580129044,-2.4596337298462942,2.08553931537686,0.09863137412531373,0.0011080615129798663,0.1491491933088813,0.0008543479432886449,0.16336677034769248,0.037081773850933246
462,1778141768.4388642,1778141768.440103,1778141768.440103,8.292475,1.2388229370117188,0.00247955322265625,0.00324249267578125,0.00743865966796875,-0.16727733612060547,-0.034142494201660156,-0.00476837158203125,0.0986142620028594,0.0011080200422453072,0.14927989394619634,2.5502906307164683,-2.4595066004950303,2.0862663939844146,0.0986142620028594,0.0011080200422453072,0.14927989394619634,0.0008409736398895064,0.162985528953177,0.03707960395787836
463,1778141768.4488466,1778141768.4498463,1778141768.4498463,8.302843,0.9996891021728516,0.00247955322265625,0.00324249267578125,0.00743865966796875,-0.16727733612060547,-0.034142494201660156,-0.00476837158203125,0.0986142620028594,0.0011080200422453072,0.14927989394619634,2.5502906307164683,-2.4595066004950303,2.0862663939844146,0.0986142620028594,0.0011080200422453072,0.14927989394619634,0.0008409736398895064,0.162985528953177,0.03707960395787836
464,1778141768.4589863,1778141768.4598777,1778141768.4598777,8.313178,0.8914470672607422,0.00247955322265625,0.00324249267578125,0.00743865966796875,-0.16727733612060547,-0.034142494201660156,-0.00476837158203125,0.0986142620028594,0.0011080200422453072,0.14927989394619634,2.5502906307164683,-2.4595066004950303,2.0862663939844146,0.0986142620028594,0.0011080200422453072,0.14927989394619634,0.0008409736398895064,0.162985528953177,0.03707960395787836
465,1778141768.4689083,1778141768.4701579,1778141768.4701579,8.323482,1.249551773071289,0.00247955322265625,0.00324249267578125,0.00743865966796875,-0.16727733612060547,-0.034142494201660156,-0.00476837158203125,0.0986142620028594,0.0011080200422453072,0.14927989394619634,2.5502906307164683,-2.4595066004950303,2.0862663939844146,0.0986142620028594,0.0011080200422453072,0.14927989394619634,0.0008409736398895064,0.162985528953177,0.03707960395787836
466,1778141768.4788692,1778141768.4803894,1778141768.4803894,8.333869,1.5201568603515625,0.00247955322265625,0.00324249267578125,0.00705718994140625,-0.16727733612060547,-0.034142494201660156,-0.00476837158203125,0.09863137412531373,0.0011080615129798663,0.1491491933088813,2.5503938580129044,-2.4596337298462942,2.08553931537686,0.09863137412531373,0.0011080615129798663,0.1491491933088813,0.0008543479432886449,0.16336677034769248,0.037081773850933246
467,1778141768.4890046,1778141768.489886,1778141768.489886,8.344179,0.8814334869384766,0.00247955322265625,0.00324249267578125,0.00743865966796875,-0.16727733612060547,-0.034142494201660156,-0.00476837158203125,0.0986142620028594,0.0011080200422453072,0.14927989394619634,2.5502906307164683,-2.4595066004950303,2.0862663939844146,0.0986142620028594,0.0011080200422453072,0.14927989394619634,0.0008409736398895064,0.162985528953177,0.03707960395787836
468,1778141768.499007,1778141768.499882,1778141768.499882,8.352397,0.8749961853027344,0.00247955322265625,0.00324249267578125,0.00743865966796875,-0.16727733612060547,-0.034142494201660156,-0.00476837158203125,0.0986142620028594,0.0011080200422453072,0.14927989394619634,2.5502906307164683,-2.4595066004950303,2.0862663939844146,0.0986142620028594,0.0011080200422453072,0.14927989394619634,0.0008409736398895064,0.162985528953177,0.03707960395787836
469,1778141768.508981,1778141768.5102382,1778141768.5102382,8.362665,1.257181167602539,0.00247955322265625,0.00324249267578125,0.00743865966796875,-0.16727733612060547,-0.034142494201660156,-0.00476837158203125,0.0986142620028594,0.0011080200422453072,0.14927989394619634,2.5502906307164683,-2.4595066004950303,2.0862663939844146,0.0986142620028594,0.0011080200422453072,0.14927989394619634,0.0008409736398895064,0.162985528953177,0.03707960395787836
470,1778141768.518892,1778141768.5198934,1778141768.5198934,8.372965,1.0013580322265625,0.00247955322265625,0.00324249267578125,0.00743865966796875,-0.16727733612060547,-0.034142494201660156,-0.00476837158203125,0.0986142620028594,0.0011080200422453072,0.14927989394619634,2.5502906307164683,-2.4595066004950303,2.0862663939844146,0.0986142620028594,0.0011080200422453072,0.14927989394619634,0.0008409736398895064,0.162985528953177,0.03707960395787836
471,1778141768.528976,1778141768.5295465,1778141768.5295465,8.383232,0.5705356597900391,0.00247955322265625,0.00324249267578125,0.00743865966796875,-0.16727733612060547,-0.034142494201660156,-0.00476837158203125,0.0986142620028594,0.0011080200422453072,0.14927989394619634,2.5502906307164683,-2.4595066004950303,2.0862663939844146,0.0986142620028594,0.0011080200422453072,0.14927989394619634,0.0008409736398895064,0.162985528953177,0.03707960395787836
472,1778141768.5389712,1778141768.5398526,1778141768.5398526,8.393587,0.8814334869384766,0.00247955322265625,0.00324249267578125,0.00705718994140625,-0.16727733612060547,-0.034142494201660156,-0.00476837158203125,0.09863137412531373,0.0011080615129798663,0.1491491933088813,2.5503938580129044,-2.4596337298462942,2.08553931537686,0.09863137412531373,0.0011080615129798663,0.1491491933088813,0.0008543479432886449,0.16336677034769248,0.037081773850933246
473,1778141768.5488517,1778141768.5498354,1778141768.5498354,8.403867,0.9837150573730469,0.00247955322265625,0.00324249267578125,0.00743865966796875,-0.16727733612060547,-0.034142494201660156,-0.00476837158203125,0.0986142620028594,0.0011080200422453072,0.14927989394619634,2.5502906307164683,-2.4595066004950303,2.0862663939844146,0.0986142620028594,0.0011080200422453072,0.14927989394619634,0.0008409736398895064,0.162985528953177,0.03707960395787836
474,1778141768.5588496,1778141768.5592775,1778141768.5592775,8.412146,0.4279613494873047,0.00247955322265625,0.00324249267578125,0.00743865966796875,-0.16727733612060547,-0.034142494201660156,-0.00476837158203125,0.0986142620028594,0.0011080200422453072,0.14927989394619634,2.5502906307164683,-2.4595066004950303,2.0862663939844146,0.0986142620028594,0.0011080200422453072,0.14927989394619634,0.0008409736398895064,0.162985528953177,0.03707960395787836
475,1778141768.5688627,1778141768.569635,1778141768.569635,8.422873,0.7722377777099609,0.00247955322265625,0.00324249267578125,0.00743865966796875,-0.16727733612060547,-0.034142494201660156,-0.00476837158203125,0.0986142620028594,0.0011080200422453072,0.14927989394619634,2.5502906307164683,-2.4595066004950303,2.0862663939844146,0.0986142620028594,0.0011080200422453072,0.14927989394619634,0.0008409736398895064,0.162985528953177,0.03707960395787836
476,1778141768.578915,1778141768.5805233,1778141768.5805233,8.433171,1.608133316040039,0.00247955322265625,0.00324249267578125,0.00743865966796875,-0.16727733612060547,-0.034142494201660156,-0.00476837158203125,0.0986142620028594,0.0011080200422453072,0.14927989394619634,2.5502906307164683,-2.4595066004950303,2.0862663939844146,0.0986142620028594,0.0011080200422453072,0.14927989394619634,0.0008409736398895064,0.162985528953177,0.03707960395787836
477,1778141768.5888996,1778141768.5903478,1778141768.5903478,8.443459,1.4481544494628906,0.00247955322265625,0.00324249267578125,0.00743865966796875,-0.16727733612060547,-0.034142494201660156,-0.00476837158203125,0.0986142620028594,0.0011080200422453072,0.14927989394619634,2.5502906307164683,-2.4595066004950303,2.0862663939844146,0.0986142620028594,0.0011080200422453072,0.14927989394619634,0.0008409736398895064,0.162985528953177,0.03707960395787836
478,1778141768.5988543,1778141768.5998387,1778141768.5998387,8.453672,0.9844303131103516,0.00247955322265625,0.00324249267578125,0.00743865966796875,-0.16727733612060547,-0.034142494201660156,-0.00476837158203125,0.0986142620028594,0.0011080200422453072,0.14927989394619634,2.5502906307164683,-2.4595066004950303,2.0862663939844146,0.0986142620028594,0.0011080200422453072,0.14927989394619634,0.0008409736398895064,0.162985528953177,0.03707960395787836
479,1778141768.6090217,1778141768.6098776,1778141768.6098776,8.464076,0.8559226989746094,0.00247955322265625,0.00324249267578125,0.00705718994140625,-0.16727733612060547,-0.034142494201660156,-0.00476837158203125,0.09863137412531373,0.0011080615129798663,0.1491491933088813,2.5503938580129044,-2.4596337298462942,2.08553931537686,0.09863137412531373,0.0011080615129798663,0.1491491933088813,0.0008543479432886449,0.16336677034769248,0.037081773850933246
480,1778141768.6188939,1778141768.6196344,1778141768.6196344,8.472344,0.7405281066894531,0.00247955322265625,0.00324249267578125,0.00743865966796875,-0.16727733612060547,-0.034142494201660156,-0.00476837158203125,0.0986142620028594,0.0011080200422453072,0.14927989394619634,2.5502906307164683,-2.4595066004950303,2.0862663939844146,0.0986142620028594,0.0011080200422453072,0.14927989394619634,0.0008409736398895064,0.162985528953177,0.03707960395787836
481,1778141768.6289182,1778141768.6305716,1778141768.6305716,8.482611,1.653432846069336,0.00247955322265625,0.00324249267578125,0.00743865966796875,-0.16727733612060547,-0.034142494201660156,-0.00476837158203125,0.0986142620028594,0.0011080200422453072,0.14927989394619634,2.5502906307164683,-2.4595066004950303,2.0862663939844146,0.0986142620028594,0.0011080200422453072,0.14927989394619634,0.0008409736398895064,0.162985528953177,0.03707960395787836
482,1778141768.6389096,1778141768.6399448,1778141768.6399448,8.492877,1.0352134704589844,0.00247955322265625,0.00324249267578125,0.00705718994140625,-0.16727733612060547,-0.034142494201660156,-0.00476837158203125,0.09863137412531373,0.0011080615129798663,0.1491491933088813,2.5503938580129044,-2.4596337298462942,2.08553931537686,0.09863137412531373,0.0011080615129798663,0.1491491933088813,0.0008543479432886449,0.16336677034769248,0.037081773850933246
483,1778141768.6488595,1778141768.6496947,1778141768.6496947,8.503219,0.8351802825927734,0.00247955322265625,0.00324249267578125,0.00743865966796875,-0.16727733612060547,-0.034142494201660156,-0.00476837158203125,0.0986142620028594,0.0011080200422453072,0.14927989394619634,2.5502906307164683,-2.4595066004950303,2.0862663939844146,0.0986142620028594,0.0011080200422453072,0.14927989394619634,0.0008409736398895064,0.162985528953177,0.03707960395787836
484,1778141768.6588686,1778141768.659409,1778141768.659409,8.51348,0.5404949188232422,0.00247955322265625,0.00324249267578125,0.00743865966796875,-0.16727733612060547,-0.034142494201660156,-0.00476837158203125,0.0986142620028594,0.0011080200422453072,0.14927989394619634,2.5502906307164683,-2.4595066004950303,2.0862663939844146,0.0986142620028594,0.0011080200422453072,0.14927989394619634,0.0008409736398895064,0.162985528953177,0.03707960395787836
485,1778141768.6688638,1778141768.6697638,1778141768.6697638,8.523885,0.9000301361083984,0.00247955322265625,0.00324249267578125,0.00705718994140625,-0.16727733612060547,-0.034142494201660156,-0.00476837158203125,0.09863137412531373,0.0011080615129798663,0.1491491933088813,2.5503938580129044,-2.4596337298462942,2.08553931537686,0.09863137412531373,0.0011080615129798663,0.1491491933088813,0.0008543479432886449,0.16336677034769248,0.037081773850933246
486,1778141768.6789715,1778141768.6795712,1778141768.6795712,8.532078,0.5996227264404297,0.00247955322265625,0.00324249267578125,0.00743865966796875,-0.16727733612060547,-0.034142494201660156,-0.00476837158203125,0.0986142620028594,0.0011080200422453072,0.14927989394619634,2.5502906307164683,-2.4595066004950303,2.0862663939844146,0.0986142620028594,0.0011080200422453072,0.14927989394619634,0.0008409736398895064,0.162985528953177,0.03707960395787836
487,1778141768.6888938,1778141768.689439,1778141768.689439,8.542374,0.5452632904052734,0.00247955322265625,0.00324249267578125,0.00743865966796875,-0.16727733612060547,-0.034142494201660156,-0.00476837158203125,0.0986142620028594,0.0011080200422453072,0.14927989394619634,2.5502906307164683,-2.4595066004950303,2.0862663939844146,0.0986142620028594,0.0011080200422453072,0.14927989394619634,0.0008409736398895064,0.162985528953177,0.03707960395787836
488,1778141768.698874,1778141768.6997845,1778141768.6997845,8.552665,0.9105205535888672,0.00247955322265625,0.00324249267578125,0.00743865966796875,-0.16727733612060547,-0.034142494201660156,-0.00476837158203125,0.0986142620028594,0.0011080200422453072,0.14927989394619634,2.5502906307164683,-2.4595066004950303,2.0862663939844146,0.0986142620028594,0.0011080200422453072,0.14927989394619634,0.0008409736398895064,0.162985528953177,0.03707960395787836
489,1778141768.7090163,1778141768.7098522,1778141768.7098522,8.563062,0.8358955383300781,0.00247955322265625,0.00324249267578125,0.00705718994140625,-0.16727733612060547,-0.034142494201660156,-0.00476837158203125,0.09863137412531373,0.0011080615129798663,0.1491491933088813,2.5503938580129044,-2.4596337298462942,2.08553931537686,0.09863137412531373,0.0011080615129798663,0.1491491933088813,0.0008543479432886449,0.16336677034769248,0.037081773850933246
490,1778141768.7188768,1778141768.7195916,1778141768.7195916,8.573471,0.7147789001464844,0.00247955322265625,0.00324249267578125,0.00743865966796875,-0.16727733612060547,-0.034142494201660156,-0.00476837158203125,0.0986142620028594,0.0011080200422453072,0.14927989394619634,2.5502906307164683,-2.4595066004950303,2.0862663939844146,0.0986142620028594,0.0011080200422453072,0.14927989394619634,0.0008409736398895064,0.162985528953177,0.03707960395787836
491,1778141768.7288594,1778141768.729468,1778141768.729468,8.581665,0.6086826324462891,0.00247955322265625,0.00324249267578125,0.00743865966796875,-0.16727733612060547,-0.034142494201660156,-0.00476837158203125,0.0986142620028594,0.0011080200422453072,0.14927989394619634,2.5502906307164683,-2.4595066004950303,2.0862663939844146,0.0986142620028594,0.0011080200422453072,0.14927989394619634,0.0008409736398895064,0.162985528953177,0.03707960395787836
492,1778141768.7389214,1778141768.7396743,1778141768.7396743,8.592073,0.7529258728027344,0.00247955322265625,0.00324249267578125,0.00743865966796875,-0.16727733612060547,-0.034142494201660156,-0.00476837158203125,0.0986142620028594,0.0011080200422453072,0.14927989394619634,2.5502906307164683,-2.4595066004950303,2.0862663939844146,0.0986142620028594,0.0011080200422453072,0.14927989394619634,0.0008409736398895064,0.162985528953177,0.03707960395787836
493,1778141768.7488768,1778141768.7499638,1778141768.7499638,8.602545,1.0869503021240234,0.00247955322265625,0.00324249267578125,0.00743865966796875,-0.16727733612060547,-0.034142494201660156,-0.00476837158203125,0.0986142620028594,0.0011080200422453072,0.14927989394619634,2.5502906307164683,-2.4595066004950303,2.0862663939844146,0.0986142620028594,0.0011080200422453072,0.14927989394619634,0.0008409736398895064,0.162985528953177,0.03707960395787836
494,1778141768.7588706,1778141768.7599068,1778141768.7599068,8.612657,1.0361671447753906,0.00247955322265625,0.00324249267578125,0.00743865966796875,-0.16727733612060547,-0.034142494201660156,-0.00476837158203125,0.0986142620028594,0.0011080200422453072,0.14927989394619634,2.5502906307164683,-2.4595066004950303,2.0862663939844146,0.0986142620028594,0.0011080200422453072,0.14927989394619634,0.0008409736398895064,0.162985528953177,0.03707960395787836
495,1778141768.7688794,1778141768.7697647,1778141768.7697647,8.622954,0.8852481842041016,0.00247955322265625,0.00324249267578125,0.00743865966796875,-0.16727733612060547,-0.034142494201660156,-0.00476837158203125,0.0986142620028594,0.0011080200422453072,0.14927989394619634,2.5502906307164683,-2.4595066004950303,2.0862663939844146,0.0986142620028594,0.0011080200422453072,0.14927989394619634,0.0008409736398895064,0.162985528953177,0.03707960395787836
496,1778141768.7789898,1778141768.7802224,1778141768.7802224,8.633274,1.2326240539550781,0.00247955322265625,0.00324249267578125,0.00743865966796875,-0.16727733612060547,-0.034142494201660156,-0.00476837158203125,0.0986142620028594,0.0011080200422453072,0.14927989394619634,2.5502906307164683,-2.4595066004950303,2.0862663939844146,0.0986142620028594,0.0011080200422453072,0.14927989394619634,0.0008409736398895064,0.162985528953177,0.03707960395787836
497,1778141768.788998,1778141768.7899873,1778141768.7899873,8.643579,0.9894371032714844,0.00247955322265625,0.00324249267578125,0.00743865966796875,-0.16727733612060547,-0.034142494201660156,-0.00476837158203125,0.0986142620028594,0.0011080200422453072,0.14927989394619634,2.5502906307164683,-2.4595066004950303,2.0862663939844146,0.0986142620028594,0.0011080200422453072,0.14927989394619634,0.0008409736398895064,0.162985528953177,0.03707960395787836
498,1778141768.798997,1778141768.8000352,1778141768.8000352,8.653869,1.0383129119873047,0.00247955322265625,0.00324249267578125,0.00705718994140625,-0.16727733612060547,-0.034142494201660156,-0.00476837158203125,0.09863137412531373,0.0011080615129798663,0.1491491933088813,2.5503938580129044,-2.4596337298462942,2.08553931537686,0.09863137412531373,0.0011080615129798663,0.1491491933088813,0.0008543479432886449,0.16336677034769248,0.037081773850933246
499,1778141768.8088548,1778141768.8095558,1778141768.8095558,8.662172,0.7009506225585938,0.00247955322265625,0.00324249267578125,0.00743865966796875,-0.16727733612060547,-0.034142494201660156,-0.00476837158203125,0.0986142620028594,0.0011080200422453072,0.14927989394619634,2.5502906307164683,-2.4595066004950303,2.0862663939844146,0.0986142620028594,0.0011080200422453072,0.14927989394619634,0.0008409736398895064,0.162985528953177,0.03707960395787836
500,1778141768.8189838,1778141768.8196478,1778141768.8196478,8.672405,0.6639957427978516,0.00247955322265625,0.00324249267578125,0.00743865966796875,-0.16727733612060547,-0.034142494201660156,-0.00476837158203125,0.0986142620028594,0.0011080200422453072,0.14927989394619634,2.5502906307164683,-2.4595066004950303,2.0862663939844146,0.0986142620028594,0.0011080200422453072,0.14927989394619634,0.0008409736398895064,0.162985528953177,0.03707960395787836
501,1778141768.828882,1778141768.8294096,1778141768.8294096,8.682754,0.5276203155517578,0.00247955322265625,0.00324249267578125,0.00743865966796875,-0.16727733612060547,-0.034142494201660156,-0.00476837158203125,0.0986142620028594,0.0011080200422453072,0.14927989394619634,2.5502906307164683,-2.4595066004950303,2.0862663939844146,0.0986142620028594,0.0011080200422453072,0.14927989394619634,0.0008409736398895064,0.162985528953177,0.03707960395787836
502,1778141768.8388608,1778141768.8395565,1778141768.8395565,8.69306,0.6957054138183594,0.00247955322265625,0.00324249267578125,0.00705718994140625,-0.16727733612060547,-0.034142494201660156,-0.00476837158203125,0.09863137412531373,0.0011080615129798663,0.1491491933088813,2.5503938580129044,-2.4596337298462942,2.08553931537686,0.09863137412531373,0.0011080615129798663,0.1491491933088813,0.0008543479432886449,0.16336677034769248,0.037081773850933246
503,1778141768.8488767,1778141768.8501866,1778141768.8501866,8.703322,1.3098716735839844,0.00247955322265625,0.00324249267578125,0.00743865966796875,-0.16727733612060547,-0.034142494201660156,-0.00476837158203125,0.0986142620028594,0.0011080200422453072,0.14927989394619634,2.5502906307164683,-2.4595066004950303,2.0862663939844146,0.0986142620028594,0.0011080200422453072,0.14927989394619634,0.0008409736398895064,0.162985528953177,0.03707960395787836
504,1778141768.8589792,1778141768.8597271,1778141768.8597271,8.713661,0.7479190826416016,0.00247955322265625,0.00324249267578125,0.00743865966796875,-0.16727733612060547,-0.034142494201660156,-0.00476837158203125,0.0986142620028594,0.0011080200422453072,0.14927989394619634,2.5502906307164683,-2.4595066004950303,2.0862663939844146,0.0986142620028594,0.0011080200422453072,0.14927989394619634,0.0008409736398895064,0.162985528953177,0.03707960395787836
505,1778141768.8689911,1778141768.8701007,1778141768.8701007,8.724,1.1096000671386719,0.00247955322265625,0.00324249267578125,0.00743865966796875,-0.16727733612060547,-0.034142494201660156,-0.00476837158203125,0.0986142620028594,0.0011080200422453072,0.14927989394619634,2.5502906307164683,-2.4595066004950303,2.0862663939844146,0.0986142620028594,0.0011080200422453072,0.14927989394619634,0.0008409736398895064,0.162985528953177,0.03707960395787836
506,1778141768.8788815,1778141768.8795183,1778141768.8795183,8.73222,0.6368160247802734,0.00247955322265625,0.00324249267578125,0.00705718994140625,-0.16727733612060547,-0.034142494201660156,-0.00476837158203125,0.09863137412531373,0.0011080615129798663,0.1491491933088813,2.5503938580129044,-2.4596337298462942,2.08553931537686,0.09863137412531373,0.0011080615129798663,0.1491491933088813,0.0008543479432886449,0.16336677034769248,0.037081773850933246
507,1778141768.8888912,1778141768.8898315,1778141768.8898315,8.742471,0.9403228759765625,0.00247955322265625,0.00324249267578125,0.00705718994140625,-0.16727733612060547,-0.034142494201660156,-0.00476837158203125,0.09863137412531373,0.0011080615129798663,0.1491491933088813,2.5503938580129044,-2.4596337298462942,2.08553931537686,0.09863137412531373,0.0011080615129798663,0.1491491933088813,0.0008543479432886449,0.16336677034769248,0.037081773850933246
508,1778141768.8988566,1778141768.8995707,1778141768.8995707,8.752812,0.7140636444091797,0.00247955322265625,0.00324249267578125,0.00743865966796875,-0.16727733612060547,-0.034142494201660156,-0.00476837158203125,0.0986142620028594,0.0011080200422453072,0.14927989394619634,2.5502906307164683,-2.4595066004950303,2.0862663939844146,0.0986142620028594,0.0011080200422453072,0.14927989394619634,0.0008409736398895064,0.162985528953177,0.03707960395787836
509,1778141768.908867,1778141768.9095657,1778141768.9095657,8.763124,0.6988048553466797,0.00247955322265625,0.00324249267578125,0.00743865966796875,-0.16727733612060547,-0.034142494201660156,-0.00476837158203125,0.0986142620028594,0.0011080200422453072,0.14927989394619634,2.5502906307164683,-2.4595066004950303,2.0862663939844146,0.0986142620028594,0.0011080200422453072,0.14927989394619634,0.0008409736398895064,0.162985528953177,0.03707960395787836
510,1778141768.9188888,1778141768.9194777,1778141768.9194777,8.773391,0.5888938903808594,0.00247955322265625,0.00324249267578125,0.00743865966796875,-0.16727733612060547,-0.034142494201660156,-0.00476837158203125,0.0986142620028594,0.0011080200422453072,0.14927989394619634,2.5502906307164683,-2.4595066004950303,2.0862663939844146,0.0986142620028594,0.0011080200422453072,0.14927989394619634,0.0008409736398895064,0.162985528953177,0.03707960395787836
511,1778141768.928854,1778141768.9294634,1778141768.9294634,8.783635,0.6093978881835938,0.00247955322265625,0.00324249267578125,0.00705718994140625,-0.16727733612060547,-0.034142494201660156,-0.00476837158203125,0.09863137412531373,0.0011080615129798663,0.1491491933088813,2.5503938580129044,-2.4596337298462942,2.08553931537686,0.09863137412531373,0.0011080615129798663,0.1491491933088813,0.0008543479432886449,0.16336677034769248,0.037081773850933246
512,1778141768.9388876,1778141768.9395032,1778141768.9395032,8.791963,0.6155967712402344,0.00247955322265625,0.00324249267578125,0.00743865966796875,-0.16727733612060547,-0.034142494201660156,-0.00476837158203125,0.0986142620028594,0.0011080200422453072,0.14927989394619634,2.5502906307164683,-2.4595066004950303,2.0862663939844146,0.0986142620028594,0.0011080200422453072,0.14927989394619634,0.0008409736398895064,0.162985528953177,0.03707960395787836
513,1778141768.9488635,1778141768.949718,1778141768.949718,8.802239,0.8544921875,0.00247955322265625,0.00324249267578125,0.00743865966796875,-0.16727733612060547,-0.034142494201660156,-0.00476837158203125,0.0986142620028594,0.0011080200422453072,0.14927989394619634,2.5502906307164683,-2.4595066004950303,2.0862663939844146,0.0986142620028594,0.0011080200422453072,0.14927989394619634,0.0008409736398895064,0.162985528953177,0.03707960395787836
514,1778141768.9588754,1778141768.9600418,1778141768.9600418,8.812553,1.1663436889648438,0.00247955322265625,0.00324249267578125,0.00743865966796875,-0.16727733612060547,-0.034142494201660156,-0.00476837158203125,0.0986142620028594,0.0011080200422453072,0.14927989394619634,2.5502906307164683,-2.4595066004950303,2.0862663939844146,0.0986142620028594,0.0011080200422453072,0.14927989394619634,0.0008409736398895064,0.162985528953177,0.03707960395787836
515,1778141768.9688854,1778141768.969814,1778141768.969814,8.822871,0.9286403656005859,0.00247955322265625,0.00324249267578125,0.00743865966796875,-0.16727733612060547,-0.034142494201660156,-0.00476837158203125,0.0986142620028594,0.0011080200422453072,0.14927989394619634,2.5502906307164683,-2.4595066004950303,2.0862663939844146,0.0986142620028594,0.0011080200422453072,0.14927989394619634,0.0008409736398895064,0.162985528953177,0.03707960395787836
516,1778141768.978913,1778141768.9799457,1778141768.9799457,8.833153,1.0325908660888672,0.00247955322265625,0.00324249267578125,0.00705718994140625,-0.16727733612060547,-0.034142494201660156,-0.00476837158203125,0.09863137412531373,0.0011080615129798663,0.1491491933088813,2.5503938580129044,-2.4596337298462942,2.08553931537686,0.09863137412531373,0.0011080615129798663,0.1491491933088813,0.0008543479432886449,0.16336677034769248,0.037081773850933246
517,1778141768.988893,1778141768.989558,1778141768.989558,8.843461,0.6649494171142578,0.00247955322265625,0.00324249267578125,0.00743865966796875,-0.16727733612060547,-0.034142494201660156,-0.00476837158203125,0.0986142620028594,0.0011080200422453072,0.14927989394619634,2.5502906307164683,-2.4595066004950303,2.0862663939844146,0.0986142620028594,0.0011080200422453072,0.14927989394619634,0.0008409736398895064,0.162985528953177,0.03707960395787836
518,1778141768.9988618,1778141768.9998503,1778141768.9998503,8.853872,0.9884834289550781,0.00247955322265625,0.00324249267578125,0.00743865966796875,-0.16727733612060547,-0.034142494201660156,-0.00476837158203125,0.0986142620028594,0.0011080200422453072,0.14927989394619634,2.5502906307164683,-2.4595066004950303,2.0862663939844146,0.0986142620028594,0.0011080200422453072,0.14927989394619634,0.0008409736398895064,0.162985528953177,0.03707960395787836
519,1778141769.0089025,1778141769.0099492,1778141769.0099492,8.862068,1.0466575622558594,0.00247955322265625,0.00324249267578125,0.00743865966796875,-0.16727733612060547,-0.034142494201660156,-0.00476837158203125,0.0986142620028594,0.0011080200422453072,0.14927989394619634,2.5502906307164683,-2.4595066004950303,2.0862663939844146,0.0986142620028594,0.0011080200422453072,0.14927989394619634,0.0008409736398895064,0.162985528953177,0.03707960395787836
520,1778141769.0188978,1778141769.0199485,1778141769.0199485,8.872393,1.050710678100586,0.00247955322265625,0.00324249267578125,0.00705718994140625,-0.16727733612060547,-0.034142494201660156,-0.00476837158203125,0.09863137412531373,0.0011080615129798663,0.1491491933088813,2.5503938580129044,-2.4596337298462942,2.08553931537686,0.09863137412531373,0.0011080615129798663,0.1491491933088813,0.0008543479432886449,0.16336677034769248,0.037081773850933246
521,1778141769.0289612,1778141769.0294976,1778141769.0294976,8.882666,0.5364418029785156,0.00247955322265625,0.00324249267578125,0.00743865966796875,-0.16727733612060547,-0.034142494201660156,-0.00476837158203125,0.0986142620028594,0.0011080200422453072,0.14927989394619634,2.5502906307164683,-2.4595066004950303,2.0862663939844146,0.0986142620028594,0.0011080200422453072,0.14927989394619634,0.0008409736398895064,0.162985528953177,0.03707960395787836
522,1778141769.0389109,1778141769.0394366,1778141769.0394366,8.893068,0.5257129669189453,0.00247955322265625,0.00324249267578125,0.00743865966796875,-0.16727733612060547,-0.034142494201660156,-0.00476837158203125,0.0986142620028594,0.0011080200422453072,0.14927989394619634,2.5502906307164683,-2.4595066004950303,2.0862663939844146,0.0986142620028594,0.0011080200422453072,0.14927989394619634,0.0008409736398895064,0.162985528953177,0.03707960395787836
523,1778141769.048867,1778141769.0495954,1778141769.0495954,8.903465,0.7283687591552734,0.00247955322265625,0.00324249267578125,0.00743865966796875,-0.16727733612060547,-0.034142494201660156,-0.00476837158203125,0.0986142620028594,0.0011080200422453072,0.14927989394619634,2.5502906307164683,-2.4595066004950303,2.0862663939844146,0.0986142620028594,0.0011080200422453072,0.14927989394619634,0.0008409736398895064,0.162985528953177,0.03707960395787836
524,1778141769.058878,1778141769.0596428,1778141769.0596428,8.913757,0.7648468017578125,0.00247955322265625,0.00324249267578125,0.00743865966796875,-0.16727733612060547,-0.034142494201660156,-0.00476837158203125,0.0986142620028594,0.0011080200422453072,0.14927989394619634,2.5502906307164683,-2.4595066004950303,2.0862663939844146,0.0986142620028594,0.0011080200422453072,0.14927989394619634,0.0008409736398895064,0.162985528953177,0.03707960395787836
525,1778141769.068894,1778141769.0699494,1778141769.0699494,8.922049,1.0554790496826172,0.00247955322265625,0.00324249267578125,0.00743865966796875,-0.16727733612060547,-0.034142494201660156,-0.00476837158203125,0.0986142620028594,0.0011080200422453072,0.14927989394619634,2.5502906307164683,-2.4595066004950303,2.0862663939844146,0.0986142620028594,0.0011080200422453072,0.14927989394619634,0.0008409736398895064,0.162985528953177,0.03707960395787836
526,1778141769.0789104,1778141769.0799527,1778141769.0799527,8.93235,1.0423660278320312,0.00247955322265625,0.00324249267578125,0.00705718994140625,-0.16727733612060547,-0.034142494201660156,-0.00476837158203125,0.09863137412531373,0.0011080615129798663,0.1491491933088813,2.5503938580129044,-2.4596337298462942,2.08553931537686,0.09863137412531373,0.0011080615129798663,0.1491491933088813,0.0008543479432886449,0.16336677034769248,0.037081773850933246
527,1778141769.088979,1778141769.0896904,1778141769.0896904,8.942639,0.7114410400390625,0.00247955322265625,0.00324249267578125,0.00743865966796875,-0.16727733612060547,-0.034142494201660156,-0.00476837158203125,0.0986142620028594,0.0011080200422453072,0.14927989394619634,2.5502906307164683,-2.4595066004950303,2.0862663939844146,0.0986142620028594,0.0011080200422453072,0.14927989394619634,0.0008409736398895064,0.162985528953177,0.03707960395787836
528,1778141769.098891,1778141769.0995145,1778141769.0995145,8.952982,0.6234645843505859,0.00247955322265625,0.00324249267578125,0.00705718994140625,-0.16727733612060547,-0.034142494201660156,-0.00476837158203125,0.09863137412531373,0.0011080615129798663,0.1491491933088813,2.5503938580129044,-2.4596337298462942,2.08553931537686,0.09863137412531373,0.0011080615129798663,0.1491491933088813,0.0008543479432886449,0.16336677034769248,0.037081773850933246
529,1778141769.1088545,1778141769.109626,1778141769.109626,8.963254,0.7715225219726562,0.00247955322265625,0.00324249267578125,0.00705718994140625,-0.16727733612060547,-0.034142494201660156,-0.00476837158203125,0.09863137412531373,0.0011080615129798663,0.1491491933088813,2.5503938580129044,-2.4596337298462942,2.08553931537686,0.09863137412531373,0.0011080615129798663,0.1491491933088813,0.0008543479432886449,0.16336677034769248,0.037081773850933246
530,1778141769.1188583,1778141769.119669,1778141769.119669,8.973552,0.8106231689453125,0.00247955322265625,0.00324249267578125,0.00743865966796875,-0.16727733612060547,-0.034142494201660156,-0.00476837158203125,0.0986142620028594,0.0011080200422453072,0.14927989394619634,2.5502906307164683,-2.4595066004950303,2.0862663939844146,0.0986142620028594,0.0011080200422453072,0.14927989394619634,0.0008409736398895064,0.162985528953177,0.03707960395787836
531,1778141769.1288598,1778141769.1296139,1778141769.1296139,8.983865,0.7541179656982422,0.00247955322265625,0.00324249267578125,0.00743865966796875,-0.16727733612060547,-0.034142494201660156,-0.00476837158203125,0.0986142620028594,0.0011080200422453072,0.14927989394619634,2.5502906307164683,-2.4595066004950303,2.0862663939844146,0.0986142620028594,0.0011080200422453072,0.14927989394619634,0.0008409736398895064,0.162985528953177,0.03707960395787836
532,1778141769.1388764,1778141769.1397371,1778141769.1397371,8.992155,0.8606910705566406,0.00247955322265625,0.00324249267578125,0.00743865966796875,-0.16727733612060547,-0.034142494201660156,-0.00476837158203125,0.0986142620028594,0.0011080200422453072,0.14927989394619634,2.5502906307164683,-2.4595066004950303,2.0862663939844146,0.0986142620028594,0.0011080200422453072,0.14927989394619634,0.0008409736398895064,0.162985528953177,0.03707960395787836
533,1778141769.1488805,1778141769.149598,1778141769.149598,9.002456,0.7174015045166016,0.00247955322265625,0.00324249267578125,0.00743865966796875,-0.16727733612060547,-0.034142494201660156,-0.00476837158203125,0.0986142620028594,0.0011080200422453072,0.14927989394619634,2.5502906307164683,-2.4595066004950303,2.0862663939844146,0.0986142620028594,0.0011080200422453072,0.14927989394619634,0.0008409736398895064,0.162985528953177,0.03707960395787836
534,1778141769.158876,1778141769.1593778,1778141769.1593778,9.012763,0.5018711090087891,0.00247955322265625,0.00324249267578125,0.00743865966796875,-0.16727733612060547,-0.034142494201660156,-0.00476837158203125,0.0986142620028594,0.0011080200422453072,0.14927989394619634,2.5502906307164683,-2.4595066004950303,2.0862663939844146,0.0986142620028594,0.0011080200422453072,0.14927989394619634,0.0008409736398895064,0.162985528953177,0.03707960395787836
535,1778141769.1688805,1778141769.169548,1778141769.169548,9.02308,0.667572021484375,0.00247955322265625,0.00324249267578125,0.00743865966796875,-0.16727733612060547,-0.034142494201660156,-0.00476837158203125,0.0986142620028594,0.0011080200422453072,0.14927989394619634,2.5502906307164683,-2.4595066004950303,2.0862663939844146,0.0986142620028594,0.0011080200422453072,0.14927989394619634,0.0008409736398895064,0.162985528953177,0.03707960395787836
536,1778141769.1788747,1778141769.1794164,1778141769.1794164,9.033403,0.54168701171875,0.00247955322265625,0.00324249267578125,0.00743865966796875,-0.16727733612060547,-0.034142494201660156,-0.00476837158203125,0.0986142620028594,0.0011080200422453072,0.14927989394619634,2.5502906307164683,-2.4595066004950303,2.0862663939844146,0.0986142620028594,0.0011080200422453072,0.14927989394619634,0.0008409736398895064,0.162985528953177,0.03707960395787836
537,1778141769.1888747,1778141769.1900308,1778141769.1900308,9.043672,1.1560916900634766,0.00247955322265625,0.00324249267578125,0.00743865966796875,-0.16727733612060547,-0.034142494201660156,-0.00476837158203125,0.0986142620028594,0.0011080200422453072,0.14927989394619634,2.5502906307164683,-2.4595066004950303,2.0862663939844146,0.0986142620028594,0.0011080200422453072,0.14927989394619634,0.0008409736398895064,0.162985528953177,0.03707960395787836
538,1778141769.198977,1778141769.1995568,1778141769.1995568,9.052021,0.579833984375,0.00247955322265625,0.00324249267578125,0.00743865966796875,-0.16727733612060547,-0.034142494201660156,-0.00476837158203125,0.0986142620028594,0.0011080200422453072,0.14927989394619634,2.5502906307164683,-2.4595066004950303,2.0862663939844146,0.0986142620028594,0.0011080200422453072,0.14927989394619634,0.0008409736398895064,0.162985528953177,0.03707960395787836
539,1778141769.2088537,1778141769.2095296,1778141769.2095296,9.062273,0.6759166717529297,0.00247955322265625,0.00324249267578125,0.00743865966796875,-0.16727733612060547,-0.034142494201660156,-0.00476837158203125,0.0986142620028594,0.0011080200422453072,0.14927989394619634,2.5502906307164683,-2.4595066004950303,2.0862663939844146,0.0986142620028594,0.0011080200422453072,0.14927989394619634,0.0008409736398895064,0.162985528953177,0.03707960395787836
540,1778141769.219047,1778141769.219931,1778141769.219931,9.072626,0.8838176727294922,0.00247955322265625,0.00324249267578125,0.00743865966796875,-0.16727733612060547,-0.034142494201660156,-0.00476837158203125,0.0986142620028594,0.0011080200422453072,0.14927989394619634,2.5502906307164683,-2.4595066004950303,2.0862663939844146,0.0986142620028594,0.0011080200422453072,0.14927989394619634,0.0008409736398895064,0.162985528953177,0.03707960395787836
541,1778141769.2288797,1778141769.2299786,1778141769.2299786,9.082872,1.0988712310791016,0.00247955322265625,0.00324249267578125,0.00705718994140625,-0.16727733612060547,-0.034142494201660156,-0.00476837158203125,0.09863137412531373,0.0011080615129798663,0.1491491933088813,2.5503938580129044,-2.4596337298462942,2.08553931537686,0.09863137412531373,0.0011080615129798663,0.1491491933088813,0.0008543479432886449,0.16336677034769248,0.037081773850933246
542,1778141769.2388785,1778141769.2396777,1778141769.2396777,9.0932,0.7991790771484375,0.00247955322265625,0.00324249267578125,0.00743865966796875,-0.16727733612060547,-0.034142494201660156,-0.00476837158203125,0.0986142620028594,0.0011080200422453072,0.14927989394619634,2.5502906307164683,-2.4595066004950303,2.0862663939844146,0.0986142620028594,0.0011080200422453072,0.14927989394619634,0.0008409736398895064,0.162985528953177,0.03707960395787836
543,1778141769.248881,1778141769.249749,1778141769.249749,9.103526,0.8678436279296875,0.00247955322265625,0.00324249267578125,0.00743865966796875,-0.16727733612060547,-0.034142494201660156,-0.00476837158203125,0.0986142620028594,0.0011080200422453072,0.14927989394619634,2.5502906307164683,-2.4595066004950303,2.0862663939844146,0.0986142620028594,0.0011080200422453072,0.14927989394619634,0.0008409736398895064,0.162985528953177,0.03707960395787836
544,1778141769.2588522,1778141769.259418,1778141769.259418,9.113858,0.5657672882080078,0.00247955322265625,0.00324249267578125,0.00743865966796875,-0.16727733612060547,-0.034142494201660156,-0.00476837158203125,0.0986142620028594,0.0011080200422453072,0.14927989394619634,2.5502906307164683,-2.4595066004950303,2.0862663939844146,0.0986142620028594,0.0011080200422453072,0.14927989394619634,0.0008409736398895064,0.162985528953177,0.03707960395787836
545,1778141769.2688565,1778141769.2695496,1778141769.2695496,9.122122,0.6930828094482422,0.00247955322265625,0.00324249267578125,0.00743865966796875,-0.16727733612060547,-0.034142494201660156,-0.00476837158203125,0.0986142620028594,0.0011080200422453072,0.14927989394619634,2.5502906307164683,-2.4595066004950303,2.0862663939844146,0.0986142620028594,0.0011080200422453072,0.14927989394619634,0.0008409736398895064,0.162985528953177,0.03707960395787836
546,1778141769.2788906,1778141769.279531,1778141769.279531,9.132413,0.6403923034667969,0.00247955322265625,0.00324249267578125,0.00743865966796875,-0.16727733612060547,-0.034142494201660156,-0.00476837158203125,0.0986142620028594,0.0011080200422453072,0.14927989394619634,2.5502906307164683,-2.4595066004950303,2.0862663939844146,0.0986142620028594,0.0011080200422453072,0.14927989394619634,0.0008409736398895064,0.162985528953177,0.03707960395787836
547,1778141769.2889762,1778141769.2897387,1778141769.2897387,9.142665,0.7624626159667969,0.00247955322265625,0.00324249267578125,0.00743865966796875,-0.16727733612060547,-0.034142494201660156,-0.00476837158203125,0.0986142620028594,0.0011080200422453072,0.14927989394619634,2.5502906307164683,-2.4595066004950303,2.0862663939844146,0.0986142620028594,0.0011080200422453072,0.14927989394619634,0.0008409736398895064,0.162985528953177,0.03707960395787836
548,1778141769.2988882,1778141769.29973,1778141769.29973,9.153019,0.8418560028076172,0.00247955322265625,0.00324249267578125,0.00743865966796875,-0.16727733612060547,-0.034142494201660156,-0.00476837158203125,0.0986142620028594,0.0011080200422453072,0.14927989394619634,2.5502906307164683,-2.4595066004950303,2.0862663939844146,0.0986142620028594,0.0011080200422453072,0.14927989394619634,0.0008409736398895064,0.162985528953177,0.03707960395787836
549,1778141769.3090067,1778141769.3099306,1778141769.3099306,9.163276,0.9238719940185547,0.00247955322265625,0.00324249267578125,0.00705718994140625,-0.16727733612060547,-0.034142494201660156,-0.00476837158203125,0.09863137412531373,0.0011080615129798663,0.1491491933088813,2.5503938580129044,-2.4596337298462942,2.08553931537686,0.09863137412531373,0.0011080615129798663,0.1491491933088813,0.0008543479432886449,0.16336677034769248,0.037081773850933246
550,1778141769.318853,1778141769.31966,1778141769.31966,9.173647,0.8070468902587891,0.00247955322265625,0.00324249267578125,0.00743865966796875,-0.16727733612060547,-0.034142494201660156,-0.00476837158203125,0.0986142620028594,0.0011080200422453072,0.14927989394619634,2.5502906307164683,-2.4595066004950303,2.0862663939844146,0.0986142620028594,0.0011080200422453072,0.14927989394619634,0.0008409736398895064,0.162985528953177,0.03707960395787836
551,1778141769.3289008,1778141769.3295975,1778141769.3295975,9.183868,0.6966590881347656,0.00247955322265625,0.00324249267578125,0.00743865966796875,-0.16727733612060547,-0.034142494201660156,-0.00476837158203125,0.0986142620028594,0.0011080200422453072,0.14927989394619634,2.5502906307164683,-2.4595066004950303,2.0862663939844146,0.0986142620028594,0.0011080200422453072,0.14927989394619634,0.0008409736398895064,0.162985528953177,0.03707960395787836
552,1778141769.3388972,1778141769.339437,1778141769.339437,9.19217,0.5397796630859375,0.00247955322265625,0.00324249267578125,0.00705718994140625,-0.16727733612060547,-0.034142494201660156,-0.00476837158203125,0.09863137412531373,0.0011080615129798663,0.1491491933088813,2.5503938580129044,-2.4596337298462942,2.08553931537686,0.09863137412531373,0.0011080615129798663,0.1491491933088813,0.0008543479432886449,0.16336677034769248,0.037081773850933246
553,1778141769.3488526,1778141769.3496425,1778141769.3496425,9.202462,0.7898807525634766,0.00247955322265625,0.00324249267578125,0.00705718994140625,-0.16727733612060547,-0.034142494201660156,-0.00476837158203125,0.09863137412531373,0.0011080615129798663,0.1491491933088813,2.5503938580129044,-2.4596337298462942,2.08553931537686,0.09863137412531373,0.0011080615129798663,0.1491491933088813,0.0008543479432886449,0.16336677034769248,0.037081773850933246
554,1778141769.358869,1778141769.3595188,1778141769.3595188,9.212788,0.6496906280517578,0.00247955322265625,0.00324249267578125,0.00743865966796875,-0.16727733612060547,-0.034142494201660156,-0.00476837158203125,0.0986142620028594,0.0011080200422453072,0.14927989394619634,2.5502906307164683,-2.4595066004950303,2.0862663939844146,0.0986142620028594,0.0011080200422453072,0.14927989394619634,0.0008409736398895064,0.162985528953177,0.03707960395787836
555,1778141769.3688645,1778141769.369577,1778141769.369577,9.223132,0.7123947143554688,0.00247955322265625,0.00324249267578125,0.00743865966796875,-0.16727733612060547,-0.034142494201660156,-0.00476837158203125,0.0986142620028594,0.0011080200422453072,0.14927989394619634,2.5502906307164683,-2.4595066004950303,2.0862663939844146,0.0986142620028594,0.0011080200422453072,0.14927989394619634,0.0008409736398895064,0.162985528953177,0.03707960395787836
556,1778141769.3788495,1778141769.379483,1778141769.379483,9.233319,0.6334781646728516,0.00247955322265625,0.00324249267578125,0.00743865966796875,-0.16727733612060547,-0.034142494201660156,-0.00476837158203125,0.0986142620028594,0.0011080200422453072,0.14927989394619634,2.5502906307164683,-2.4595066004950303,2.0862663939844146,0.0986142620028594,0.0011080200422453072,0.14927989394619634,0.0008409736398895064,0.162985528953177,0.03707960395787836
557,1778141769.3888607,1778141769.3896723,1778141769.3896723,9.243647,0.8115768432617188,0.00247955322265625,0.00324249267578125,0.00743865966796875,-0.16727733612060547,-0.034142494201660156,-0.00476837158203125,0.0986142620028594,0.0011080200422453072,0.14927989394619634,2.5502906307164683,-2.4595066004950303,2.0862663939844146,0.0986142620028594,0.0011080200422453072,0.14927989394619634,0.0008409736398895064,0.162985528953177,0.03707960395787836
558,1778141769.398887,1778141769.3995554,1778141769.3995554,9.253984,0.6685256958007812,0.00247955322265625,0.00324249267578125,0.00743865966796875,-0.16727733612060547,-0.034142494201660156,-0.00476837158203125,0.0986142620028594,0.0011080200422453072,0.14927989394619634,2.5502906307164683,-2.4595066004950303,2.0862663939844146,0.0986142620028594,0.0011080200422453072,0.14927989394619634,0.0008409736398895064,0.162985528953177,0.03707960395787836
559,1778141769.408892,1778141769.4096234,1778141769.4096234,9.262249,0.7314682006835938,0.00247955322265625,0.00324249267578125,0.00705718994140625,-0.16727733612060547,-0.034142494201660156,-0.00476837158203125,0.09863137412531373,0.0011080615129798663,0.1491491933088813,2.5503938580129044,-2.4596337298462942,2.08553931537686,0.09863137412531373,0.0011080615129798663,0.1491491933088813,0.0008543479432886449,0.16336677034769248,0.037081773850933246
560,1778141769.418881,1778141769.4201198,1778141769.4201198,9.272535,1.2388229370117188,0.00247955322265625,0.00324249267578125,0.00743865966796875,-0.16727733612060547,-0.034142494201660156,-0.00476837158203125,0.0986142620028594,0.0011080200422453072,0.14927989394619634,2.5502906307164683,-2.4595066004950303,2.0862663939844146,0.0986142620028594,0.0011080200422453072,0.14927989394619634,0.0008409736398895064,0.162985528953177,0.03707960395787836
561,1778141769.428893,1778141769.4298644,1778141769.4298644,9.282839,0.9713172912597656,0.00247955322265625,0.00324249267578125,0.00743865966796875,-0.16727733612060547,-0.034142494201660156,-0.00476837158203125,0.0986142620028594,0.0011080200422453072,0.14927989394619634,2.5502906307164683,-2.4595066004950303,2.0862663939844146,0.0986142620028594,0.0011080200422453072,0.14927989394619634,0.0008409736398895064,0.162985528953177,0.03707960395787836
562,1778141769.438859,1778141769.4397116,1778141769.4397116,9.293122,0.8525848388671875,0.00247955322265625,0.00324249267578125,0.00743865966796875,-0.16727733612060547,-0.034142494201660156,-0.00476837158203125,0.0986142620028594,0.0011080200422453072,0.14927989394619634,2.5502906307164683,-2.4595066004950303,2.0862663939844146,0.0986142620028594,0.0011080200422453072,0.14927989394619634,0.0008409736398895064,0.162985528953177,0.03707960395787836
563,1778141769.4488544,1778141769.4495518,1778141769.4495518,9.303406,0.6973743438720703,0.00247955322265625,0.00324249267578125,0.00743865966796875,-0.16727733612060547,-0.034142494201660156,-0.00476837158203125,0.0986142620028594,0.0011080200422453072,0.14927989394619634,2.5502906307164683,-2.4595066004950303,2.0862663939844146,0.0986142620028594,0.0011080200422453072,0.14927989394619634,0.0008409736398895064,0.162985528953177,0.03707960395787836
564,1778141769.4588628,1778141769.4596603,1778141769.4596603,9.313666,0.7975101470947266,0.00247955322265625,0.00324249267578125,0.00743865966796875,-0.16727733612060547,-0.034142494201660156,-0.00476837158203125,0.0986142620028594,0.0011080200422453072,0.14927989394619634,2.5502906307164683,-2.4595066004950303,2.0862663939844146,0.0986142620028594,0.0011080200422453072,0.14927989394619634,0.0008409736398895064,0.162985528953177,0.03707960395787836
565,1778141769.4688869,1778141769.4693663,1778141769.4693663,9.321924,0.4794597625732422,0.00247955322265625,0.00324249267578125,0.00743865966796875,-0.16727733612060547,-0.034142494201660156,-0.00476837158203125,0.0986142620028594,0.0011080200422453072,0.14927989394619634,2.5502906307164683,-2.4595066004950303,2.0862663939844146,0.0986142620028594,0.0011080200422453072,0.14927989394619634,0.0008409736398895064,0.162985528953177,0.03707960395787836
566,1778141769.4788713,1778141769.4798772,1778141769.4798772,9.332224,1.0058879852294922,0.00247955322265625,0.00324249267578125,0.00743865966796875,-0.16727733612060547,-0.034142494201660156,-0.00476837158203125,0.0986142620028594,0.0011080200422453072,0.14927989394619634,2.5502906307164683,-2.4595066004950303,2.0862663939844146,0.0986142620028594,0.0011080200422453072,0.14927989394619634,0.0008409736398895064,0.162985528953177,0.03707960395787836
567,1778141769.4888828,1778141769.4897728,1778141769.4897728,9.342498,0.8900165557861328,0.00247955322265625,0.00324249267578125,0.00743865966796875,-0.16727733612060547,-0.034142494201660156,-0.00476837158203125,0.0986142620028594,0.0011080200422453072,0.14927989394619634,2.5502906307164683,-2.4595066004950303,2.0862663939844146,0.0986142620028594,0.0011080200422453072,0.14927989394619634,0.0008409736398895064,0.162985528953177,0.03707960395787836
568,1778141769.4988918,1778141769.4995334,1778141769.4995334,9.35276,0.6415843963623047,0.00247955322265625,0.00324249267578125,0.00743865966796875,-0.16727733612060547,-0.034142494201660156,-0.00476837158203125,0.0986142620028594,0.0011080200422453072,0.14927989394619634,2.5502906307164683,-2.4595066004950303,2.0862663939844146,0.0986142620028594,0.0011080200422453072,0.14927989394619634,0.0008409736398895064,0.162985528953177,0.03707960395787836
569,1778141769.5088696,1778141769.5095477,1778141769.5095477,9.363165,0.6780624389648438,0.00247955322265625,0.00324249267578125,0.00743865966796875,-0.16727733612060547,-0.034142494201660156,-0.00476837158203125,0.0986142620028594,0.0011080200422453072,0.14927989394619634,2.5502906307164683,-2.4595066004950303,2.0862663939844146,0.0986142620028594,0.0011080200422453072,0.14927989394619634,0.0008409736398895064,0.162985528953177,0.03707960395787836
570,1778141769.5188656,1778141769.5194101,1778141769.5194101,9.37339,0.5445480346679688,0.00247955322265625,0.00324249267578125,0.00743865966796875,-0.16727733612060547,-0.034142494201660156,-0.00476837158203125,0.0986142620028594,0.0011080200422453072,0.14927989394619634,2.5502906307164683,-2.4595066004950303,2.0862663939844146,0.0986142620028594,0.0011080200422453072,0.14927989394619634,0.0008409736398895064,0.162985528953177,0.03707960395787836
571,1778141769.5288522,1778141769.5293899,1778141769.5293899,9.383712,0.5376338958740234,0.00247955322265625,0.00324249267578125,0.00743865966796875,-0.16727733612060547,-0.034142494201660156,-0.00476837158203125,0.0986142620028594,0.0011080200422453072,0.14927989394619634,2.5502906307164683,-2.4595066004950303,2.0862663939844146,0.0986142620028594,0.0011080200422453072,0.14927989394619634,0.0008409736398895064,0.162985528953177,0.03707960395787836
572,1778141769.538869,1778141769.5398164,1778141769.5398164,9.39407,0.9474754333496094,0.00247955322265625,0.00324249267578125,0.00743865966796875,-0.16727733612060547,-0.034142494201660156,-0.00476837158203125,0.0986142620028594,0.0011080200422453072,0.14927989394619634,2.5502906307164683,-2.4595066004950303,2.0862663939844146,0.0986142620028594,0.0011080200422453072,0.14927989394619634,0.0008409736398895064,0.162985528953177,0.03707960395787836
573,1778141769.5488853,1778141769.5493424,1778141769.5493424,9.402272,0.4570484161376953,0.00247955322265625,0.00324249267578125,0.00743865966796875,-0.16727733612060547,-0.034142494201660156,-0.00476837158203125,0.0986142620028594,0.0011080200422453072,0.14927989394619634,2.5502906307164683,-2.4595066004950303,2.0862663939844146,0.0986142620028594,0.0011080200422453072,0.14927989394619634,0.0008409736398895064,0.162985528953177,0.03707960395787836
574,1778141769.5589232,1778141769.5597136,1778141769.5597136,9.41257,0.7903575897216797,0.00247955322265625,0.00324249267578125,0.00743865966796875,-0.16727733612060547,-0.034142494201660156,-0.00476837158203125,0.0986142620028594,0.0011080200422453072,0.14927989394619634,2.5502906307164683,-2.4595066004950303,2.0862663939844146,0.0986142620028594,0.0011080200422453072,0.14927989394619634,0.0008409736398895064,0.162985528953177,0.03707960395787836
575,1778141769.5689113,1778141769.5694778,1778141769.5694778,9.422865,0.5664825439453125,0.00247955322265625,0.00324249267578125,0.00705718994140625,-0.16727733612060547,-0.034142494201660156,-0.00476837158203125,0.09863137412531373,0.0011080615129798663,0.1491491933088813,2.5503938580129044,-2.4596337298462942,2.08553931537686,0.09863137412531373,0.0011080615129798663,0.1491491933088813,0.0008543479432886449,0.16336677034769248,0.037081773850933246
576,1778141769.5788743,1778141769.5797558,1778141769.5797558,9.433202,0.8814334869384766,0.00247955322265625,0.00324249267578125,0.00743865966796875,-0.16727733612060547,-0.034142494201660156,-0.00476837158203125,0.0986142620028594,0.0011080200422453072,0.14927989394619634,2.5502906307164683,-2.4595066004950303,2.0862663939844146,0.0986142620028594,0.0011080200422453072,0.14927989394619634,0.0008409736398895064,0.162985528953177,0.03707960395787836
577,1778141769.5888658,1778141769.5895908,1778141769.5895908,9.443472,0.7250308990478516,0.00247955322265625,0.00324249267578125,0.00743865966796875,-0.16727733612060547,-0.034142494201660156,-0.00476837158203125,0.0986142620028594,0.0011080200422453072,0.14927989394619634,2.5502906307164683,-2.4595066004950303,2.0862663939844146,0.0986142620028594,0.0011080200422453072,0.14927989394619634,0.0008409736398895064,0.162985528953177,0.03707960395787836
578,1778141769.5989058,1778141769.5997953,1778141769.5997953,9.453841,0.8895397186279297,0.00247955322265625,0.00324249267578125,0.00743865966796875,-0.16727733612060547,-0.034142494201660156,-0.00476837158203125,0.0986142620028594,0.0011080200422453072,0.14927989394619634,2.5502906307164683,-2.4595066004950303,2.0862663939844146,0.0986142620028594,0.0011080200422453072,0.14927989394619634,0.0008409736398895064,0.162985528953177,0.03707960395787836
579,1778141769.6089098,1778141769.609751,1778141769.609751,9.464147,0.8411407470703125,0.00247955322265625,0.00324249267578125,0.00743865966796875,-0.16727733612060547,-0.034142494201660156,-0.00476837158203125,0.0986142620028594,0.0011080200422453072,0.14927989394619634,2.5502906307164683,-2.4595066004950303,2.0862663939844146,0.0986142620028594,0.0011080200422453072,0.14927989394619634,0.0008409736398895064,0.162985528953177,0.03707960395787836
580,1778141769.6188664,1778141769.619693,1778141769.619693,9.472388,0.8265972137451172,0.00247955322265625,0.00324249267578125,0.00743865966796875,-0.16727733612060547,-0.034142494201660156,-0.00476837158203125,0.0986142620028594,0.0011080200422453072,0.14927989394619634,2.5502906307164683,-2.4595066004950303,2.0862663939844146,0.0986142620028594,0.0011080200422453072,0.14927989394619634,0.0008409736398895064,0.162985528953177,0.03707960395787836
581,1778141769.6288545,1778141769.6294506,1778141769.6294506,9.482666,0.5960464477539062,0.00247955322265625,0.00324249267578125,0.00705718994140625,-0.16727733612060547,-0.034142494201660156,-0.00476837158203125,0.09863137412531373,0.0011080615129798663,0.1491491933088813,2.5503938580129044,-2.4596337298462942,2.08553931537686,0.09863137412531373,0.0011080615129798663,0.1491491933088813,0.0008543479432886449,0.16336677034769248,0.037081773850933246
582,1778141769.6389115,1778141769.639786,1778141769.639786,9.493005,0.8745193481445312,0.00247955322265625,0.00324249267578125,0.00705718994140625,-0.16727733612060547,-0.034142494201660156,-0.00476837158203125,0.09863137412531373,0.0011080615129798663,0.1491491933088813,2.5503938580129044,-2.4596337298462942,2.08553931537686,0.09863137412531373,0.0011080615129798663,0.1491491933088813,0.0008543479432886449,0.16336677034769248,0.037081773850933246
583,1778141769.648875,1778141769.6494908,1778141769.6494908,9.50333,0.6158351898193359,0.00247955322265625,0.00324249267578125,0.00743865966796875,-0.16727733612060547,-0.034142494201660156,-0.00476837158203125,0.0986142620028594,0.0011080200422453072,0.14927989394619634,2.5502906307164683,-2.4595066004950303,2.0862663939844146,0.0986142620028594,0.0011080200422453072,0.14927989394619634,0.0008409736398895064,0.162985528953177,0.03707960395787836
584,1778141769.6589825,1778141769.659588,1778141769.659588,9.513644,0.6055831909179688,0.00247955322265625,0.00324249267578125,0.00743865966796875,-0.16727733612060547,-0.034142494201660156,-0.00476837158203125,0.0986142620028594,0.0011080200422453072,0.14927989394619634,2.5502906307164683,-2.4595066004950303,2.0862663939844146,0.0986142620028594,0.0011080200422453072,0.14927989394619634,0.0008409736398895064,0.162985528953177,0.03707960395787836
585,1778141769.6688573,1778141769.6696885,1778141769.6696885,9.523948,0.8311271667480469,0.00247955322265625,0.00324249267578125,0.00743865966796875,-0.16727733612060547,-0.034142494201660156,-0.00476837158203125,0.0986142620028594,0.0011080200422453072,0.14927989394619634,2.5502906307164683,-2.4595066004950303,2.0862663939844146,0.0986142620028594,0.0011080200422453072,0.14927989394619634,0.0008409736398895064,0.162985528953177,0.03707960395787836
586,1778141769.6788876,1778141769.6798635,1778141769.6798635,9.532153,0.9758472442626953,0.00247955322265625,0.00324249267578125,0.00705718994140625,-0.16727733612060547,-0.034142494201660156,-0.00476837158203125,0.09863137412531373,0.0011080615129798663,0.1491491933088813,2.5503938580129044,-2.4596337298462942,2.08553931537686,0.09863137412531373,0.0011080615129798663,0.1491491933088813,0.0008543479432886449,0.16336677034769248,0.037081773850933246
587,1778141769.688999,1778141769.6898801,1778141769.6898801,9.54245,0.881195068359375,0.00247955322265625,0.00324249267578125,0.00743865966796875,-0.16727733612060547,-0.034142494201660156,-0.00476837158203125,0.0986142620028594,0.0011080200422453072,0.14927989394619634,2.5502906307164683,-2.4595066004950303,2.0862663939844146,0.0986142620028594,0.0011080200422453072,0.14927989394619634,0.0008409736398895064,0.162985528953177,0.03707960395787836
588,1778141769.6988583,1778141769.699729,1778141769.699729,9.552664,0.8707046508789062,0.00247955322265625,0.00324249267578125,0.00743865966796875,-0.16727733612060547,-0.034142494201660156,-0.00476837158203125,0.0986142620028594,0.0011080200422453072,0.14927989394619634,2.5502906307164683,-2.4595066004950303,2.0862663939844146,0.0986142620028594,0.0011080200422453072,0.14927989394619634,0.0008409736398895064,0.162985528953177,0.03707960395787836
589,1778141769.708887,1778141769.709369,1778141769.709369,9.563056,0.4818439483642578,0.00247955322265625,0.00324249267578125,0.00705718994140625,-0.16727733612060547,-0.034142494201660156,-0.00476837158203125,0.09863137412531373,0.0011080615129798663,0.1491491933088813,2.5503938580129044,-2.4596337298462942,2.08553931537686,0.09863137412531373,0.0011080615129798663,0.1491491933088813,0.0008543479432886449,0.16336677034769248,0.037081773850933246
590,1778141769.7188609,1778141769.7197447,1778141769.7197447,9.573273,0.8838176727294922,0.00247955322265625,0.00324249267578125,0.00743865966796875,-0.16727733612060547,-0.034142494201660156,-0.00476837158203125,0.0986142620028594,0.0011080200422453072,0.14927989394619634,2.5502906307164683,-2.4595066004950303,2.0862663939844146,0.0986142620028594,0.0011080200422453072,0.14927989394619634,0.0008409736398895064,0.162985528953177,0.03707960395787836
591,1778141769.7288833,1778141769.7294753,1778141769.7294753,9.583657,0.5919933319091797,0.00247955322265625,0.00324249267578125,0.00743865966796875,-0.16727733612060547,-0.034142494201660156,-0.00476837158203125,0.0986142620028594,0.0011080200422453072,0.14927989394619634,2.5502906307164683,-2.4595066004950303,2.0862663939844146,0.0986142620028594,0.0011080200422453072,0.14927989394619634,0.0008409736398895064,0.162985528953177,0.03707960395787836
592,1778141769.738971,1778141769.7393157,1778141769.7393157,9.591865,0.3447532653808594,0.00247955322265625,0.00324249267578125,0.00743865966796875,-0.16727733612060547,-0.034142494201660156,-0.00476837158203125,0.0986142620028594,0.0011080200422453072,0.14927989394619634,2.5502906307164683,-2.4595066004950303,2.0862663939844146,0.0986142620028594,0.0011080200422453072,0.14927989394619634,0.0008409736398895064,0.162985528953177,0.03707960395787836
593,1778141769.7488463,1778141769.749339,1778141769.749339,9.602207,0.4928112030029297,0.00247955322265625,0.00324249267578125,0.00705718994140625,-0.16727733612060547,-0.034142494201660156,-0.00476837158203125,0.09863137412531373,0.0011080615129798663,0.1491491933088813,2.5503938580129044,-2.4596337298462942,2.08553931537686,0.09863137412531373,0.0011080615129798663,0.1491491933088813,0.0008543479432886449,0.16336677034769248,0.037081773850933246
594,1778141769.758888,1778141769.759303,1778141769.759303,9.612501,0.4150867462158203,0.00247955322265625,0.00324249267578125,0.00743865966796875,-0.16727733612060547,-0.034142494201660156,-0.00476837158203125,0.0986142620028594,0.0011080200422453072,0.14927989394619634,2.5502906307164683,-2.4595066004950303,2.0862663939844146,0.0986142620028594,0.0011080200422453072,0.14927989394619634,0.0008409736398895064,0.162985528953177,0.03707960395787836
595,1778141769.7688835,1778141769.7695115,1778141769.7695115,9.622833,0.6279945373535156,0.00247955322265625,0.00324249267578125,0.00743865966796875,-0.16727733612060547,-0.034142494201660156,-0.00476837158203125,0.0986142620028594,0.0011080200422453072,0.14927989394619634,2.5502906307164683,-2.4595066004950303,2.0862663939844146,0.0986142620028594,0.0011080200422453072,0.14927989394619634,0.0008409736398895064,0.162985528953177,0.03707960395787836
596,1778141769.7789843,1778141769.7799973,1778141769.7799973,9.633168,1.013040542602539,0.00247955322265625,0.00324249267578125,0.00743865966796875,-0.16727733612060547,-0.034142494201660156,-0.00476837158203125,0.0986142620028594,0.0011080200422453072,0.14927989394619634,2.5502906307164683,-2.4595066004950303,2.0862663939844146,0.0986142620028594,0.0011080200422453072,0.14927989394619634,0.0008409736398895064,0.162985528953177,0.03707960395787836
597,1778141769.7888772,1778141769.7899308,1778141769.7899308,9.643473,1.0535717010498047,0.00247955322265625,0.00324249267578125,0.00743865966796875,-0.16727733612060547,-0.034142494201660156,-0.00476837158203125,0.0986142620028594,0.0011080200422453072,0.14927989394619634,2.5502906307164683,-2.4595066004950303,2.0862663939844146,0.0986142620028594,0.0011080200422453072,0.14927989394619634,0.0008409736398895064,0.162985528953177,0.03707960395787836
598,1778141769.7988605,1778141769.7996674,1778141769.7996674,9.653808,0.8068084716796875,0.00247955322265625,0.00324249267578125,0.00743865966796875,-0.16727733612060547,-0.034142494201660156,-0.00476837158203125,0.0986142620028594,0.0011080200422453072,0.14927989394619634,2.5502906307164683,-2.4595066004950303,2.0862663939844146,0.0986142620028594,0.0011080200422453072,0.14927989394619634,0.0008409736398895064,0.162985528953177,0.03707960395787836
599,1778141769.8088531,1778141769.8095806,1778141769.8095806,9.662056,0.7274150848388672,0.00247955322265625,0.00324249267578125,0.00743865966796875,-0.16727733612060547,-0.034142494201660156,-0.00476837158203125,0.0986142620028594,0.0011080200422453072,0.14927989394619634,2.5502906307164683,-2.4595066004950303,2.0862663939844146,0.0986142620028594,0.0011080200422453072,0.14927989394619634,0.0008409736398895064,0.162985528953177,0.03707960395787836
600,1778141769.8188567,1778141769.8195274,1778141769.8195274,9.672281,0.6706714630126953,0.00247955322265625,0.00324249267578125,0.00743865966796875,-0.16727733612060547,-0.034142494201660156,-0.00476837158203125,0.0986142620028594,0.0011080200422453072,0.14927989394619634,2.5502906307164683,-2.4595066004950303,2.0862663939844146,0.0986142620028594,0.0011080200422453072,0.14927989394619634,0.0008409736398895064,0.162985528953177,0.03707960395787836
601,1778141769.8288581,1778141769.8301318,1778141769.8301318,9.68264,1.2736320495605469,0.00247955322265625,0.00324249267578125,0.00743865966796875,-0.16727733612060547,-0.034142494201660156,-0.00476837158203125,0.0986142620028594,0.0011080200422453072,0.14927989394619634,2.5502906307164683,-2.4595066004950303,2.0862663939844146,0.0986142620028594,0.0011080200422453072,0.14927989394619634,0.0008409736398895064,0.162985528953177,0.03707960395787836
602,1778141769.8389688,1778141769.8397276,1778141769.8397276,9.692969,0.7588863372802734,0.00247955322265625,0.00324249267578125,0.00743865966796875,-0.16727733612060547,-0.034142494201660156,-0.00476837158203125,0.0986142620028594,0.0011080200422453072,0.14927989394619634,2.5502906307164683,-2.4595066004950303,2.0862663939844146,0.0986142620028594,0.0011080200422453072,0.14927989394619634,0.0008409736398895064,0.162985528953177,0.03707960395787836
603,1778141769.8488646,1778141769.8497324,1778141769.8497324,9.703264,0.8678436279296875,0.00247955322265625,0.00324249267578125,0.00705718994140625,-0.16727733612060547,-0.034142494201660156,-0.00476837158203125,0.09863137412531373,0.0011080615129798663,0.1491491933088813,2.5503938580129044,-2.4596337298462942,2.08553931537686,0.09863137412531373,0.0011080615129798663,0.1491491933088813,0.0008543479432886449,0.16336677034769248,0.037081773850933246
604,1778141769.858986,1778141769.8598907,1778141769.8598907,9.713581,0.9047985076904297,0.00247955322265625,0.00324249267578125,0.00743865966796875,-0.16727733612060547,-0.034142494201660156,-0.00476837158203125,0.0986142620028594,0.0011080200422453072,0.14927989394619634,2.5502906307164683,-2.4595066004950303,2.0862663939844146,0.0986142620028594,0.0011080200422453072,0.14927989394619634,0.0008409736398895064,0.162985528953177,0.03707960395787836
605,1778141769.868975,1778141769.8699474,1778141769.8699474,9.723868,0.9725093841552734,0.00247955322265625,0.00324249267578125,0.00743865966796875,-0.16727733612060547,-0.034142494201660156,-0.00476837158203125,0.0986142620028594,0.0011080200422453072,0.14927989394619634,2.5502906307164683,-2.4595066004950303,2.0862663939844146,0.0986142620028594,0.0011080200422453072,0.14927989394619634,0.0008409736398895064,0.162985528953177,0.03707960395787836
606,1778141769.8788464,1778141769.8794224,1778141769.8794224,9.732072,0.576019287109375,0.00247955322265625,0.00324249267578125,0.00743865966796875,-0.16727733612060547,-0.034142494201660156,-0.00476837158203125,0.0986142620028594,0.0011080200422453072,0.14927989394619634,2.5502906307164683,-2.4595066004950303,2.0862663939844146,0.0986142620028594,0.0011080200422453072,0.14927989394619634,0.0008409736398895064,0.162985528953177,0.03707960395787836
607,1778141769.8888807,1778141769.8894174,1778141769.8894174,9.742481,0.5366802215576172,0.00247955322265625,0.00324249267578125,0.00705718994140625,-0.16727733612060547,-0.034142494201660156,-0.00476837158203125,0.09863137412531373,0.0011080615129798663,0.1491491933088813,2.5503938580129044,-2.4596337298462942,2.08553931537686,0.09863137412531373,0.0011080615129798663,0.1491491933088813,0.0008543479432886449,0.16336677034769248,0.037081773850933246
608,1778141769.8989007,1778141769.899911,1778141769.899911,9.752667,1.0101795196533203,0.00247955322265625,0.00324249267578125,0.00743865966796875,-0.16727733612060547,-0.034142494201660156,-0.00476837158203125,0.0986142620028594,0.0011080200422453072,0.14927989394619634,2.5502906307164683,-2.4595066004950303,2.0862663939844146,0.0986142620028594,0.0011080200422453072,0.14927989394619634,0.0008409736398895064,0.162985528953177,0.03707960395787836
609,1778141769.9088812,1778141769.9096956,1778141769.9096956,9.763014,0.8144378662109375,0.00247955322265625,0.00324249267578125,0.00705718994140625,-0.16727733612060547,-0.034142494201660156,-0.00476837158203125,0.09863137412531373,0.0011080615129798663,0.1491491933088813,2.5503938580129044,-2.4596337298462942,2.08553931537686,0.09863137412531373,0.0011080615129798663,0.1491491933088813,0.0008543479432886449,0.16336677034769248,0.037081773850933246
610,1778141769.9188662,1778141769.91966,1778141769.91966,9.773236,0.7939338684082031,0.00247955322265625,0.00324249267578125,0.00705718994140625,-0.16727733612060547,-0.034142494201660156,-0.00476837158203125,0.09863137412531373,0.0011080615129798663,0.1491491933088813,2.5503938580129044,-2.4596337298462942,2.08553931537686,0.09863137412531373,0.0011080615129798663,0.1491491933088813,0.0008543479432886449,0.16336677034769248,0.037081773850933246
611,1778141769.9288774,1778141769.9297535,1778141769.9297535,9.783595,0.8761882781982422,0.00247955322265625,0.00324249267578125,0.00705718994140625,-0.16727733612060547,-0.034142494201660156,-0.00476837158203125,0.09863137412531373,0.0011080615129798663,0.1491491933088813,2.5503938580129044,-2.4596337298462942,2.08553931537686,0.09863137412531373,0.0011080615129798663,0.1491491933088813,0.0008543479432886449,0.16336677034769248,0.037081773850933246
612,1778141769.9388993,1778141769.9396703,1778141769.9396703,9.793873,0.7710456848144531,0.00247955322265625,0.00324249267578125,0.00743865966796875,-0.16727733612060547,-0.034142494201660156,-0.00476837158203125,0.0986142620028594,0.0011080200422453072,0.14927989394619634,2.5502906307164683,-2.4595066004950303,2.0862663939844146,0.0986142620028594,0.0011080200422453072,0.14927989394619634,0.0008409736398895064,0.162985528953177,0.03707960395787836
613,1778141769.9489934,1778141769.9494858,1778141769.9494858,9.802148,0.49233436584472656,0.00247955322265625,0.00324249267578125,0.00743865966796875,-0.16727733612060547,-0.034142494201660156,-0.00476837158203125,0.0986142620028594,0.0011080200422453072,0.14927989394619634,2.5502906307164683,-2.4595066004950303,2.0862663939844146,0.0986142620028594,0.0011080200422453072,0.14927989394619634,0.0008409736398895064,0.162985528953177,0.03707960395787836
614,1778141769.9589138,1778141769.9595096,1778141769.9595096,9.812656,0.5958080291748047,0.00247955322265625,0.00324249267578125,0.00743865966796875,-0.16727733612060547,-0.034142494201660156,-0.00476837158203125,0.0986142620028594,0.0011080200422453072,0.14927989394619634,2.5502906307164683,-2.4595066004950303,2.0862663939844146,0.0986142620028594,0.0011080200422453072,0.14927989394619634,0.0008409736398895064,0.162985528953177,0.03707960395787836
615,1778141769.969022,1778141769.9700153,1778141769.9700153,9.822872,0.9932518005371094,0.00247955322265625,0.00324249267578125,0.00743865966796875,-0.16727733612060547,-0.034142494201660156,-0.00476837158203125,0.0986142620028594,0.0011080200422453072,0.14927989394619634,2.5502906307164683,-2.4595066004950303,2.0862663939844146,0.0986142620028594,0.0011080200422453072,0.14927989394619634,0.0008409736398895064,0.162985528953177,0.03707960395787836
616,1778141769.978911,1778141769.9797108,1778141769.9797108,9.833161,0.7998943328857422,0.00247955322265625,0.00324249267578125,0.00743865966796875,-0.16727733612060547,-0.034142494201660156,-0.00476837158203125,0.0986142620028594,0.0011080200422453072,0.14927989394619634,2.5502906307164683,-2.4595066004950303,2.0862663939844146,0.0986142620028594,0.0011080200422453072,0.14927989394619634,0.0008409736398895064,0.162985528953177,0.03707960395787836
617,1778141769.9889245,1778141769.989675,1778141769.989675,9.843454,0.7505416870117188,0.00247955322265625,0.00324249267578125,0.00705718994140625,-0.16727733612060547,-0.034142494201660156,-0.00476837158203125,0.09863137412531373,0.0011080615129798663,0.1491491933088813,2.5503938580129044,-2.4596337298462942,2.08553931537686,0.09863137412531373,0.0011080615129798663,0.1491491933088813,0.0008543479432886449,0.16336677034769248,0.037081773850933246
618,1778141769.9988897,1778141769.999573,1778141769.999573,9.853833,0.6833076477050781,0.00247955322265625,0.00324249267578125,0.00743865966796875,-0.16727733612060547,-0.034142494201660156,-0.00476837158203125,0.0986142620028594,0.0011080200422453072,0.14927989394619634,2.5502906307164683,-2.4595066004950303,2.0862663939844146,0.0986142620028594,0.0011080200422453072,0.14927989394619634,0.0008409736398895064,0.162985528953177,0.03707960395787836
619,1778141770.0088825,1778141770.0101123,1778141770.0101123,9.864155,1.2297630310058594,0.00247955322265625,0.00324249267578125,0.00743865966796875,-0.16727733612060547,-0.034142494201660156,-0.00476837158203125,0.0986142620028594,0.0011080200422453072,0.14927989394619634,2.5502906307164683,-2.4595066004950303,2.0862663939844146,0.0986142620028594,0.0011080200422453072,0.14927989394619634,0.0008409736398895064,0.162985528953177,0.03707960395787836
620,1778141770.018862,1778141770.019551,1778141770.019551,9.872351,0.6890296936035156,0.00247955322265625,0.00324249267578125,0.00705718994140625,-0.16727733612060547,-0.034142494201660156,-0.00476837158203125,0.09863137412531373,0.0011080615129798663,0.1491491933088813,2.5503938580129044,-2.4596337298462942,2.08553931537686,0.09863137412531373,0.0011080615129798663,0.1491491933088813,0.0008543479432886449,0.16336677034769248,0.037081773850933246
621,1778141770.0288553,1778141770.029599,1778141770.029599,9.882647,0.7436275482177734,0.00247955322265625,0.00324249267578125,0.00743865966796875,-0.16727733612060547,-0.034142494201660156,-0.00476837158203125,0.0986142620028594,0.0011080200422453072,0.14927989394619634,2.5502906307164683,-2.4595066004950303,2.0862663939844146,0.0986142620028594,0.0011080200422453072,0.14927989394619634,0.0008409736398895064,0.162985528953177,0.03707960395787836
622,1778141770.0388765,1778141770.0395358,1778141770.0395358,9.892876,0.6592273712158203,0.00247955322265625,0.00324249267578125,0.00743865966796875,-0.16727733612060547,-0.034142494201660156,-0.00476837158203125,0.0986142620028594,0.0011080200422453072,0.14927989394619634,2.5502906307164683,-2.4595066004950303,2.0862663939844146,0.0986142620028594,0.0011080200422453072,0.14927989394619634,0.0008409736398895064,0.162985528953177,0.03707960395787836
623,1778141770.048912,1778141770.0495036,1778141770.0495036,9.903224,0.5915164947509766,0.00247955322265625,0.00324249267578125,0.00743865966796875,-0.16727733612060547,-0.034142494201660156,-0.00476837158203125,0.0986142620028594,0.0011080200422453072,0.14927989394619634,2.5502906307164683,-2.4595066004950303,2.0862663939844146,0.0986142620028594,0.0011080200422453072,0.14927989394619634,0.0008409736398895064,0.162985528953177,0.03707960395787836
624,1778141770.0588815,1778141770.059779,1778141770.059779,9.913502,0.8974075317382812,0.00247955322265625,0.00324249267578125,0.00743865966796875,-0.16727733612060547,-0.034142494201660156,-0.00476837158203125,0.0986142620028594,0.0011080200422453072,0.14927989394619634,2.5502906307164683,-2.4595066004950303,2.0862663939844146,0.0986142620028594,0.0011080200422453072,0.14927989394619634,0.0008409736398895064,0.162985528953177,0.03707960395787836
625,1778141770.069002,1778141770.0698931,1778141770.0698931,9.923816,0.8912086486816406,0.00247955322265625,0.00324249267578125,0.00705718994140625,-0.16727733612060547,-0.034142494201660156,-0.00476837158203125,0.09863137412531373,0.0011080615129798663,0.1491491933088813,2.5503938580129044,-2.4596337298462942,2.08553931537686,0.09863137412531373,0.0011080615129798663,0.1491491933088813,0.0008543479432886449,0.16336677034769248,0.037081773850933246
626,1778141770.078882,1778141770.0798833,1778141770.0798833,9.934103,1.0013580322265625,0.00247955322265625,0.00324249267578125,0.00705718994140625,-0.16727733612060547,-0.034142494201660156,-0.00476837158203125,0.09863137412531373,0.0011080615129798663,0.1491491933088813,2.5503938580129044,-2.4596337298462942,2.08553931537686,0.09863137412531373,0.0011080615129798663,0.1491491933088813,0.0008543479432886449,0.16336677034769248,0.037081773850933246
627,1778141770.0888932,1778141770.0894952,1778141770.0894952,9.942324,0.6020069122314453,0.00247955322265625,0.00324249267578125,0.00743865966796875,-0.16727733612060547,-0.034142494201660156,-0.00476837158203125,0.0986142620028594,0.0011080200422453072,0.14927989394619634,2.5502906307164683,-2.4595066004950303,2.0862663939844146,0.0986142620028594,0.0011080200422453072,0.14927989394619634,0.0008409736398895064,0.162985528953177,0.03707960395787836
628,1778141770.0988739,1778141770.0999033,1778141770.0999033,9.95261,1.0294914245605469,0.00247955322265625,0.00324249267578125,0.00743865966796875,-0.16727733612060547,-0.034142494201660156,-0.00476837158203125,0.0986142620028594,0.0011080200422453072,0.14927989394619634,2.5502906307164683,-2.4595066004950303,2.0862663939844146,0.0986142620028594,0.0011080200422453072,0.14927989394619634,0.0008409736398895064,0.162985528953177,0.03707960395787836
629,1778141770.1088839,1778141770.1094065,1778141770.1094065,9.962863,0.522613525390625,0.00247955322265625,0.00324249267578125,0.00705718994140625,-0.16727733612060547,-0.034142494201660156,-0.00476837158203125,0.09863137412531373,0.0011080615129798663,0.1491491933088813,2.5503938580129044,-2.4596337298462942,2.08553931537686,0.09863137412531373,0.0011080615129798663,0.1491491933088813,0.0008543479432886449,0.16336677034769248,0.037081773850933246
630,1778141770.1188493,1778141770.1193838,1778141770.1193838,9.973238,0.5345344543457031,0.00247955322265625,0.00324249267578125,0.00743865966796875,-0.16727733612060547,-0.034142494201660156,-0.00476837158203125,0.0986142620028594,0.0011080200422453072,0.14927989394619634,2.5502906307164683,-2.4595066004950303,2.0862663939844146,0.0986142620028594,0.0011080200422453072,0.14927989394619634,0.0008409736398895064,0.162985528953177,0.03707960395787836
631,1778141770.1289003,1778141770.1297147,1778141770.1297147,9.983547,0.8144378662109375,0.00247955322265625,0.00324249267578125,0.00743865966796875,-0.16727733612060547,-0.034142494201660156,-0.00476837158203125,0.0986142620028594,0.0011080200422453072,0.14927989394619634,2.5502906307164683,-2.4595066004950303,2.0862663939844146,0.0986142620028594,0.0011080200422453072,0.14927989394619634,0.0008409736398895064,0.162985528953177,0.03707960395787836
632,1778141770.1388476,1778141770.1393638,1778141770.1393638,9.99178,0.5161762237548828,0.00247955322265625,0.00324249267578125,0.00743865966796875,-0.16727733612060547,-0.034142494201660156,-0.00476837158203125,0.0986142620028594,0.0011080200422453072,0.14927989394619634,2.5502906307164683,-2.4595066004950303,2.0862663939844146,0.0986142620028594,0.0011080200422453072,0.14927989394619634,0.0008409736398895064,0.162985528953177,0.03707960395787836
633,1778141770.148893,1778141770.1498146,1778141770.1498146,10.00207,0.9214878082275391,0.00247955322265625,0.00324249267578125,0.00705718994140625,-0.16727733612060547,-0.034142494201660156,-0.00476837158203125,0.09863137412531373,0.0011080615129798663,0.1491491933088813,2.5503938580129044,-2.4596337298462942,2.08553931537686,0.09863137412531373,0.0011080615129798663,0.1491491933088813,0.0008543479432886449,0.16336677034769248,0.037081773850933246
634,1778141770.158883,1778141770.159696,1778141770.159696,10.012377,0.8130073547363281,0.00247955322265625,0.00324249267578125,0.00743865966796875,-0.16727733612060547,-0.034142494201660156,-0.00476837158203125,0.0986142620028594,0.0011080200422453072,0.14927989394619634,2.5502906307164683,-2.4595066004950303,2.0862663939844146,0.0986142620028594,0.0011080200422453072,0.14927989394619634,0.0008409736398895064,0.162985528953177,0.03707960395787836
635,1778141770.168883,1778141770.169803,1778141770.169803,10.022664,0.9198188781738281,0.00247955322265625,0.00324249267578125,0.00743865966796875,-0.16727733612060547,-0.034142494201660156,-0.00476837158203125,0.0986142620028594,0.0011080200422453072,0.14927989394619634,2.5502906307164683,-2.4595066004950303,2.0862663939844146,0.0986142620028594,0.0011080200422453072,0.14927989394619634,0.0008409736398895064,0.162985528953177,0.03707960395787836
636,1778141770.1788723,1778141770.1798308,1778141770.1798308,10.033015,0.9584426879882812,0.00247955322265625,0.00324249267578125,0.00705718994140625,-0.16727733612060547,-0.034142494201660156,-0.00476837158203125,0.09863137412531373,0.0011080615129798663,0.1491491933088813,2.5503938580129044,-2.4596337298462942,2.08553931537686,0.09863137412531373,0.0011080615129798663,0.1491491933088813,0.0008543479432886449,0.16336677034769248,0.037081773850933246
637,1778141770.1889105,1778141770.1901405,1778141770.1901405,10.043285,1.230001449584961,0.00247955322265625,0.00324249267578125,0.00743865966796875,-0.16727733612060547,-0.034142494201660156,-0.00476837158203125,0.0986142620028594,0.0011080200422453072,0.14927989394619634,2.5502906307164683,-2.4595066004950303,2.0862663939844146,0.0986142620028594,0.0011080200422453072,0.14927989394619634,0.0008409736398895064,0.162985528953177,0.03707960395787836
638,1778141770.1988785,1778141770.2001104,1778141770.2001104,10.053568,1.2319087982177734,0.00247955322265625,0.00324249267578125,0.00743865966796875,-0.16727733612060547,-0.034142494201660156,-0.00476837158203125,0.0986142620028594,0.0011080200422453072,0.14927989394619634,2.5502906307164683,-2.4595066004950303,2.0862663939844146,0.0986142620028594,0.0011080200422453072,0.14927989394619634,0.0008409736398895064,0.162985528953177,0.03707960395787836
639,1778141770.2089286,1778141770.2096088,1778141770.2096088,10.063871,0.6802082061767578,0.00247955322265625,0.00324249267578125,0.00743865966796875,-0.16727733612060547,-0.034142494201660156,-0.00476837158203125,0.0986142620028594,0.0011080200422453072,0.14927989394619634,2.5502906307164683,-2.4595066004950303,2.0862663939844146,0.0986142620028594,0.0011080200422453072,0.14927989394619634,0.0008409736398895064,0.162985528953177,0.03707960395787836
640,1778141770.2188742,1778141770.2198699,1778141770.2198699,10.07212,0.995635986328125,0.00247955322265625,0.00324249267578125,0.00743865966796875,-0.16727733612060547,-0.034142494201660156,-0.00476837158203125,0.0986142620028594,0.0011080200422453072,0.14927989394619634,2.5502906307164683,-2.4595066004950303,2.0862663939844146,0.0986142620028594,0.0011080200422453072,0.14927989394619634,0.0008409736398895064,0.162985528953177,0.03707960395787836
641,1778141770.228948,1778141770.2299292,1778141770.2299292,10.082365,0.9810924530029297,0.00247955322265625,0.00324249267578125,0.00743865966796875,-0.16727733612060547,-0.034142494201660156,-0.00476837158203125,0.0986142620028594,0.0011080200422453072,0.14927989394619634,2.5502906307164683,-2.4595066004950303,2.0862663939844146,0.0986142620028594,0.0011080200422453072,0.14927989394619634,0.0008409736398895064,0.162985528953177,0.03707960395787836
642,1778141770.239004,1778141770.2396758,1778141770.2396758,10.092665,0.6718635559082031,0.00247955322265625,0.00324249267578125,0.00743865966796875,-0.16727733612060547,-0.034142494201660156,-0.00476837158203125,0.0986142620028594,0.0011080200422453072,0.14927989394619634,2.5502906307164683,-2.4595066004950303,2.0862663939844146,0.0986142620028594,0.0011080200422453072,0.14927989394619634,0.0008409736398895064,0.162985528953177,0.03707960395787836
643,1778141770.248951,1778141770.2499487,1778141770.2499487,10.103152,0.9977817535400391,0.00247955322265625,0.00324249267578125,0.00705718994140625,-0.16727733612060547,-0.034142494201660156,-0.00476837158203125,0.09863137412531373,0.0011080615129798663,0.1491491933088813,2.5503938580129044,-2.4596337298462942,2.08553931537686,0.09863137412531373,0.0011080615129798663,0.1491491933088813,0.0008543479432886449,0.16336677034769248,0.037081773850933246
644,1778141770.2588847,1778141770.2598708,1778141770.2598708,10.113429,0.9860992431640625,0.00247955322265625,0.00324249267578125,0.00743865966796875,-0.16727733612060547,-0.034142494201660156,-0.00476837158203125,0.0986142620028594,0.0011080200422453072,0.14927989394619634,2.5502906307164683,-2.4595066004950303,2.0862663939844146,0.0986142620028594,0.0011080200422453072,0.14927989394619634,0.0008409736398895064,0.162985528953177,0.03707960395787836
645,1778141770.2688932,1778141770.2700462,1778141770.2700462,10.123783,1.1529922485351562,0.00247955322265625,0.00324249267578125,0.00705718994140625,-0.16727733612060547,-0.034142494201660156,-0.00476837158203125,0.09863137412531373,0.0011080615129798663,0.1491491933088813,2.5503938580129044,-2.4596337298462942,2.08553931537686,0.09863137412531373,0.0011080615129798663,0.1491491933088813,0.0008543479432886449,0.16336677034769248,0.037081773850933246
646,1778141770.2788785,1778141770.2800674,1778141770.2800674,10.13407,1.1889934539794922,0.00247955322265625,0.00324249267578125,0.00743865966796875,-0.16727733612060547,-0.034142494201660156,-0.00476837158203125,0.0986142620028594,0.0011080200422453072,0.14927989394619634,2.5502906307164683,-2.4595066004950303,2.0862663939844146,0.0986142620028594,0.0011080200422453072,0.14927989394619634,0.0008409736398895064,0.162985528953177,0.03707960395787836
647,1778141770.2888525,1778141770.2897158,1778141770.2897158,10.142297,0.8633136749267578,0.00247955322265625,0.00324249267578125,0.00743865966796875,-0.16727733612060547,-0.034142494201660156,-0.00476837158203125,0.0986142620028594,0.0011080200422453072,0.14927989394619634,2.5502906307164683,-2.4595066004950303,2.0862663939844146,0.0986142620028594,0.0011080200422453072,0.14927989394619634,0.0008409736398895064,0.162985528953177,0.03707960395787836
648,1778141770.2988558,1778141770.2999272,1778141770.2999272,10.152611,1.0714530944824219,0.00247955322265625,0.00324249267578125,0.00705718994140625,-0.16727733612060547,-0.034142494201660156,-0.00476837158203125,0.09863137412531373,0.0011080615129798663,0.1491491933088813,2.5503938580129044,-2.4596337298462942,2.08553931537686,0.09863137412531373,0.0011080615129798663,0.1491491933088813,0.0008543479432886449,0.16336677034769248,0.037081773850933246
649,1778141770.3090215,1778141770.3099406,1778141770.3099406,10.162979,0.9191036224365234,0.00247955322265625,0.00324249267578125,0.00743865966796875,-0.16727733612060547,-0.034142494201660156,-0.00476837158203125,0.0986142620028594,0.0011080200422453072,0.14927989394619634,2.5502906307164683,-2.4595066004950303,2.0862663939844146,0.0986142620028594,0.0011080200422453072,0.14927989394619634,0.0008409736398895064,0.162985528953177,0.03707960395787836
650,1778141770.3188903,1778141770.3196945,1778141770.3196945,10.17321,0.8041858673095703,0.00247955322265625,0.00324249267578125,0.00743865966796875,-0.16689586639404297,-0.034142494201660156,-0.00476837158203125,0.09862039791565635,0.001108035531025012,0.14931722927099367,2.5501872554294027,-2.4593793220268365,2.0869935397018646,0.09862039791565635,0.001108035531025012,0.14931722927099367,0.0008276010122516941,0.16260428753006206,0.03707743936769013
651,1778141770.3288643,1778141770.3294942,1778141770.3294942,10.183478,0.6299018859863281,0.00247955322265625,0.00324249267578125,0.00743865966796875,-0.16727733612060547,-0.034142494201660156,-0.00476837158203125,0.0986142620028594,0.0011080200422453072,0.14927989394619634,2.5502906307164683,-2.4595066004950303,2.0862663939844146,0.0986142620028594,0.0011080200422453072,0.14927989394619634,0.0008409736398895064,0.162985528953177,0.03707960395787836
652,1778141770.3388884,1778141770.339721,1778141770.339721,10.193839,0.8325576782226562,0.00247955322265625,0.00324249267578125,0.00743865966796875,-0.16727733612060547,-0.034142494201660156,-0.00476837158203125,0.0986142620028594,0.0011080200422453072,0.14927989394619634,2.5502906307164683,-2.4595066004950303,2.0862663939844146,0.0986142620028594,0.0011080200422453072,0.14927989394619634,0.0008409736398895064,0.162985528953177,0.03707960395787836
653,1778141770.3488855,1778141770.3500822,1778141770.3500822,10.202123,1.1966228485107422,0.00247955322265625,0.00324249267578125,0.00743865966796875,-0.16727733612060547,-0.034142494201660156,-0.00476837158203125,0.0986142620028594,0.0011080200422453072,0.14927989394619634,2.5502906307164683,-2.4595066004950303,2.0862663939844146,0.0986142620028594,0.0011080200422453072,0.14927989394619634,0.0008409736398895064,0.162985528953177,0.03707960395787836
654,1778141770.3588831,1778141770.359569,1778141770.359569,10.212376,0.6859302520751953,0.00247955322265625,0.00324249267578125,0.00743865966796875,-0.16727733612060547,-0.034142494201660156,-0.00476837158203125,0.0986142620028594,0.0011080200422453072,0.14927989394619634,2.5502906307164683,-2.4595066004950303,2.0862663939844146,0.0986142620028594,0.0011080200422453072,0.14927989394619634,0.0008409736398895064,0.162985528953177,0.03707960395787836
655,1778141770.3689177,1778141770.3697636,1778141770.3697636,10.22276,0.8459091186523438,0.00247955322265625,0.00324249267578125,0.00705718994140625,-0.16727733612060547,-0.034142494201660156,-0.00476837158203125,0.09863137412531373,0.0011080615129798663,0.1491491933088813,2.5503938580129044,-2.4596337298462942,2.08553931537686,0.09863137412531373,0.0011080615129798663,0.1491491933088813,0.0008543479432886449,0.16336677034769248,0.037081773850933246
656,1778141770.3788908,1778141770.379578,1778141770.379578,10.233072,0.6873607635498047,0.00247955322265625,0.00324249267578125,0.00743865966796875,-0.16727733612060547,-0.034142494201660156,-0.00476837158203125,0.0986142620028594,0.0011080200422453072,0.14927989394619634,2.5502906307164683,-2.4595066004950303,2.0862663939844146,0.0986142620028594,0.0011080200422453072,0.14927989394619634,0.0008409736398895064,0.162985528953177,0.03707960395787836
657,1778141770.388857,1778141770.389709,1778141770.389709,10.243282,0.8521080017089844,0.00247955322265625,0.00324249267578125,0.00705718994140625,-0.16727733612060547,-0.034142494201660156,-0.00476837158203125,0.09863137412531373,0.0011080615129798663,0.1491491933088813,2.5503938580129044,-2.4596337298462942,2.08553931537686,0.09863137412531373,0.0011080615129798663,0.1491491933088813,0.0008543479432886449,0.16336677034769248,0.037081773850933246
658,1778141770.3989062,1778141770.3994262,1778141770.3994262,10.253633,0.5199909210205078,0.00247955322265625,0.00324249267578125,0.00705718994140625,-0.16727733612060547,-0.034142494201660156,-0.00476837158203125,0.09863137412531373,0.0011080615129798663,0.1491491933088813,2.5503938580129044,-2.4596337298462942,2.08553931537686,0.09863137412531373,0.0011080615129798663,0.1491491933088813,0.0008543479432886449,0.16336677034769248,0.037081773850933246
659,1778141770.408919,1778141770.4097414,1778141770.4097414,10.263928,0.8223056793212891,0.00247955322265625,0.00324249267578125,0.00743865966796875,-0.16727733612060547,-0.034142494201660156,-0.00476837158203125,0.0986142620028594,0.0011080200422453072,0.14927989394619634,2.5502906307164683,-2.4595066004950303,2.0862663939844146,0.0986142620028594,0.0011080200422453072,0.14927989394619634,0.0008409736398895064,0.162985528953177,0.03707960395787836
660,1778141770.4188786,1778141770.4198008,1778141770.4198008,10.272166,0.9222030639648438,0.00247955322265625,0.00324249267578125,0.00743865966796875,-0.16727733612060547,-0.034142494201660156,-0.00476837158203125,0.0986142620028594,0.0011080200422453072,0.14927989394619634,2.5502906307164683,-2.4595066004950303,2.0862663939844146,0.0986142620028594,0.0011080200422453072,0.14927989394619634,0.0008409736398895064,0.162985528953177,0.03707960395787836
661,1778141770.428871,1778141770.4294534,1778141770.4294534,10.282444,0.5824565887451172,0.00247955322265625,0.00324249267578125,0.00743865966796875,-0.16727733612060547,-0.034142494201660156,-0.00476837158203125,0.0986142620028594,0.0011080200422453072,0.14927989394619634,2.5502906307164683,-2.4595066004950303,2.0862663939844146,0.0986142620028594,0.0011080200422453072,0.14927989394619634,0.0008409736398895064,0.162985528953177,0.03707960395787836
662,1778141770.4388893,1778141770.4397883,1778141770.4397883,10.292777,0.8990764617919922,0.00247955322265625,0.00324249267578125,0.00743865966796875,-0.16689586639404297,-0.034142494201660156,-0.00476837158203125,0.09862039791565635,0.001108035531025012,0.14931722927099367,2.5501872554294027,-2.4593793220268365,2.0869935397018646,0.09862039791565635,0.001108035531025012,0.14931722927099367,0.0008276010122516941,0.16260428753006206,0.03707743936769013
663,1778141770.448946,1778141770.4498856,1778141770.4498856,10.303111,0.9396076202392578,0.00247955322265625,0.00324249267578125,0.00705718994140625,-0.16727733612060547,-0.034142494201660156,-0.00476837158203125,0.09863137412531373,0.0011080615129798663,0.1491491933088813,2.5503938580129044,-2.4596337298462942,2.08553931537686,0.09863137412531373,0.0011080615129798663,0.1491491933088813,0.0008543479432886449,0.16336677034769248,0.037081773850933246
664,1778141770.4588883,1778141770.4599717,1778141770.4599717,10.313366,1.0833740234375,0.00247955322265625,0.00324249267578125,0.00705718994140625,-0.16727733612060547,-0.034142494201660156,-0.00476837158203125,0.09863137412531373,0.0011080615129798663,0.1491491933088813,2.5503938580129044,-2.4596337298462942,2.08553931537686,0.09863137412531373,0.0011080615129798663,0.1491491933088813,0.0008543479432886449,0.16336677034769248,0.037081773850933246
665,1778141770.468961,1778141770.4695554,1778141770.4695554,10.323664,0.5943775177001953,0.00247955322265625,0.00324249267578125,0.00743865966796875,-0.16727733612060547,-0.034142494201660156,-0.00476837158203125,0.0986142620028594,0.0011080200422453072,0.14927989394619634,2.5502906307164683,-2.4595066004950303,2.0862663939844146,0.0986142620028594,0.0011080200422453072,0.14927989394619634,0.0008409736398895064,0.162985528953177,0.03707960395787836
666,1778141770.478882,1778141770.4796154,1778141770.4796154,10.331963,0.7333755493164062,0.00247955322265625,0.00324249267578125,0.00743865966796875,-0.16727733612060547,-0.034142494201660156,-0.00476837158203125,0.0986142620028594,0.0011080200422453072,0.14927989394619634,2.5502906307164683,-2.4595066004950303,2.0862663939844146,0.0986142620028594,0.0011080200422453072,0.14927989394619634,0.0008409736398895064,0.162985528953177,0.03707960395787836
667,1778141770.488987,1778141770.4897177,1778141770.4897177,10.342194,0.7307529449462891,0.00247955322265625,0.00324249267578125,0.00743865966796875,-0.16727733612060547,-0.034142494201660156,-0.00476837158203125,0.0986142620028594,0.0011080200422453072,0.14927989394619634,2.5502906307164683,-2.4595066004950303,2.0862663939844146,0.0986142620028594,0.0011080200422453072,0.14927989394619634,0.0008409736398895064,0.162985528953177,0.03707960395787836
668,1778141770.4988701,1778141770.499558,1778141770.499558,10.352473,0.6878376007080078,0.00247955322265625,0.00324249267578125,0.00743865966796875,-0.16727733612060547,-0.034142494201660156,-0.00476837158203125,0.0986142620028594,0.0011080200422453072,0.14927989394619634,2.5502906307164683,-2.4595066004950303,2.0862663939844146,0.0986142620028594,0.0011080200422453072,0.14927989394619634,0.0008409736398895064,0.162985528953177,0.03707960395787836
669,1778141770.508852,1778141770.5093555,1778141770.5093555,10.36279,0.5035400390625,0.00247955322265625,0.00324249267578125,0.00743865966796875,-0.16727733612060547,-0.034142494201660156,-0.00476837158203125,0.0986142620028594,0.0011080200422453072,0.14927989394619634,2.5502906307164683,-2.4595066004950303,2.0862663939844146,0.0986142620028594,0.0011080200422453072,0.14927989394619634,0.0008409736398895064,0.162985528953177,0.03707960395787836
670,1778141770.5189173,1778141770.5196137,1778141770.5196137,10.373069,0.6964206695556641,0.00247955322265625,0.00324249267578125,0.00743865966796875,-0.16727733612060547,-0.034142494201660156,-0.00476837158203125,0.0986142620028594,0.0011080200422453072,0.14927989394619634,2.5502906307164683,-2.4595066004950303,2.0862663939844146,0.0986142620028594,0.0011080200422453072,0.14927989394619634,0.0008409736398895064,0.162985528953177,0.03707960395787836
671,1778141770.5288663,1778141770.5296526,1778141770.5296526,10.383392,0.7863044738769531,0.00247955322265625,0.00324249267578125,0.00743865966796875,-0.16727733612060547,-0.034142494201660156,-0.00476837158203125,0.0986142620028594,0.0011080200422453072,0.14927989394619634,2.5502906307164683,-2.4595066004950303,2.0862663939844146,0.0986142620028594,0.0011080200422453072,0.14927989394619634,0.0008409736398895064,0.162985528953177,0.03707960395787836
672,1778141770.5388896,1778141770.539621,1778141770.539621,10.393665,0.7314682006835938,0.00247955322265625,0.00324249267578125,0.00743865966796875,-0.16689586639404297,-0.034142494201660156,-0.00476837158203125,0.09862039791565635,0.001108035531025012,0.14931722927099367,2.5501872554294027,-2.4593793220268365,2.0869935397018646,0.09862039791565635,0.001108035531025012,0.14931722927099367,0.0008276010122516941,0.16260428753006206,0.03707743936769013
673,1778141770.5489054,1778141770.5496023,1778141770.5496023,10.401966,0.6968975067138672,0.00247955322265625,0.00324249267578125,0.00743865966796875,-0.16727733612060547,-0.034142494201660156,-0.00476837158203125,0.0986142620028594,0.0011080200422453072,0.14927989394619634,2.5502906307164683,-2.4595066004950303,2.0862663939844146,0.0986142620028594,0.0011080200422453072,0.14927989394619634,0.0008409736398895064,0.162985528953177,0.03707960395787836
674,1778141770.5588717,1778141770.5597315,1778141770.5597315,10.412265,0.8597373962402344,0.00247955322265625,0.00324249267578125,0.00743865966796875,-0.16727733612060547,-0.034142494201660156,-0.00476837158203125,0.0986142620028594,0.0011080200422453072,0.14927989394619634,2.5502906307164683,-2.4595066004950303,2.0862663939844146,0.0986142620028594,0.0011080200422453072,0.14927989394619634,0.0008409736398895064,0.162985528953177,0.03707960395787836
675,1778141770.5688684,1778141770.5698197,1778141770.5698197,10.42257,0.9512901306152344,0.00247955322265625,0.00324249267578125,0.00705718994140625,-0.16727733612060547,-0.034142494201660156,-0.00476837158203125,0.09863137412531373,0.0011080615129798663,0.1491491933088813,2.5503938580129044,-2.4596337298462942,2.08553931537686,0.09863137412531373,0.0011080615129798663,0.1491491933088813,0.0008543479432886449,0.16336677034769248,0.037081773850933246
676,1778141770.5789778,1778141770.5798833,1778141770.5798833,10.432864,0.9055137634277344,0.00247955322265625,0.00324249267578125,0.00743865966796875,-0.16727733612060547,-0.034142494201660156,-0.00476837158203125,0.0986142620028594,0.0011080200422453072,0.14927989394619634,2.5502906307164683,-2.4595066004950303,2.0862663939844146,0.0986142620028594,0.0011080200422453072,0.14927989394619634,0.0008409736398895064,0.162985528953177,0.03707960395787836
677,1778141770.5890207,1778141770.589831,1778141770.589831,10.44317,0.8103847503662109,0.00247955322265625,0.00324249267578125,0.00743865966796875,-0.16727733612060547,-0.034142494201660156,-0.00476837158203125,0.0986142620028594,0.0011080200422453072,0.14927989394619634,2.5502906307164683,-2.4595066004950303,2.0862663939844146,0.0986142620028594,0.0011080200422453072,0.14927989394619634,0.0008409736398895064,0.162985528953177,0.03707960395787836
678,1778141770.5989776,1778141770.6000047,1778141770.6000047,10.453473,1.0271072387695312,0.00247955322265625,0.00324249267578125,0.00743865966796875,-0.16727733612060547,-0.034142494201660156,-0.00476837158203125,0.0986142620028594,0.0011080200422453072,0.14927989394619634,2.5502906307164683,-2.4595066004950303,2.0862663939844146,0.0986142620028594,0.0011080200422453072,0.14927989394619634,0.0008409736398895064,0.162985528953177,0.03707960395787836
679,1778141770.608878,1778141770.6096468,1778141770.6096468,10.463768,0.7688999176025391,0.00247955322265625,0.00324249267578125,0.00743865966796875,-0.16727733612060547,-0.034142494201660156,-0.00476837158203125,0.0986142620028594,0.0011080200422453072,0.14927989394619634,2.5502906307164683,-2.4595066004950303,2.0862663939844146,0.0986142620028594,0.0011080200422453072,0.14927989394619634,0.0008409736398895064,0.162985528953177,0.03707960395787836
680,1778141770.6188831,1778141770.619935,1778141770.619935,10.474058,1.0519027709960938,0.00247955322265625,0.00324249267578125,0.00743865966796875,-0.16727733612060547,-0.034142494201660156,-0.00476837158203125,0.0986142620028594,0.0011080200422453072,0.14927989394619634,2.5502906307164683,-2.4595066004950303,2.0862663939844146,0.0986142620028594,0.0011080200422453072,0.14927989394619634,0.0008409736398895064,0.162985528953177,0.03707960395787836
681,1778141770.6290102,1778141770.630172,1778141770.630172,10.482301,1.161813735961914,0.00247955322265625,0.00324249267578125,0.00705718994140625,-0.16727733612060547,-0.034142494201660156,-0.00476837158203125,0.09863137412531373,0.0011080615129798663,0.1491491933088813,2.5503938580129044,-2.4596337298462942,2.08553931537686,0.09863137412531373,0.0011080615129798663,0.1491491933088813,0.0008543479432886449,0.16336677034769248,0.037081773850933246
682,1778141770.6389859,1778141770.6398442,1778141770.6398442,10.492635,0.858306884765625,0.00247955322265625,0.00324249267578125,0.00705718994140625,-0.16727733612060547,-0.034142494201660156,-0.00476837158203125,0.09863137412531373,0.0011080615129798663,0.1491491933088813,2.5503938580129044,-2.4596337298462942,2.08553931537686,0.09863137412531373,0.0011080615129798663,0.1491491933088813,0.0008543479432886449,0.16336677034769248,0.037081773850933246
683,1778141770.6489766,1778141770.6497874,1778141770.6497874,10.502946,0.8108615875244141,0.00247955322265625,0.00324249267578125,0.00743865966796875,-0.16727733612060547,-0.034142494201660156,-0.00476837158203125,0.0986142620028594,0.0011080200422453072,0.14927989394619634,2.5502906307164683,-2.4595066004950303,2.0862663939844146,0.0986142620028594,0.0011080200422453072,0.14927989394619634,0.0008409736398895064,0.162985528953177,0.03707960395787836
684,1778141770.6588745,1778141770.6597605,1778141770.6597605,10.513387,0.8859634399414062,0.00247955322265625,0.00324249267578125,0.00743865966796875,-0.16689586639404297,-0.034142494201660156,-0.00476837158203125,0.09862039791565635,0.001108035531025012,0.14931722927099367,2.5501872554294027,-2.4593793220268365,2.0869935397018646,0.09862039791565635,0.001108035531025012,0.14931722927099367,0.0008276010122516941,0.16260428753006206,0.03707743936769013
685,1778141770.66884,1778141770.6697886,1778141770.6697886,10.523665,0.9486675262451172,0.00247955322265625,0.00324249267578125,0.00743865966796875,-0.16727733612060547,-0.034142494201660156,-0.00476837158203125,0.0986142620028594,0.0011080200422453072,0.14927989394619634,2.5502906307164683,-2.4595066004950303,2.0862663939844146,0.0986142620028594,0.0011080200422453072,0.14927989394619634,0.0008409736398895064,0.162985528953177,0.03707960395787836
686,1778141770.678885,1778141770.679615,1778141770.679615,10.531945,0.7300376892089844,0.00247955322265625,0.00324249267578125,0.00743865966796875,-0.16727733612060547,-0.034142494201660156,-0.00476837158203125,0.0986142620028594,0.0011080200422453072,0.14927989394619634,2.5502906307164683,-2.4595066004950303,2.0862663939844146,0.0986142620028594,0.0011080200422453072,0.14927989394619634,0.0008409736398895064,0.162985528953177,0.03707960395787836
687,1778141770.6888514,1778141770.6899498,1778141770.6899498,10.542226,1.0983943939208984,0.00247955322265625,0.00324249267578125,0.00743865966796875,-0.16727733612060547,-0.034142494201660156,-0.00476837158203125,0.0986142620028594,0.0011080200422453072,0.14927989394619634,2.5502906307164683,-2.4595066004950303,2.0862663939844146,0.0986142620028594,0.0011080200422453072,0.14927989394619634,0.0008409736398895064,0.162985528953177,0.03707960395787836
688,1778141770.6988578,1778141770.6997094,1778141770.6997094,10.552541,0.8516311645507812,0.00247955322265625,0.00324249267578125,0.00743865966796875,-0.16727733612060547,-0.034142494201660156,-0.00476837158203125,0.0986142620028594,0.0011080200422453072,0.14927989394619634,2.5502906307164683,-2.4595066004950303,2.0862663939844146,0.0986142620028594,0.0011080200422453072,0.14927989394619634,0.0008409736398895064,0.162985528953177,0.03707960395787836
689,1778141770.708867,1778141770.7100139,1778141770.7100139,10.562883,1.1467933654785156,0.00247955322265625,0.00324249267578125,0.00743865966796875,-0.16727733612060547,-0.034142494201660156,-0.00476837158203125,0.0986142620028594,0.0011080200422453072,0.14927989394619634,2.5502906307164683,-2.4595066004950303,2.0862663939844146,0.0986142620028594,0.0011080200422453072,0.14927989394619634,0.0008409736398895064,0.162985528953177,0.03707960395787836
690,1778141770.7188933,1778141770.7199907,1778141770.7199907,10.573183,1.0974407196044922,0.00247955322265625,0.00324249267578125,0.00743865966796875,-0.16727733612060547,-0.034142494201660156,-0.00476837158203125,0.0986142620028594,0.0011080200422453072,0.14927989394619634,2.5502906307164683,-2.4595066004950303,2.0862663939844146,0.0986142620028594,0.0011080200422453072,0.14927989394619634,0.0008409736398895064,0.162985528953177,0.03707960395787836
691,1778141770.728864,1778141770.7294202,1778141770.7294202,10.583471,0.5562305450439453,0.00247955322265625,0.00324249267578125,0.00705718994140625,-0.16727733612060547,-0.034142494201660156,-0.00476837158203125,0.09863137412531373,0.0011080615129798663,0.1491491933088813,2.5503938580129044,-2.4596337298462942,2.08553931537686,0.09863137412531373,0.0011080615129798663,0.1491491933088813,0.0008543479432886449,0.16336677034769248,0.037081773850933246
692,1778141770.7388363,1778141770.73918,1778141770.73918,10.591751,0.3437995910644531,0.00247955322265625,0.00324249267578125,0.00743865966796875,-0.16727733612060547,-0.034142494201660156,-0.00476837158203125,0.0986142620028594,0.0011080200422453072,0.14927989394619634,2.5502906307164683,-2.4595066004950303,2.0862663939844146,0.0986142620028594,0.0011080200422453072,0.14927989394619634,0.0008409736398895064,0.162985528953177,0.03707960395787836
693,1778141770.7488585,1778141770.7492347,1778141770.7492347,10.602072,0.3762245178222656,0.00247955322265625,0.00324249267578125,0.00743865966796875,-0.16727733612060547,-0.034142494201660156,-0.00476837158203125,0.0986142620028594,0.0011080200422453072,0.14927989394619634,2.5502906307164683,-2.4595066004950303,2.0862663939844146,0.0986142620028594,0.0011080200422453072,0.14927989394619634,0.0008409736398895064,0.162985528953177,0.03707960395787836
694,1778141770.7588747,1778141770.7597382,1778141770.7597382,10.612388,0.8635520935058594,0.00247955322265625,0.00324249267578125,0.00705718994140625,-0.16727733612060547,-0.034142494201660156,-0.00476837158203125,0.09863137412531373,0.0011080615129798663,0.1491491933088813,2.5503938580129044,-2.4596337298462942,2.08553931537686,0.09863137412531373,0.0011080615129798663,0.1491491933088813,0.0008543479432886449,0.16336677034769248,0.037081773850933246
695,1778141770.7688558,1778141770.7692893,1778141770.7692893,10.622665,0.4334449768066406,0.00247955322265625,0.00324249267578125,0.00743865966796875,-0.16689586639404297,-0.034142494201660156,-0.00476837158203125,0.09862039791565635,0.001108035531025012,0.14931722927099367,2.5501872554294027,-2.4593793220268365,2.0869935397018646,0.09862039791565635,0.001108035531025012,0.14931722927099367,0.0008276010122516941,0.16260428753006206,0.03707743936769013
696,1778141770.7788854,1778141770.7799687,1778141770.7799687,10.633067,1.0833740234375,0.00247955322265625,0.00324249267578125,0.00743865966796875,-0.16727733612060547,-0.034142494201660156,-0.00476837158203125,0.0986142620028594,0.0011080200422453072,0.14927989394619634,2.5502906307164683,-2.4595066004950303,2.0862663939844146,0.0986142620028594,0.0011080200422453072,0.14927989394619634,0.0008409736398895064,0.162985528953177,0.03707960395787836
697,1778141770.7888658,1778141770.7893522,1778141770.7893522,10.643272,0.4863739013671875,0.00247955322265625,0.00324249267578125,0.00705718994140625,-0.16727733612060547,-0.034142494201660156,-0.00476837158203125,0.09863137412531373,0.0011080615129798663,0.1491491933088813,2.5503938580129044,-2.4596337298462942,2.08553931537686,0.09863137412531373,0.0011080615129798663,0.1491491933088813,0.0008543479432886449,0.16336677034769248,0.037081773850933246
698,1778141770.7988384,1778141770.799412,1778141770.799412,10.653584,0.5736351013183594,0.00247955322265625,0.00324249267578125,0.00743865966796875,-0.16727733612060547,-0.034142494201660156,-0.00476837158203125,0.0986142620028594,0.0011080200422453072,0.14927989394619634,2.5502906307164683,-2.4595066004950303,2.0862663939844146,0.0986142620028594,0.0011080200422453072,0.14927989394619634,0.0008409736398895064,0.162985528953177,0.03707960395787836
699,1778141770.8088393,1778141770.8094602,1778141770.8094602,10.663871,0.6208419799804688,0.00247955322265625,0.00324249267578125,0.00743865966796875,-0.16727733612060547,-0.034142494201660156,-0.00476837158203125,0.0986142620028594,0.0011080200422453072,0.14927989394619634,2.5502906307164683,-2.4595066004950303,2.0862663939844146,0.0986142620028594,0.0011080200422453072,0.14927989394619634,0.0008409736398895064,0.162985528953177,0.03707960395787836
700,1778141770.8188539,1778141770.819438,1778141770.819438,10.672177,0.5841255187988281,0.00247955322265625,0.00324249267578125,0.00743865966796875,-0.16727733612060547,-0.034142494201660156,-0.00476837158203125,0.0986142620028594,0.0011080200422453072,0.14927989394619634,2.5502906307164683,-2.4595066004950303,2.0862663939844146,0.0986142620028594,0.0011080200422453072,0.14927989394619634,0.0008409736398895064,0.162985528953177,0.03707960395787836
701,1778141770.8289905,1778141770.829629,1778141770.829629,10.68245,0.6384849548339844,0.00247955322265625,0.00324249267578125,0.00743865966796875,-0.16727733612060547,-0.034142494201660156,-0.00476837158203125,0.0986142620028594,0.0011080200422453072,0.14927989394619634,2.5502906307164683,-2.4595066004950303,2.0862663939844146,0.0986142620028594,0.0011080200422453072,0.14927989394619634,0.0008409736398895064,0.162985528953177,0.03707960395787836
702,1778141770.838987,1778141770.8395119,1778141770.8395119,10.692777,0.5247592926025391,0.00247955322265625,0.00324249267578125,0.00743865966796875,-0.16727733612060547,-0.034142494201660156,-0.00476837158203125,0.0986142620028594,0.0011080200422453072,0.14927989394619634,2.5502906307164683,-2.4595066004950303,2.0862663939844146,0.0986142620028594,0.0011080200422453072,0.14927989394619634,0.0008409736398895064,0.162985528953177,0.03707960395787836
703,1778141770.8489754,1778141770.84977,1778141770.84977,10.703069,0.7946491241455078,0.00247955322265625,0.00324249267578125,0.00743865966796875,-0.16727733612060547,-0.034142494201660156,-0.00476837158203125,0.0986142620028594,0.0011080200422453072,0.14927989394619634,2.5502906307164683,-2.4595066004950303,2.0862663939844146,0.0986142620028594,0.0011080200422453072,0.14927989394619634,0.0008409736398895064,0.162985528953177,0.03707960395787836
704,1778141770.8588462,1778141770.859648,1778141770.859648,10.713412,0.8018016815185547,0.00247955322265625,0.00324249267578125,0.00743865966796875,-0.16727733612060547,-0.034142494201660156,-0.00476837158203125,0.0986142620028594,0.0011080200422453072,0.14927989394619634,2.5502906307164683,-2.4595066004950303,2.0862663939844146,0.0986142620028594,0.0011080200422453072,0.14927989394619634,0.0008409736398895064,0.162985528953177,0.03707960395787836
705,1778141770.8688982,1778141770.8693724,1778141770.8693724,10.72374,0.4742145538330078,0.00247955322265625,0.00324249267578125,0.00705718994140625,-0.16727733612060547,-0.034142494201660156,-0.00476837158203125,0.09863137412531373,0.0011080615129798663,0.1491491933088813,2.5503938580129044,-2.4596337298462942,2.08553931537686,0.09863137412531373,0.0011080615129798663,0.1491491933088813,0.0008543479432886449,0.16336677034769248,0.037081773850933246
706,1778141770.878984,1778141770.8798277,1778141770.8798277,10.73405,0.8437633514404297,0.00247955322265625,0.00324249267578125,0.00743865966796875,-0.16727733612060547,-0.034142494201660156,-0.00476837158203125,0.0986142620028594,0.0011080200422453072,0.14927989394619634,2.5502906307164683,-2.4595066004950303,2.0862663939844146,0.0986142620028594,0.0011080200422453072,0.14927989394619634,0.0008409736398895064,0.162985528953177,0.03707960395787836
707,1778141770.8889642,1778141770.8896627,1778141770.8896627,10.742276,0.6985664367675781,0.00247955322265625,0.00324249267578125,0.00743865966796875,-0.16727733612060547,-0.034142494201660156,-0.00476837158203125,0.0986142620028594,0.0011080200422453072,0.14927989394619634,2.5502906307164683,-2.4595066004950303,2.0862663939844146,0.0986142620028594,0.0011080200422453072,0.14927989394619634,0.0008409736398895064,0.162985528953177,0.03707960395787836
708,1778141770.8988838,1778141770.9000823,1778141770.9000823,10.752579,1.1985301971435547,0.00247955322265625,0.00324249267578125,0.00743865966796875,-0.16727733612060547,-0.034142494201660156,-0.00476837158203125,0.0986142620028594,0.0011080200422453072,0.14927989394619634,2.5502906307164683,-2.4595066004950303,2.0862663939844146,0.0986142620028594,0.0011080200422453072,0.14927989394619634,0.0008409736398895064,0.162985528953177,0.03707960395787836
709,1778141770.9089677,1778141770.909624,1778141770.909624,10.762865,0.6563663482666016,0.00247955322265625,0.00324249267578125,0.00743865966796875,-0.16727733612060547,-0.034142494201660156,-0.00476837158203125,0.0986142620028594,0.0011080200422453072,0.14927989394619634,2.5502906307164683,-2.4595066004950303,2.0862663939844146,0.0986142620028594,0.0011080200422453072,0.14927989394619634,0.0008409736398895064,0.162985528953177,0.03707960395787836
710,1778141770.9189014,1778141770.9197795,1778141770.9197795,10.773179,0.8780956268310547,0.00247955322265625,0.00324249267578125,0.00743865966796875,-0.16727733612060547,-0.034142494201660156,-0.00476837158203125,0.0986142620028594,0.0011080200422453072,0.14927989394619634,2.5502906307164683,-2.4595066004950303,2.0862663939844146,0.0986142620028594,0.0011080200422453072,0.14927989394619634,0.0008409736398895064,0.162985528953177,0.03707960395787836
711,1778141770.9289904,1778141770.9299471,1778141770.9299471,10.783467,0.9567737579345703,0.00247955322265625,0.00324249267578125,0.00743865966796875,-0.16727733612060547,-0.034142494201660156,-0.00476837158203125,0.0986142620028594,0.0011080200422453072,0.14927989394619634,2.5502906307164683,-2.4595066004950303,2.0862663939844146,0.0986142620028594,0.0011080200422453072,0.14927989394619634,0.0008409736398895064,0.162985528953177,0.03707960395787836
712,1778141770.9388533,1778141770.939747,1778141770.939747,10.793739,0.8938312530517578,0.00247955322265625,0.00324249267578125,0.00743865966796875,-0.16727733612060547,-0.034142494201660156,-0.00476837158203125,0.0986142620028594,0.0011080200422453072,0.14927989394619634,2.5502906307164683,-2.4595066004950303,2.0862663939844146,0.0986142620028594,0.0011080200422453072,0.14927989394619634,0.0008409736398895064,0.162985528953177,0.03707960395787836
713,1778141770.9488766,1778141770.9498086,1778141770.9498086,10.80201,0.9319782257080078,0.00247955322265625,0.00324249267578125,0.00743865966796875,-0.16727733612060547,-0.034142494201660156,-0.00476837158203125,0.0986142620028594,0.0011080200422453072,0.14927989394619634,2.5502906307164683,-2.4595066004950303,2.0862663939844146,0.0986142620028594,0.0011080200422453072,0.14927989394619634,0.0008409736398895064,0.162985528953177,0.03707960395787836
714,1778141770.958892,1778141770.9596677,1778141770.9596677,10.812371,0.7755756378173828,0.00247955322265625,0.00324249267578125,0.00705718994140625,-0.16727733612060547,-0.034142494201660156,-0.00476837158203125,0.09863137412531373,0.0011080615129798663,0.1491491933088813,2.5503938580129044,-2.4596337298462942,2.08553931537686,0.09863137412531373,0.0011080615129798663,0.1491491933088813,0.0008543479432886449,0.16336677034769248,0.037081773850933246
715,1778141770.968851,1778141770.9694757,1778141770.9694757,10.822567,0.6246566772460938,0.00247955322265625,0.00324249267578125,0.00743865966796875,-0.16727733612060547,-0.034142494201660156,-0.00476837158203125,0.0986142620028594,0.0011080200422453072,0.14927989394619634,2.5502906307164683,-2.4595066004950303,2.0862663939844146,0.0986142620028594,0.0011080200422453072,0.14927989394619634,0.0008409736398895064,0.162985528953177,0.03707960395787836
716,1778141770.9788456,1778141770.9794688,1778141770.9794688,10.833029,0.6232261657714844,0.00247955322265625,0.00324249267578125,0.00705718994140625,-0.16689586639404297,-0.034142494201660156,-0.00476837158203125,0.0986375242799163,0.001108077037056082,0.14918652629028972,2.5502906307164683,-2.4595066004950303,2.0862663939844146,0.0986375242799163,0.001108077037056082,0.14918652629028972,0.0008409736398895065,0.16298552895317697,0.03707960395787836
717,1778141770.9888923,1778141770.9895852,1778141770.9895852,10.84332,0.6928443908691406,0.00247955322265625,0.00324249267578125,0.00743865966796875,-0.16727733612060547,-0.034142494201660156,-0.00476837158203125,0.0986142620028594,0.0011080200422453072,0.14927989394619634,2.5502906307164683,-2.4595066004950303,2.0862663939844146,0.0986142620028594,0.0011080200422453072,0.14927989394619634,0.0008409736398895064,0.162985528953177,0.03707960395787836
718,1778141770.9988823,1778141770.9998996,1778141770.9998996,10.853671,1.0173320770263672,0.00247955322265625,0.00324249267578125,0.00743865966796875,-0.16727733612060547,-0.034142494201660156,-0.00476837158203125,0.0986142620028594,0.0011080200422453072,0.14927989394619634,2.5502906307164683,-2.4595066004950303,2.0862663939844146,0.0986142620028594,0.0011080200422453072,0.14927989394619634,0.0008409736398895064,0.162985528953177,0.03707960395787836
719,1778141771.0089033,1778141771.0094223,1778141771.0094223,10.863955,0.5190372467041016,0.00247955322265625,0.00324249267578125,0.00743865966796875,-0.16727733612060547,-0.034142494201660156,-0.00476837158203125,0.0986142620028594,0.0011080200422453072,0.14927989394619634,2.5502906307164683,-2.4595066004950303,2.0862663939844146,0.0986142620028594,0.0011080200422453072,0.14927989394619634,0.0008409736398895064,0.162985528953177,0.03707960395787836
720,1778141771.0188885,1778141771.0196748,1778141771.0196748,10.872212,0.7863044738769531,0.00247955322265625,0.00324249267578125,0.00743865966796875,-0.16727733612060547,-0.034142494201660156,-0.00476837158203125,0.0986142620028594,0.0011080200422453072,0.14927989394619634,2.5502906307164683,-2.4595066004950303,2.0862663939844146,0.0986142620028594,0.0011080200422453072,0.14927989394619634,0.0008409736398895064,0.162985528953177,0.03707960395787836
721,1778141771.028968,1778141771.0297868,1778141771.0297868,10.882492,0.8187294006347656,0.00247955322265625,0.00324249267578125,0.00743865966796875,-0.16727733612060547,-0.034142494201660156,-0.00476837158203125,0.0986142620028594,0.0011080200422453072,0.14927989394619634,2.5502906307164683,-2.4595066004950303,2.0862663939844146,0.0986142620028594,0.0011080200422453072,0.14927989394619634,0.0008409736398895064,0.162985528953177,0.03707960395787836
722,1778141771.0389504,1778141771.0396762,1778141771.0396762,10.892813,0.7257461547851562,0.00247955322265625,0.00324249267578125,0.00743865966796875,-0.16727733612060547,-0.034142494201660156,-0.00476837158203125,0.0986142620028594,0.0011080200422453072,0.14927989394619634,2.5502906307164683,-2.4595066004950303,2.0862663939844146,0.0986142620028594,0.0011080200422453072,0.14927989394619634,0.0008409736398895064,0.162985528953177,0.03707960395787836
723,1778141771.048998,1778141771.0502717,1778141771.0502717,10.903155,1.2736320495605469,0.00247955322265625,0.00324249267578125,0.00743865966796875,-0.16727733612060547,-0.034142494201660156,-0.00476837158203125,0.0986142620028594,0.0011080200422453072,0.14927989394619634,2.5502906307164683,-2.4595066004950303,2.0862663939844146,0.0986142620028594,0.0011080200422453072,0.14927989394619634,0.0008409736398895064,0.162985528953177,0.03707960395787836
724,1778141771.0589726,1778141771.0599825,1778141771.0599825,10.913371,1.0099411010742188,0.00247955322265625,0.00324249267578125,0.00743865966796875,-0.16727733612060547,-0.034142494201660156,-0.00476837158203125,0.0986142620028594,0.0011080200422453072,0.14927989394619634,2.5502906307164683,-2.4595066004950303,2.0862663939844146,0.0986142620028594,0.0011080200422453072,0.14927989394619634,0.0008409736398895064,0.162985528953177,0.03707960395787836
725,1778141771.068853,1778141771.0695763,1778141771.0695763,10.923663,0.7233619689941406,0.00247955322265625,0.00324249267578125,0.00743865966796875,-0.16727733612060547,-0.034142494201660156,-0.00476837158203125,0.0986142620028594,0.0011080200422453072,0.14927989394619634,2.5502906307164683,-2.4595066004950303,2.0862663939844146,0.0986142620028594,0.0011080200422453072,0.14927989394619634,0.0008409736398895064,0.162985528953177,0.03707960395787836
726,1778141771.0789871,1778141771.0797503,1778141771.0797503,10.933997,0.7631778717041016,0.00247955322265625,0.00324249267578125,0.00743865966796875,-0.16727733612060547,-0.034142494201660156,-0.00476837158203125,0.0986142620028594,0.0011080200422453072,0.14927989394619634,2.5502906307164683,-2.4595066004950303,2.0862663939844146,0.0986142620028594,0.0011080200422453072,0.14927989394619634,0.0008409736398895064,0.162985528953177,0.03707960395787836
727,1778141771.0888777,1778141771.0897145,1778141771.0897145,10.942257,0.8368492126464844,0.00247955322265625,0.00324249267578125,0.00705718994140625,-0.16727733612060547,-0.034142494201660156,-0.00476837158203125,0.09863137412531373,0.0011080615129798663,0.1491491933088813,2.5503938580129044,-2.4596337298462942,2.08553931537686,0.09863137412531373,0.0011080615129798663,0.1491491933088813,0.0008543479432886449,0.16336677034769248,0.037081773850933246
728,1778141771.098877,1778141771.0999112,1778141771.0999112,10.952523,1.0342597961425781,0.00247955322265625,0.00324249267578125,0.00743865966796875,-0.16727733612060547,-0.034142494201660156,-0.00476837158203125,0.0986142620028594,0.0011080200422453072,0.14927989394619634,2.5502906307164683,-2.4595066004950303,2.0862663939844146,0.0986142620028594,0.0011080200422453072,0.14927989394619634,0.0008409736398895064,0.162985528953177,0.03707960395787836
729,1778141771.108901,1778141771.1101282,1778141771.1101282,10.962805,1.2271404266357422,0.00247955322265625,0.00324249267578125,0.00743865966796875,-0.16727733612060547,-0.034142494201660156,-0.00476837158203125,0.0986142620028594,0.0011080200422453072,0.14927989394619634,2.5502906307164683,-2.4595066004950303,2.0862663939844146,0.0986142620028594,0.0011080200422453072,0.14927989394619634,0.0008409736398895064,0.162985528953177,0.03707960395787836
730,1778141771.1188827,1778141771.1197157,1778141771.1197157,10.97307,0.8330345153808594,0.00247955322265625,0.00324249267578125,0.00743865966796875,-0.16727733612060547,-0.034142494201660156,-0.00476837158203125,0.0986142620028594,0.0011080200422453072,0.14927989394619634,2.5502906307164683,-2.4595066004950303,2.0862663939844146,0.0986142620028594,0.0011080200422453072,0.14927989394619634,0.0008409736398895064,0.162985528953177,0.03707960395787836
731,1778141771.1288788,1778141771.12976,1778141771.12976,10.983372,0.881195068359375,0.00247955322265625,0.00324249267578125,0.00743865966796875,-0.16727733612060547,-0.034142494201660156,-0.00476837158203125,0.0986142620028594,0.0011080200422453072,0.14927989394619634,2.5502906307164683,-2.4595066004950303,2.0862663939844146,0.0986142620028594,0.0011080200422453072,0.14927989394619634,0.0008409736398895064,0.162985528953177,0.03707960395787836
732,1778141771.138843,1778141771.1395998,1778141771.1395998,10.993664,0.7567405700683594,0.00247955322265625,0.00324249267578125,0.00743865966796875,-0.16727733612060547,-0.034142494201660156,-0.00476837158203125,0.0986142620028594,0.0011080200422453072,0.14927989394619634,2.5502906307164683,-2.4595066004950303,2.0862663939844146,0.0986142620028594,0.0011080200422453072,0.14927989394619634,0.0008409736398895064,0.162985528953177,0.03707960395787836
733,1778141771.1489053,1778141771.1497917,1778141771.1497917,11.003977,0.8864402770996094,0.00247955322265625,0.00324249267578125,0.00743865966796875,-0.16727733612060547,-0.034142494201660156,-0.00476837158203125,0.0986142620028594,0.0011080200422453072,0.14927989394619634,2.5502906307164683,-2.4595066004950303,2.0862663939844146,0.0986142620028594,0.0011080200422453072,0.14927989394619634,0.0008409736398895064,0.162985528953177,0.03707960395787836
734,1778141771.1588883,1778141771.1599553,1778141771.1599553,11.012186,1.0669231414794922,0.00247955322265625,0.00324249267578125,0.00743865966796875,-0.16727733612060547,-0.034142494201660156,-0.00476837158203125,0.0986142620028594,0.0011080200422453072,0.14927989394619634,2.5502906307164683,-2.4595066004950303,2.0862663939844146,0.0986142620028594,0.0011080200422453072,0.14927989394619634,0.0008409736398895064,0.162985528953177,0.03707960395787836
735,1778141771.168922,1778141771.1695125,1778141771.1695125,11.022471,0.5905628204345703,0.00247955322265625,0.00324249267578125,0.00743865966796875,-0.16727733612060547,-0.034142494201660156,-0.00476837158203125,0.0986142620028594,0.0011080200422453072,0.14927989394619634,2.5502906307164683,-2.4595066004950303,2.0862663939844146,0.0986142620028594,0.0011080200422453072,0.14927989394619634,0.0008409736398895064,0.162985528953177,0.03707960395787836
736,1778141771.178853,1778141771.1796834,1778141771.1796834,11.032808,0.8304119110107422,0.00247955322265625,0.00324249267578125,0.00705718994140625,-0.16727733612060547,-0.034142494201660156,-0.00476837158203125,0.09863137412531373,0.0011080615129798663,0.1491491933088813,2.5503938580129044,-2.4596337298462942,2.08553931537686,0.09863137412531373,0.0011080615129798663,0.1491491933088813,0.0008543479432886449,0.16336677034769248,0.037081773850933246
737,1778141771.1889057,1778141771.1895041,1778141771.1895041,11.043154,0.5984306335449219,0.00247955322265625,0.00324249267578125,0.00743865966796875,-0.16727733612060547,-0.034142494201660156,-0.00476837158203125,0.0986142620028594,0.0011080200422453072,0.14927989394619634,2.5502906307164683,-2.4595066004950303,2.0862663939844146,0.0986142620028594,0.0011080200422453072,0.14927989394619634,0.0008409736398895064,0.162985528953177,0.03707960395787836
738,1778141771.198848,1778141771.1994946,1778141771.1994946,11.053401,0.6465911865234375,0.00247955322265625,0.00324249267578125,0.00743865966796875,-0.16727733612060547,-0.034142494201660156,-0.00476837158203125,0.0986142620028594,0.0011080200422453072,0.14927989394619634,2.5502906307164683,-2.4595066004950303,2.0862663939844146,0.0986142620028594,0.0011080200422453072,0.14927989394619634,0.0008409736398895064,0.162985528953177,0.03707960395787836
739,1778141771.2088878,1778141771.2097208,1778141771.2097208,11.063663,0.8330345153808594,0.00247955322265625,0.00324249267578125,0.00743865966796875,-0.16727733612060547,-0.034142494201660156,-0.00476837158203125,0.0986142620028594,0.0011080200422453072,0.14927989394619634,2.5502906307164683,-2.4595066004950303,2.0862663939844146,0.0986142620028594,0.0011080200422453072,0.14927989394619634,0.0008409736398895064,0.162985528953177,0.03707960395787836
740,1778141771.2188754,1778141771.2195818,1778141771.2195818,11.072008,0.7064342498779297,0.00247955322265625,0.00324249267578125,0.00743865966796875,-0.16727733612060547,-0.034142494201660156,-0.00476837158203125,0.0986142620028594,0.0011080200422453072,0.14927989394619634,2.5502906307164683,-2.4595066004950303,2.0862663939844146,0.0986142620028594,0.0011080200422453072,0.14927989394619634,0.0008409736398895064,0.162985528953177,0.03707960395787836
741,1778141771.2288508,1778141771.2295609,1778141771.2295609,11.082282,0.7100105285644531,0.00247955322265625,0.00324249267578125,0.00743865966796875,-0.16689586639404297,-0.034142494201660156,-0.00476837158203125,0.09862039791565635,0.001108035531025012,0.14931722927099367,2.5501872554294027,-2.4593793220268365,2.0869935397018646,0.09862039791565635,0.001108035531025012,0.14931722927099367,0.0008276010122516941,0.16260428753006206,0.03707743936769013
742,1778141771.238904,1778141771.2401032,1778141771.2401032,11.092552,1.1992454528808594,0.00247955322265625,0.00324249267578125,0.00743865966796875,-0.16727733612060547,-0.034142494201660156,-0.00476837158203125,0.0986142620028594,0.0011080200422453072,0.14927989394619634,2.5502906307164683,-2.4595066004950303,2.0862663939844146,0.0986142620028594,0.0011080200422453072,0.14927989394619634,0.0008409736398895064,0.162985528953177,0.03707960395787836
743,1778141771.2488713,1778141771.2495942,1778141771.2495942,11.102867,0.7228851318359375,0.00247955322265625,0.00324249267578125,0.00743865966796875,-0.16727733612060547,-0.034142494201660156,-0.00476837158203125,0.0986142620028594,0.0011080200422453072,0.14927989394619634,2.5502906307164683,-2.4595066004950303,2.0862663939844146,0.0986142620028594,0.0011080200422453072,0.14927989394619634,0.0008409736398895064,0.162985528953177,0.03707960395787836
744,1778141771.2589145,1778141771.260376,1778141771.260376,11.113163,1.4615058898925781,0.00247955322265625,0.00324249267578125,0.00705718994140625,-0.16727733612060547,-0.034142494201660156,-0.00476837158203125,0.09863137412531373,0.0011080615129798663,0.1491491933088813,2.5503938580129044,-2.4596337298462942,2.08553931537686,0.09863137412531373,0.0011080615129798663,0.1491491933088813,0.0008543479432886449,0.16336677034769248,0.037081773850933246
745,1778141771.268911,1778141771.2702963,1778141771.2702963,11.123455,1.3854503631591797,0.00247955322265625,0.00324249267578125,0.00743865966796875,-0.16727733612060547,-0.034142494201660156,-0.00476837158203125,0.0986142620028594,0.0011080200422453072,0.14927989394619634,2.5502906307164683,-2.4595066004950303,2.0862663939844146,0.0986142620028594,0.0011080200422453072,0.14927989394619634,0.0008409736398895064,0.162985528953177,0.03707960395787836
746,1778141771.2788575,1778141771.279784,1778141771.279784,11.133774,0.9264945983886719,0.00247955322265625,0.00324249267578125,0.00743865966796875,-0.16727733612060547,-0.034142494201660156,-0.00476837158203125,0.0986142620028594,0.0011080200422453072,0.14927989394619634,2.5502906307164683,-2.4595066004950303,2.0862663939844146,0.0986142620028594,0.0011080200422453072,0.14927989394619634,0.0008409736398895064,0.162985528953177,0.03707960395787836
747,1778141771.2888699,1778141771.2900498,1778141771.2900498,11.142082,1.1799335479736328,0.00247955322265625,0.00324249267578125,0.00743865966796875,-0.16727733612060547,-0.034142494201660156,-0.00476837158203125,0.0986142620028594,0.0011080200422453072,0.14927989394619634,2.5502906307164683,-2.4595066004950303,2.0862663939844146,0.0986142620028594,0.0011080200422453072,0.14927989394619634,0.0008409736398895064,0.162985528953177,0.03707960395787836
748,1778141771.299,1778141771.2996545,1778141771.2996545,11.152274,0.6544589996337891,0.00247955322265625,0.00324249267578125,0.00743865966796875,-0.16727733612060547,-0.034142494201660156,-0.00476837158203125,0.0986142620028594,0.0011080200422453072,0.14927989394619634,2.5502906307164683,-2.4595066004950303,2.0862663939844146,0.0986142620028594,0.0011080200422453072,0.14927989394619634,0.0008409736398895064,0.162985528953177,0.03707960395787836
749,1778141771.3089561,1778141771.309642,1778141771.309642,11.162621,0.6859302520751953,0.00247955322265625,0.00324249267578125,0.00743865966796875,-0.16727733612060547,-0.034142494201660156,-0.00476837158203125,0.0986142620028594,0.0011080200422453072,0.14927989394619634,2.5502906307164683,-2.4595066004950303,2.0862663939844146,0.0986142620028594,0.0011080200422453072,0.14927989394619634,0.0008409736398895064,0.162985528953177,0.03707960395787836
750,1778141771.318879,1778141771.3196278,1778141771.3196278,11.172951,0.7488727569580078,0.00247955322265625,0.00324249267578125,0.00743865966796875,-0.16727733612060547,-0.034142494201660156,-0.00476837158203125,0.0986142620028594,0.0011080200422453072,0.14927989394619634,2.5502906307164683,-2.4595066004950303,2.0862663939844146,0.0986142620028594,0.0011080200422453072,0.14927989394619634,0.0008409736398895064,0.162985528953177,0.03707960395787836
751,1778141771.3288724,1778141771.329877,1778141771.329877,11.183202,1.0044574737548828,0.00247955322265625,0.00324249267578125,0.00743865966796875,-0.16727733612060547,-0.034142494201660156,-0.00476837158203125,0.0986142620028594,0.0011080200422453072,0.14927989394619634,2.5502906307164683,-2.4595066004950303,2.0862663939844146,0.0986142620028594,0.0011080200422453072,0.14927989394619634,0.0008409736398895064,0.162985528953177,0.03707960395787836
752,1778141771.3388667,1778141771.3396847,1778141771.3396847,11.19348,0.8180141448974609,0.00247955322265625,0.00324249267578125,0.00743865966796875,-0.16727733612060547,-0.034142494201660156,-0.00476837158203125,0.0986142620028594,0.0011080200422453072,0.14927989394619634,2.5502906307164683,-2.4595066004950303,2.0862663939844146,0.0986142620028594,0.0011080200422453072,0.14927989394619634,0.0008409736398895064,0.162985528953177,0.03707960395787836
753,1778141771.3489242,1778141771.3500872,1778141771.3500872,11.203813,1.1630058288574219,0.00247955322265625,0.00324249267578125,0.00743865966796875,-0.16727733612060547,-0.034142494201660156,-0.00476837158203125,0.0986142620028594,0.0011080200422453072,0.14927989394619634,2.5502906307164683,-2.4595066004950303,2.0862663939844146,0.0986142620028594,0.0011080200422453072,0.14927989394619634,0.0008409736398895064,0.162985528953177,0.03707960395787836
754,1778141771.3588536,1778141771.3595252,1778141771.3595252,11.212021,0.6716251373291016,0.00247955322265625,0.00324249267578125,0.00705718994140625,-0.16689586639404297,-0.034142494201660156,-0.00476837158203125,0.0986375242799163,0.001108077037056082,0.14918652629028972,2.5502906307164683,-2.4595066004950303,2.0862663939844146,0.0986375242799163,0.001108077037056082,0.14918652629028972,0.0008409736398895065,0.16298552895317697,0.03707960395787836
755,1778141771.3688645,1778141771.3695068,1778141771.3695068,11.222335,0.6422996520996094,0.00247955322265625,0.00324249267578125,0.00743865966796875,-0.16727733612060547,-0.034142494201660156,-0.00476837158203125,0.0986142620028594,0.0011080200422453072,0.14927989394619634,2.5502906307164683,-2.4595066004950303,2.0862663939844146,0.0986142620028594,0.0011080200422453072,0.14927989394619634,0.0008409736398895064,0.162985528953177,0.03707960395787836
756,1778141771.378901,1778141771.3795075,1778141771.3795075,11.232664,0.606536865234375,0.00247955322265625,0.00324249267578125,0.00743865966796875,-0.16727733612060547,-0.034142494201660156,-0.00476837158203125,0.0986142620028594,0.0011080200422453072,0.14927989394619634,2.5502906307164683,-2.4595066004950303,2.0862663939844146,0.0986142620028594,0.0011080200422453072,0.14927989394619634,0.0008409736398895064,0.162985528953177,0.03707960395787836
757,1778141771.388905,1778141771.3896356,1778141771.3896356,11.242958,0.7305145263671875,0.00247955322265625,0.00324249267578125,0.00743865966796875,-0.16727733612060547,-0.034142494201660156,-0.00476837158203125,0.0986142620028594,0.0011080200422453072,0.14927989394619634,2.5502906307164683,-2.4595066004950303,2.0862663939844146,0.0986142620028594,0.0011080200422453072,0.14927989394619634,0.0008409736398895064,0.162985528953177,0.03707960395787836
758,1778141771.3990247,1778141771.3996453,1778141771.3996453,11.253211,0.6206035614013672,0.00247955322265625,0.00324249267578125,0.00743865966796875,-0.16727733612060547,-0.034142494201660156,-0.00476837158203125,0.0986142620028594,0.0011080200422453072,0.14927989394619634,2.5502906307164683,-2.4595066004950303,2.0862663939844146,0.0986142620028594,0.0011080200422453072,0.14927989394619634,0.0008409736398895064,0.162985528953177,0.03707960395787836
759,1778141771.408888,1778141771.4099362,1778141771.4099362,11.263566,1.0480880737304688,0.00247955322265625,0.00324249267578125,0.00705718994140625,-0.16727733612060547,-0.034142494201660156,-0.00476837158203125,0.09863137412531373,0.0011080615129798663,0.1491491933088813,2.5503938580129044,-2.4596337298462942,2.08553931537686,0.09863137412531373,0.0011080615129798663,0.1491491933088813,0.0008543479432886449,0.16336677034769248,0.037081773850933246
760,1778141771.4189253,1778141771.4199204,1778141771.4199204,11.273873,0.9951591491699219,0.00247955322265625,0.00324249267578125,0.00743865966796875,-0.16727733612060547,-0.034142494201660156,-0.00476837158203125,0.0986142620028594,0.0011080200422453072,0.14927989394619634,2.5502906307164683,-2.4595066004950303,2.0862663939844146,0.0986142620028594,0.0011080200422453072,0.14927989394619634,0.0008409736398895064,0.162985528953177,0.03707960395787836
761,1778141771.4288886,1778141771.4296377,1778141771.4296377,11.282079,0.7491111755371094,0.00247955322265625,0.00324249267578125,0.00705718994140625,-0.16727733612060547,-0.034142494201660156,-0.00476837158203125,0.09863137412531373,0.0011080615129798663,0.1491491933088813,2.5503938580129044,-2.4596337298462942,2.08553931537686,0.09863137412531373,0.0011080615129798663,0.1491491933088813,0.0008543479432886449,0.16336677034769248,0.037081773850933246
762,1778141771.4389079,1778141771.4397101,1778141771.4397101,11.292387,0.8022785186767578,0.00247955322265625,0.00324249267578125,0.00743865966796875,-0.16727733612060547,-0.034142494201660156,-0.00476837158203125,0.0986142620028594,0.0011080200422453072,0.14927989394619634,2.5502906307164683,-2.4595066004950303,2.0862663939844146,0.0986142620028594,0.0011080200422453072,0.14927989394619634,0.0008409736398895064,0.162985528953177,0.03707960395787836
763,1778141771.4489062,1778141771.4496944,1778141771.4496944,11.302663,0.7882118225097656,0.00247955322265625,0.00324249267578125,0.00705718994140625,-0.16727733612060547,-0.034142494201660156,-0.00476837158203125,0.09863137412531373,0.0011080615129798663,0.1491491933088813,2.5503938580129044,-2.4596337298462942,2.08553931537686,0.09863137412531373,0.0011080615129798663,0.1491491933088813,0.0008543479432886449,0.16336677034769248,0.037081773850933246
764,1778141771.4588988,1778141771.4595108,1778141771.4595108,11.313025,0.6120204925537109,0.00247955322265625,0.00324249267578125,0.00743865966796875,-0.16727733612060547,-0.034142494201660156,-0.00476837158203125,0.0986142620028594,0.0011080200422453072,0.14927989394619634,2.5502906307164683,-2.4595066004950303,2.0862663939844146,0.0986142620028594,0.0011080200422453072,0.14927989394619634,0.0008409736398895064,0.162985528953177,0.03707960395787836
765,1778141771.468888,1778141771.469631,1778141771.469631,11.323264,0.7429122924804688,0.00247955322265625,0.00324249267578125,0.00705718994140625,-0.16727733612060547,-0.034142494201660156,-0.00476837158203125,0.09863137412531373,0.0011080615129798663,0.1491491933088813,2.5503938580129044,-2.4596337298462942,2.08553931537686,0.09863137412531373,0.0011080615129798663,0.1491491933088813,0.0008543479432886449,0.16336677034769248,0.037081773850933246
766,1778141771.4789035,1778141771.4800718,1778141771.4800718,11.3336,1.1682510375976562,0.00247955322265625,0.00324249267578125,0.00743865966796875,-0.16727733612060547,-0.034142494201660156,-0.00476837158203125,0.0986142620028594,0.0011080200422453072,0.14927989394619634,2.5502906307164683,-2.4595066004950303,2.0862663939844146,0.0986142620028594,0.0011080200422453072,0.14927989394619634,0.0008409736398895064,0.162985528953177,0.03707960395787836
767,1778141771.4888775,1778141771.4896476,1778141771.4896476,11.343868,0.7700920104980469,0.00247955322265625,0.00324249267578125,0.00743865966796875,-0.16727733612060547,-0.034142494201660156,-0.00476837158203125,0.0986142620028594,0.0011080200422453072,0.14927989394619634,2.5502906307164683,-2.4595066004950303,2.0862663939844146,0.0986142620028594,0.0011080200422453072,0.14927989394619634,0.0008409736398895064,0.162985528953177,0.03707960395787836
768,1778141771.498913,1778141771.4999347,1778141771.4999347,11.354217,1.0216236114501953,0.00247955322265625,0.00324249267578125,0.00743865966796875,-0.16727733612060547,-0.034142494201660156,-0.00476837158203125,0.0986142620028594,0.0011080200422453072,0.14927989394619634,2.5502906307164683,-2.4595066004950303,2.0862663939844146,0.0986142620028594,0.0011080200422453072,0.14927989394619634,0.0008409736398895064,0.162985528953177,0.03707960395787836
769,1778141771.5088537,1778141771.50988,1778141771.50988,11.362471,1.0263919830322266,0.00247955322265625,0.00324249267578125,0.00743865966796875,-0.16727733612060547,-0.034142494201660156,-0.00476837158203125,0.0986142620028594,0.0011080200422453072,0.14927989394619634,2.5502906307164683,-2.4595066004950303,2.0862663939844146,0.0986142620028594,0.0011080200422453072,0.14927989394619634,0.0008409736398895064,0.162985528953177,0.03707960395787836
770,1778141771.5190358,1778141771.5197601,1778141771.5197601,11.372769,0.7243156433105469,0.00247955322265625,0.00324249267578125,0.00743865966796875,-0.16727733612060547,-0.034142494201660156,-0.00476837158203125,0.0986142620028594,0.0011080200422453072,0.14927989394619634,2.5502906307164683,-2.4595066004950303,2.0862663939844146,0.0986142620028594,0.0011080200422453072,0.14927989394619634,0.0008409736398895064,0.162985528953177,0.03707960395787836
771,1778141771.5288613,1778141771.5294461,1778141771.5294461,11.383068,0.5848407745361328,0.00247955322265625,0.00324249267578125,0.00743865966796875,-0.16727733612060547,-0.034142494201660156,-0.00476837158203125,0.0986142620028594,0.0011080200422453072,0.14927989394619634,2.5502906307164683,-2.4595066004950303,2.0862663939844146,0.0986142620028594,0.0011080200422453072,0.14927989394619634,0.0008409736398895064,0.162985528953177,0.03707960395787836
772,1778141771.539031,1778141771.5403252,1778141771.5403252,11.393272,1.2941360473632812,0.00247955322265625,0.00324249267578125,0.00743865966796875,-0.16727733612060547,-0.034142494201660156,-0.00476837158203125,0.0986142620028594,0.0011080200422453072,0.14927989394619634,2.5502906307164683,-2.4595066004950303,2.0862663939844146,0.0986142620028594,0.0011080200422453072,0.14927989394619634,0.0008409736398895064,0.162985528953177,0.03707960395787836
773,1778141771.5489793,1778141771.5497122,1778141771.5497122,11.403583,0.7328987121582031,0.00247955322265625,0.00324249267578125,0.00705718994140625,-0.16727733612060547,-0.034142494201660156,-0.00476837158203125,0.09863137412531373,0.0011080615129798663,0.1491491933088813,2.5503938580129044,-2.4596337298462942,2.08553931537686,0.09863137412531373,0.0011080615129798663,0.1491491933088813,0.0008543479432886449,0.16336677034769248,0.037081773850933246
774,1778141771.5589898,1778141771.560013,1778141771.560013,11.413868,1.0232925415039062,0.00247955322265625,0.00324249267578125,0.00743865966796875,-0.16727733612060547,-0.034142494201660156,-0.00476837158203125,0.0986142620028594,0.0011080200422453072,0.14927989394619634,2.5502906307164683,-2.4595066004950303,2.0862663939844146,0.0986142620028594,0.0011080200422453072,0.14927989394619634,0.0008409736398895064,0.162985528953177,0.03707960395787836
775,1778141771.5690012,1778141771.5701346,1778141771.5701346,11.424226,1.1334419250488281,0.00247955322265625,0.00324249267578125,0.00743865966796875,-0.16727733612060547,-0.034142494201660156,-0.00476837158203125,0.0986142620028594,0.0011080200422453072,0.14927989394619634,2.5502906307164683,-2.4595066004950303,2.0862663939844146,0.0986142620028594,0.0011080200422453072,0.14927989394619634,0.0008409736398895064,0.162985528953177,0.03707960395787836
776,1778141771.578857,1778141771.579388,1778141771.579388,11.432454,0.5309581756591797,0.00247955322265625,0.00324249267578125,0.00743865966796875,-0.16727733612060547,-0.034142494201660156,-0.00476837158203125,0.0986142620028594,0.0011080200422453072,0.14927989394619634,2.5502906307164683,-2.4595066004950303,2.0862663939844146,0.0986142620028594,0.0011080200422453072,0.14927989394619634,0.0008409736398895064,0.162985528953177,0.03707960395787836
777,1778141771.588869,1778141771.5900311,1778141771.5900311,11.442751,1.1620521545410156,0.00247955322265625,0.00324249267578125,0.00705718994140625,-0.16727733612060547,-0.034142494201660156,-0.00476837158203125,0.09863137412531373,0.0011080615129798663,0.1491491933088813,2.5503938580129044,-2.4596337298462942,2.08553931537686,0.09863137412531373,0.0011080615129798663,0.1491491933088813,0.0008543479432886449,0.16336677034769248,0.037081773850933246
778,1778141771.5989506,1778141771.5995696,1778141771.5995696,11.453068,0.6189346313476562,0.00247955322265625,0.00324249267578125,0.00743865966796875,-0.16727733612060547,-0.034142494201660156,-0.00476837158203125,0.0986142620028594,0.0011080200422453072,0.14927989394619634,2.5502906307164683,-2.4595066004950303,2.0862663939844146,0.0986142620028594,0.0011080200422453072,0.14927989394619634,0.0008409736398895064,0.162985528953177,0.03707960395787836
779,1778141771.6089046,1778141771.609792,1778141771.609792,11.463325,0.8873939514160156,0.00247955322265625,0.00324249267578125,0.00743865966796875,-0.16727733612060547,-0.034142494201660156,-0.00476837158203125,0.0986142620028594,0.0011080200422453072,0.14927989394619634,2.5502906307164683,-2.4595066004950303,2.0862663939844146,0.0986142620028594,0.0011080200422453072,0.14927989394619634,0.0008409736398895064,0.162985528953177,0.03707960395787836
780,1778141771.6188762,1778141771.6195574,1778141771.6195574,11.473643,0.6811618804931641,0.00247955322265625,0.00324249267578125,0.00743865966796875,-0.16727733612060547,-0.034142494201660156,-0.00476837158203125,0.0986142620028594,0.0011080200422453072,0.14927989394619634,2.5502906307164683,-2.4595066004950303,2.0862663939844146,0.0986142620028594,0.0011080200422453072,0.14927989394619634,0.0008409736398895064,0.162985528953177,0.03707960395787836
781,1778141771.6289847,1778141771.6300013,1778141771.6300013,11.483868,1.0166168212890625,0.00247955322265625,0.00324249267578125,0.00743865966796875,-0.16727733612060547,-0.034142494201660156,-0.00476837158203125,0.0986142620028594,0.0011080200422453072,0.14927989394619634,2.5502906307164683,-2.4595066004950303,2.0862663939844146,0.0986142620028594,0.0011080200422453072,0.14927989394619634,0.0008409736398895064,0.162985528953177,0.03707960395787836
782,1778141771.6389897,1778141771.6397328,1778141771.6397328,11.492159,0.7431507110595703,0.00247955322265625,0.00324249267578125,0.00743865966796875,-0.16727733612060547,-0.034142494201660156,-0.00476837158203125,0.0986142620028594,0.0011080200422453072,0.14927989394619634,2.5502906307164683,-2.4595066004950303,2.0862663939844146,0.0986142620028594,0.0011080200422453072,0.14927989394619634,0.0008409736398895064,0.162985528953177,0.03707960395787836
783,1778141771.6489835,1778141771.649728,1778141771.649728,11.50247,0.7445812225341797,0.00247955322265625,0.00324249267578125,0.00743865966796875,-0.16727733612060547,-0.034142494201660156,-0.00476837158203125,0.0986142620028594,0.0011080200422453072,0.14927989394619634,2.5502906307164683,-2.4595066004950303,2.0862663939844146,0.0986142620028594,0.0011080200422453072,0.14927989394619634,0.0008409736398895064,0.162985528953177,0.03707960395787836
784,1778141771.6589315,1778141771.66016,1778141771.66016,11.512784,1.2285709381103516,0.00247955322265625,0.00324249267578125,0.00705718994140625,-0.16727733612060547,-0.034142494201660156,-0.00476837158203125,0.09863137412531373,0.0011080615129798663,0.1491491933088813,2.5503938580129044,-2.4596337298462942,2.08553931537686,0.09863137412531373,0.0011080615129798663,0.1491491933088813,0.0008543479432886449,0.16336677034769248,0.037081773850933246
785,1778141771.6688704,1778141771.669743,1778141771.669743,11.523069,0.8726119995117188,0.00247955322265625,0.00324249267578125,0.00743865966796875,-0.16727733612060547,-0.034142494201660156,-0.00476837158203125,0.0986142620028594,0.0011080200422453072,0.14927989394619634,2.5502906307164683,-2.4595066004950303,2.0862663939844146,0.0986142620028594,0.0011080200422453072,0.14927989394619634,0.0008409736398895064,0.162985528953177,0.03707960395787836
786,1778141771.678879,1778141771.6797621,1778141771.6797621,11.533334,0.8831024169921875,0.00247955322265625,0.00324249267578125,0.00705718994140625,-0.16727733612060547,-0.034142494201660156,-0.00476837158203125,0.09863137412531373,0.0011080615129798663,0.1491491933088813,2.5503938580129044,-2.4596337298462942,2.08553931537686,0.09863137412531373,0.0011080615129798663,0.1491491933088813,0.0008543479432886449,0.16336677034769248,0.037081773850933246
787,1778141771.6888916,1778141771.6895604,1778141771.6895604,11.54365,0.6687641143798828,0.00247955322265625,0.00324249267578125,0.00743865966796875,-0.16727733612060547,-0.034142494201660156,-0.00476837158203125,0.0986142620028594,0.0011080200422453072,0.14927989394619634,2.5502906307164683,-2.4595066004950303,2.0862663939844146,0.0986142620028594,0.0011080200422453072,0.14927989394619634,0.0008409736398895064,0.162985528953177,0.03707960395787836
788,1778141771.6988597,1778141771.699713,1778141771.699713,11.55397,0.8533000946044922,0.00247955322265625,0.00324249267578125,0.00705718994140625,-0.16727733612060547,-0.034142494201660156,-0.00476837158203125,0.09863137412531373,0.0011080615129798663,0.1491491933088813,2.5503938580129044,-2.4596337298462942,2.08553931537686,0.09863137412531373,0.0011080615129798663,0.1491491933088813,0.0008543479432886449,0.16336677034769248,0.037081773850933246
789,1778141771.7088573,1778141771.7097304,1778141771.7097304,11.562216,0.8730888366699219,0.00247955322265625,0.00324249267578125,0.00743865966796875,-0.16727733612060547,-0.034142494201660156,-0.00476837158203125,0.0986142620028594,0.0011080200422453072,0.14927989394619634,2.5502906307164683,-2.4595066004950303,2.0862663939844146,0.0986142620028594,0.0011080200422453072,0.14927989394619634,0.0008409736398895064,0.162985528953177,0.03707960395787836
790,1778141771.718982,1778141771.719565,1778141771.719565,11.572471,0.5829334259033203,0.00247955322265625,0.00324249267578125,0.00743865966796875,-0.16727733612060547,-0.034142494201660156,-0.00476837158203125,0.0986142620028594,0.0011080200422453072,0.14927989394619634,2.5502906307164683,-2.4595066004950303,2.0862663939844146,0.0986142620028594,0.0011080200422453072,0.14927989394619634,0.0008409736398895064,0.162985528953177,0.03707960395787836
791,1778141771.7289922,1778141771.7297618,1778141771.7297618,11.582823,0.7696151733398438,0.00247955322265625,0.00324249267578125,0.00743865966796875,-0.16727733612060547,-0.034142494201660156,-0.00476837158203125,0.0986142620028594,0.0011080200422453072,0.14927989394619634,2.5502906307164683,-2.4595066004950303,2.0862663939844146,0.0986142620028594,0.0011080200422453072,0.14927989394619634,0.0008409736398895064,0.162985528953177,0.03707960395787836
792,1778141771.7390063,1778141771.7398238,1778141771.7398238,11.593072,0.8175373077392578,0.00247955322265625,0.00324249267578125,0.00743865966796875,-0.16727733612060547,-0.034142494201660156,-0.00476837158203125,0.0986142620028594,0.0011080200422453072,0.14927989394619634,2.5502906307164683,-2.4595066004950303,2.0862663939844146,0.0986142620028594,0.0011080200422453072,0.14927989394619634,0.0008409736398895064,0.162985528953177,0.03707960395787836
793,1778141771.7488887,1778141771.7496214,1778141771.7496214,11.603368,0.7326602935791016,0.00247955322265625,0.00324249267578125,0.00743865966796875,-0.16727733612060547,-0.034142494201660156,-0.00476837158203125,0.0986142620028594,0.0011080200422453072,0.14927989394619634,2.5502906307164683,-2.4595066004950303,2.0862663939844146,0.0986142620028594,0.0011080200422453072,0.14927989394619634,0.0008409736398895064,0.162985528953177,0.03707960395787836
794,1778141771.7588842,1778141771.759633,1778141771.759633,11.613664,0.7488727569580078,0.00247955322265625,0.00324249267578125,0.00743865966796875,-0.16727733612060547,-0.034142494201660156,-0.00476837158203125,0.0986142620028594,0.0011080200422453072,0.14927989394619634,2.5502906307164683,-2.4595066004950303,2.0862663939844146,0.0986142620028594,0.0011080200422453072,0.14927989394619634,0.0008409736398895064,0.162985528953177,0.03707960395787836
795,1778141771.7688863,1778141771.7696702,1778141771.7696702,11.621976,0.7839202880859375,0.00247955322265625,0.00324249267578125,0.00743865966796875,-0.16727733612060547,-0.034142494201660156,-0.00476837158203125,0.0986142620028594,0.0011080200422453072,0.14927989394619634,2.5502906307164683,-2.4595066004950303,2.0862663939844146,0.0986142620028594,0.0011080200422453072,0.14927989394619634,0.0008409736398895064,0.162985528953177,0.03707960395787836
796,1778141771.7788692,1778141771.7801466,1778141771.7801466,11.632222,1.2774467468261719,0.00247955322265625,0.00324249267578125,0.00705718994140625,-0.16727733612060547,-0.034142494201660156,-0.00476837158203125,0.0986142620028594,0.0011080200422453072,0.14927989394619634,2.5502906307164683,-2.4595066004950303,2.0862663939844146,0.0986142620028594,0.0011080200422453072,0.14927989394619634,0.0008409736398895064,0.162985528953177,0.03707960395787836
797,1778141771.7888794,1778141771.7896795,1778141771.7896795,11.642523,0.8001327514648438,0.00247955322265625,0.00324249267578125,0.00705718994140625,-0.16727733612060547,-0.034142494201660156,-0.00476837158203125,0.09863137412531373,0.0011080615129798663,0.1491491933088813,2.5503938580129044,-2.4596337298462942,2.08553931537686,0.09863137412531373,0.0011080615129798663,0.1491491933088813,0.0008543479432886449,0.16336677034769248,0.037081773850933246
798,1778141771.7989142,1778141771.8002203,1778141771.8002203,11.65283,1.3060569763183594,0.00247955322265625,0.00324249267578125,0.00705718994140625,-0.16727733612060547,-0.034142494201660156,-0.00476837158203125,0.09863137412531373,0.0011080615129798663,0.1491491933088813,2.5503938580129044,-2.4596337298462942,2.08553931537686,0.09863137412531373,0.0011080615129798663,0.1491491933088813,0.0008543479432886449,0.16336677034769248,0.037081773850933246
799,1778141771.809009,1778141771.8098316,1778141771.8098316,11.663179,0.8225440979003906,0.00247955322265625,0.00324249267578125,0.00743865966796875,-0.16727733612060547,-0.034142494201660156,-0.00476837158203125,0.0986142620028594,0.0011080200422453072,0.14927989394619634,2.5502906307164683,-2.4595066004950303,2.0862663939844146,0.0986142620028594,0.0011080200422453072,0.14927989394619634,0.0008409736398895064,0.162985528953177,0.03707960395787836
800,1778141771.8189824,1778141771.8195913,1778141771.8195913,11.673434,0.6089210510253906,0.00247955322265625,0.00324249267578125,0.00743865966796875,-0.16727733612060547,-0.034142494201660156,-0.00476837158203125,0.0986142620028594,0.0011080200422453072,0.14927989394619634,2.5502906307164683,-2.4595066004950303,2.0862663939844146,0.0986142620028594,0.0011080200422453072,0.14927989394619634,0.0008409736398895064,0.162985528953177,0.03707960395787836
801,1778141771.828876,1778141771.8293686,1778141771.8293686,11.683752,0.4925727844238281,0.00247955322265625,0.00324249267578125,0.00705718994140625,-0.16727733612060547,-0.034142494201660156,-0.00476837158203125,0.09863137412531373,0.0011080615129798663,0.1491491933088813,2.5503938580129044,-2.4596337298462942,2.08553931537686,0.09863137412531373,0.0011080615129798663,0.1491491933088813,0.0008543479432886449,0.16336677034769248,0.037081773850933246
802,1778141771.8388748,1778141771.8396485,1778141771.8396485,11.692007,0.7736682891845703,0.00247955322265625,0.00324249267578125,0.00743865966796875,-0.16727733612060547,-0.034142494201660156,-0.00476837158203125,0.0986142620028594,0.0011080200422453072,0.14927989394619634,2.5502906307164683,-2.4595066004950303,2.0862663939844146,0.0986142620028594,0.0011080200422453072,0.14927989394619634,0.0008409736398895064,0.162985528953177,0.03707960395787836
803,1778141771.8489003,1778141771.8495905,1778141771.8495905,11.702271,0.6902217864990234,0.00247955322265625,0.00324249267578125,0.00743865966796875,-0.16727733612060547,-0.034142494201660156,-0.00476837158203125,0.0986142620028594,0.0011080200422453072,0.14927989394619634,2.5502906307164683,-2.4595066004950303,2.0862663939844146,0.0986142620028594,0.0011080200422453072,0.14927989394619634,0.0008409736398895064,0.162985528953177,0.03707960395787836
804,1778141771.8588681,1778141771.8600485,1778141771.8600485,11.712687,1.180410385131836,0.00247955322265625,0.00324249267578125,0.00705718994140625,-0.16727733612060547,-0.034142494201660156,-0.00476837158203125,0.09863137412531373,0.0011080615129798663,0.1491491933088813,2.5503938580129044,-2.4596337298462942,2.08553931537686,0.09863137412531373,0.0011080615129798663,0.1491491933088813,0.0008543479432886449,0.16336677034769248,0.037081773850933246
805,1778141771.8689227,1778141771.8695774,1778141771.8695774,11.723003,0.6546974182128906,0.00247955322265625,0.00324249267578125,0.00743865966796875,-0.16727733612060547,-0.034142494201660156,-0.00476837158203125,0.0986142620028594,0.0011080200422453072,0.14927989394619634,2.5502906307164683,-2.4595066004950303,2.0862663939844146,0.0986142620028594,0.0011080200422453072,0.14927989394619634,0.0008409736398895064,0.162985528953177,0.03707960395787836
806,1778141771.8788927,1778141771.879451,1778141771.879451,11.733275,0.5583763122558594,0.00247955322265625,0.00324249267578125,0.00743865966796875,-0.16727733612060547,-0.034142494201660156,-0.00476837158203125,0.0986142620028594,0.0011080200422453072,0.14927989394619634,2.5502906307164683,-2.4595066004950303,2.0862663939844146,0.0986142620028594,0.0011080200422453072,0.14927989394619634,0.0008409736398895064,0.162985528953177,0.03707960395787836
807,1778141771.8888805,1778141771.8900454,1778141771.8900454,11.743614,1.1649131774902344,0.00247955322265625,0.00324249267578125,0.00705718994140625,-0.16727733612060547,-0.034142494201660156,-0.00476837158203125,0.09863137412531373,0.0011080615129798663,0.1491491933088813,2.5503938580129044,-2.4596337298462942,2.08553931537686,0.09863137412531373,0.0011080615129798663,0.1491491933088813,0.0008543479432886449,0.16336677034769248,0.037081773850933246
808,1778141771.8988595,1778141771.8994644,1778141771.8994644,11.753868,0.6048679351806641,0.00247955322265625,0.00324249267578125,0.00743865966796875,-0.16727733612060547,-0.034142494201660156,-0.00476837158203125,0.0986142620028594,0.0011080200422453072,0.14927989394619634,2.5502906307164683,-2.4595066004950303,2.0862663939844146,0.0986142620028594,0.0011080200422453072,0.14927989394619634,0.0008409736398895064,0.162985528953177,0.03707960395787836
809,1778141771.9088817,1778141771.9097967,1778141771.9097967,11.762154,0.9150505065917969,0.00247955322265625,0.00324249267578125,0.00743865966796875,-0.16727733612060547,-0.034142494201660156,-0.00476837158203125,0.0986142620028594,0.0011080200422453072,0.14927989394619634,2.5502906307164683,-2.4595066004950303,2.0862663939844146,0.0986142620028594,0.0011080200422453072,0.14927989394619634,0.0008409736398895064,0.162985528953177,0.03707960395787836
810,1778141771.918904,1778141771.9194274,1778141771.9194274,11.772461,0.5233287811279297,0.00247955322265625,0.00324249267578125,0.00743865966796875,-0.16727733612060547,-0.034142494201660156,-0.00476837158203125,0.0986142620028594,0.0011080200422453072,0.14927989394619634,2.5502906307164683,-2.4595066004950303,2.0862663939844146,0.0986142620028594,0.0011080200422453072,0.14927989394619634,0.0008409736398895064,0.162985528953177,0.03707960395787836
811,1778141771.9288597,1778141771.9295545,1778141771.9295545,11.782804,0.6947517395019531,0.00247955322265625,0.00324249267578125,0.00743865966796875,-0.16727733612060547,-0.034142494201660156,-0.00476837158203125,0.0986142620028594,0.0011080200422453072,0.14927989394619634,2.5502906307164683,-2.4595066004950303,2.0862663939844146,0.0986142620028594,0.0011080200422453072,0.14927989394619634,0.0008409736398895064,0.162985528953177,0.03707960395787836
812,1778141771.9388769,1778141771.9394898,1778141771.9394898,11.793153,0.6129741668701172,0.00247955322265625,0.00324249267578125,0.00743865966796875,-0.16727733612060547,-0.034142494201660156,-0.00476837158203125,0.0986142620028594,0.0011080200422453072,0.14927989394619634,2.5502906307164683,-2.4595066004950303,2.0862663939844146,0.0986142620028594,0.0011080200422453072,0.14927989394619634,0.0008409736398895064,0.162985528953177,0.03707960395787836
813,1778141771.9488597,1778141771.949761,1778141771.949761,11.803414,0.9012222290039062,0.00247955322265625,0.00324249267578125,0.00743865966796875,-0.16727733612060547,-0.034142494201660156,-0.00476837158203125,0.0986142620028594,0.0011080200422453072,0.14927989394619634,2.5502906307164683,-2.4595066004950303,2.0862663939844146,0.0986142620028594,0.0011080200422453072,0.14927989394619634,0.0008409736398895064,0.162985528953177,0.03707960395787836
814,1778141771.9588997,1778141771.9597933,1778141771.9597933,11.813676,0.8935928344726562,0.00247955322265625,0.00324249267578125,0.00743865966796875,-0.16727733612060547,-0.034142494201660156,-0.00476837158203125,0.0986142620028594,0.0011080200422453072,0.14927989394619634,2.5502906307164683,-2.4595066004950303,2.0862663939844146,0.0986142620028594,0.0011080200422453072,0.14927989394619634,0.0008409736398895064,0.162985528953177,0.03707960395787836
815,1778141771.9688811,1778141771.9698548,1778141771.9698548,11.823989,0.9737014770507812,0.00247955322265625,0.00324249267578125,0.00705718994140625,-0.16727733612060547,-0.034142494201660156,-0.00476837158203125,0.09863137412531373,0.0011080615129798663,0.1491491933088813,2.5503938580129044,-2.4596337298462942,2.08553931537686,0.09863137412531373,0.0011080615129798663,0.1491491933088813,0.0008543479432886449,0.16336677034769248,0.037081773850933246
816,1778141771.9788663,1778141771.9796476,1778141771.9796476,11.832189,0.7812976837158203,0.00247955322265625,0.00324249267578125,0.00705718994140625,-0.16727733612060547,-0.034142494201660156,-0.00476837158203125,0.09863137412531373,0.0011080615129798663,0.1491491933088813,2.5503938580129044,-2.4596337298462942,2.08553931537686,0.09863137412531373,0.0011080615129798663,0.1491491933088813,0.0008543479432886449,0.16336677034769248,0.037081773850933246
817,1778141771.9888527,1778141771.9894402,1778141771.9894402,11.842501,0.58746337890625,0.00247955322265625,0.00324249267578125,0.00743865966796875,-0.16727733612060547,-0.034142494201660156,-0.00476837158203125,0.0986142620028594,0.0011080200422453072,0.14927989394619634,2.5502906307164683,-2.4595066004950303,2.0862663939844146,0.0986142620028594,0.0011080200422453072,0.14927989394619634,0.0008409736398895064,0.162985528953177,0.03707960395787836
818,1778141771.9988568,1778141771.9995692,1778141771.9995692,11.852844,0.7123947143554688,0.00247955322265625,0.00324249267578125,0.00743865966796875,-0.16727733612060547,-0.034142494201660156,-0.00476837158203125,0.0986142620028594,0.0011080200422453072,0.14927989394619634,2.5502906307164683,-2.4595066004950303,2.0862663939844146,0.0986142620028594,0.0011080200422453072,0.14927989394619634,0.0008409736398895064,0.162985528953177,0.03707960395787836
819,1778141772.0089016,1778141772.0094523,1778141772.0094523,11.863209,0.5507469177246094,0.00247955322265625,0.00324249267578125,0.00743865966796875,-0.16727733612060547,-0.034142494201660156,-0.00476837158203125,0.0986142620028594,0.0011080200422453072,0.14927989394619634,2.5502906307164683,-2.4595066004950303,2.0862663939844146,0.0986142620028594,0.0011080200422453072,0.14927989394619634,0.0008409736398895064,0.162985528953177,0.03707960395787836
820,1778141772.0188756,1778141772.019708,1778141772.019708,11.873369,0.8323192596435547,0.00247955322265625,0.00324249267578125,0.00743865966796875,-0.16727733612060547,-0.034142494201660156,-0.00476837158203125,0.0986142620028594,0.0011080200422453072,0.14927989394619634,2.5502906307164683,-2.4595066004950303,2.0862663939844146,0.0986142620028594,0.0011080200422453072,0.14927989394619634,0.0008409736398895064,0.162985528953177,0.03707960395787836
821,1778141772.0288777,1778141772.0294793,1778141772.0294793,11.883676,0.6015300750732422,0.00247955322265625,0.00324249267578125,0.00743865966796875,-0.16727733612060547,-0.034142494201660156,-0.00476837158203125,0.0986142620028594,0.0011080200422453072,0.14927989394619634,2.5502906307164683,-2.4595066004950303,2.0862663939844146,0.0986142620028594,0.0011080200422453072,0.14927989394619634,0.0008409736398895064,0.162985528953177,0.03707960395787836
822,1778141772.038893,1778141772.0394812,1778141772.0394812,11.89196,0.5881786346435547,0.00247955322265625,0.00324249267578125,0.00705718994140625,-0.16727733612060547,-0.034142494201660156,-0.00476837158203125,0.09863137412531373,0.0011080615129798663,0.1491491933088813,2.5503938580129044,-2.4596337298462942,2.08553931537686,0.09863137412531373,0.0011080615129798663,0.1491491933088813,0.0008543479432886449,0.16336677034769248,0.037081773850933246
823,1778141772.0488539,1778141772.0497067,1778141772.0497067,11.902275,0.8528232574462891,0.00247955322265625,0.00324249267578125,0.00743865966796875,-0.16727733612060547,-0.034142494201660156,-0.00476837158203125,0.0986142620028594,0.0011080200422453072,0.14927989394619634,2.5502906307164683,-2.4595066004950303,2.0862663939844146,0.0986142620028594,0.0011080200422453072,0.14927989394619634,0.0008409736398895064,0.162985528953177,0.03707960395787836
824,1778141772.0589159,1778141772.0602129,1778141772.0602129,11.912628,1.2969970703125,0.00247955322265625,0.00324249267578125,0.00743865966796875,-0.16727733612060547,-0.034142494201660156,-0.00476837158203125,0.0986142620028594,0.0011080200422453072,0.14927989394619634,2.5502906307164683,-2.4595066004950303,2.0862663939844146,0.0986142620028594,0.0011080200422453072,0.14927989394619634,0.0008409736398895064,0.162985528953177,0.03707960395787836
825,1778141772.0688765,1778141772.0693772,1778141772.0693772,11.922869,0.5006790161132812,0.00247955322265625,0.00324249267578125,0.00743865966796875,-0.16727733612060547,-0.034142494201660156,-0.00476837158203125,0.0986142620028594,0.0011080200422453072,0.14927989394619634,2.5502906307164683,-2.4595066004950303,2.0862663939844146,0.0986142620028594,0.0011080200422453072,0.14927989394619634,0.0008409736398895064,0.162985528953177,0.03707960395787836
826,1778141772.0790124,1778141772.0801933,1778141772.0801933,11.933198,1.180887222290039,0.00247955322265625,0.00324249267578125,0.00743865966796875,-0.16727733612060547,-0.034142494201660156,-0.00476837158203125,0.0986142620028594,0.0011080200422453072,0.14927989394619634,2.5502906307164683,-2.4595066004950303,2.0862663939844146,0.0986142620028594,0.0011080200422453072,0.14927989394619634,0.0008409736398895064,0.162985528953177,0.03707960395787836
827,1778141772.088902,1778141772.0897305,1778141772.0897305,11.943479,0.8285045623779297,0.00247955322265625,0.00324249267578125,0.00743865966796875,-0.16727733612060547,-0.034142494201660156,-0.00476837158203125,0.0986142620028594,0.0011080200422453072,0.14927989394619634,2.5502906307164683,-2.4595066004950303,2.0862663939844146,0.0986142620028594,0.0011080200422453072,0.14927989394619634,0.0008409736398895064,0.162985528953177,0.03707960395787836
828,1778141772.0988724,1778141772.099439,1778141772.099439,11.953804,0.5664825439453125,0.00247955322265625,0.00324249267578125,0.00743865966796875,-0.16727733612060547,-0.034142494201660156,-0.00476837158203125,0.0986142620028594,0.0011080200422453072,0.14927989394619634,2.5502906307164683,-2.4595066004950303,2.0862663939844146,0.0986142620028594,0.0011080200422453072,0.14927989394619634,0.0008409736398895064,0.162985528953177,0.03707960395787836
829,1778141772.1088858,1778141772.109603,1778141772.109603,11.962153,0.7171630859375,0.00247955322265625,0.00324249267578125,0.00743865966796875,-0.16727733612060547,-0.034142494201660156,-0.00476837158203125,0.0986142620028594,0.0011080200422453072,0.14927989394619634,2.5502906307164683,-2.4595066004950303,2.0862663939844146,0.0986142620028594,0.0011080200422453072,0.14927989394619634,0.0008409736398895064,0.162985528953177,0.03707960395787836
830,1778141772.1188402,1778141772.1194546,1778141772.1194546,11.97243,0.6144046783447266,0.00247955322265625,0.00324249267578125,0.00743865966796875,-0.16727733612060547,-0.034142494201660156,-0.00476837158203125,0.0986142620028594,0.0011080200422453072,0.14927989394619634,2.5502906307164683,-2.4595066004950303,2.0862663939844146,0.0986142620028594,0.0011080200422453072,0.14927989394619634,0.0008409736398895064,0.162985528953177,0.03707960395787836
831,1778141772.1288373,1778141772.1294782,1778141772.1294782,11.982786,0.640869140625,0.00247955322265625,0.00324249267578125,0.00743865966796875,-0.16727733612060547,-0.034142494201660156,-0.00476837158203125,0.0986142620028594,0.0011080200422453072,0.14927989394619634,2.5502906307164683,-2.4595066004950303,2.0862663939844146,0.0986142620028594,0.0011080200422453072,0.14927989394619634,0.0008409736398895064,0.162985528953177,0.03707960395787836
832,1778141772.1388783,1778141772.140101,1778141772.140101,11.993072,1.2226104736328125,0.00247955322265625,0.00324249267578125,0.00705718994140625,-0.16727733612060547,-0.034142494201660156,-0.00476837158203125,0.09863137412531373,0.0011080615129798663,0.1491491933088813,2.5503938580129044,-2.4596337298462942,2.08553931537686,0.09863137412531373,0.0011080615129798663,0.1491491933088813,0.0008543479432886449,0.16336677034769248,0.037081773850933246
833,1778141772.1488554,1778141772.1495388,1778141772.1495388,12.003381,0.6833076477050781,0.00247955322265625,0.00324249267578125,0.00743865966796875,-0.16727733612060547,-0.034142494201660156,-0.00476837158203125,0.0986142620028594,0.0011080200422453072,0.14927989394619634,2.5502906307164683,-2.4595066004950303,2.0862663939844146,0.0986142620028594,0.0011080200422453072,0.14927989394619634,0.0008409736398895064,0.162985528953177,0.03707960395787836
834,1778141772.1588829,1778141772.160004,1778141772.160004,12.013664,1.1210441589355469,0.00247955322265625,0.00324249267578125,0.00743865966796875,-0.16727733612060547,-0.034142494201660156,-0.00476837158203125,0.0986142620028594,0.0011080200422453072,0.14927989394619634,2.5502906307164683,-2.4595066004950303,2.0862663939844146,0.0986142620028594,0.0011080200422453072,0.14927989394619634,0.0008409736398895064,0.162985528953177,0.03707960395787836
835,1778141772.1689942,1778141772.169999,1778141772.169999,12.024039,1.0046958923339844,0.00247955322265625,0.00324249267578125,0.00743865966796875,-0.16727733612060547,-0.034142494201660156,-0.00476837158203125,0.0986142620028594,0.0011080200422453072,0.14927989394619634,2.5502906307164683,-2.4595066004950303,2.0862663939844146,0.0986142620028594,0.0011080200422453072,0.14927989394619634,0.0008409736398895064,0.162985528953177,0.03707960395787836
836,1778141772.178851,1778141772.179595,1778141772.179595,12.032272,0.7441043853759766,0.00247955322265625,0.00324249267578125,0.00743865966796875,-0.16727733612060547,-0.034142494201660156,-0.00476837158203125,0.0986142620028594,0.0011080200422453072,0.14927989394619634,2.5502906307164683,-2.4595066004950303,2.0862663939844146,0.0986142620028594,0.0011080200422453072,0.14927989394619634,0.0008409736398895064,0.162985528953177,0.03707960395787836
837,1778141772.1889312,1778141772.1894298,1778141772.1894298,12.042568,0.4985332489013672,0.00247955322265625,0.00324249267578125,0.00743865966796875,-0.16727733612060547,-0.034142494201660156,-0.00476837158203125,0.0986142620028594,0.0011080200422453072,0.14927989394619634,2.5502906307164683,-2.4595066004950303,2.0862663939844146,0.0986142620028594,0.0011080200422453072,0.14927989394619634,0.0008409736398895064,0.162985528953177,0.03707960395787836
838,1778141772.198863,1778141772.1996396,1778141772.1996396,12.052869,0.7765293121337891,0.00247955322265625,0.00324249267578125,0.00743865966796875,-0.16727733612060547,-0.034142494201660156,-0.00476837158203125,0.0986142620028594,0.0011080200422453072,0.14927989394619634,2.5502906307164683,-2.4595066004950303,2.0862663939844146,0.0986142620028594,0.0011080200422453072,0.14927989394619634,0.0008409736398895064,0.162985528953177,0.03707960395787836
839,1778141772.2089102,1778141772.2095602,1778141772.2095602,12.063191,0.6499290466308594,0.00247955322265625,0.00324249267578125,0.00743865966796875,-0.16727733612060547,-0.034142494201660156,-0.00476837158203125,0.0986142620028594,0.0011080200422453072,0.14927989394619634,2.5502906307164683,-2.4595066004950303,2.0862663939844146,0.0986142620028594,0.0011080200422453072,0.14927989394619634,0.0008409736398895064,0.162985528953177,0.03707960395787836
840,1778141772.2188666,1778141772.2195928,1778141772.2195928,12.073431,0.7262229919433594,0.00247955322265625,0.00324249267578125,0.00743865966796875,-0.16727733612060547,-0.034142494201660156,-0.00476837158203125,0.0986142620028594,0.0011080200422453072,0.14927989394619634,2.5502906307164683,-2.4595066004950303,2.0862663939844146,0.0986142620028594,0.0011080200422453072,0.14927989394619634,0.0008409736398895064,0.162985528953177,0.03707960395787836
841,1778141772.2288585,1778141772.229563,1778141772.229563,12.083777,0.7045269012451172,0.00247955322265625,0.00324249267578125,0.00743865966796875,-0.16727733612060547,-0.034142494201660156,-0.00476837158203125,0.0986142620028594,0.0011080200422453072,0.14927989394619634,2.5502906307164683,-2.4595066004950303,2.0862663939844146,0.0986142620028594,0.0011080200422453072,0.14927989394619634,0.0008409736398895064,0.162985528953177,0.03707960395787836
842,1778141772.2388616,1778141772.2396793,1778141772.2396793,12.09203,0.8177757263183594,0.00247955322265625,0.00324249267578125,0.00743865966796875,-0.16727733612060547,-0.034142494201660156,-0.00476837158203125,0.0986142620028594,0.0011080200422453072,0.14927989394619634,2.5502906307164683,-2.4595066004950303,2.0862663939844146,0.0986142620028594,0.0011080200422453072,0.14927989394619634,0.0008409736398895064,0.162985528953177,0.03707960395787836
843,1778141772.2488759,1778141772.249783,1778141772.249783,12.102338,0.9071826934814453,0.00247955322265625,0.00324249267578125,0.00743865966796875,-0.16727733612060547,-0.034142494201660156,-0.00476837158203125,0.0986142620028594,0.0011080200422453072,0.14927989394619634,2.5502906307164683,-2.4595066004950303,2.0862663939844146,0.0986142620028594,0.0011080200422453072,0.14927989394619634,0.0008409736398895064,0.162985528953177,0.03707960395787836
844,1778141772.258881,1778141772.259781,1778141772.259781,12.112602,0.8997917175292969,0.00247955322265625,0.00324249267578125,0.00705718994140625,-0.16727733612060547,-0.034142494201660156,-0.00476837158203125,0.09863137412531373,0.0011080615129798663,0.1491491933088813,2.5503938580129044,-2.4596337298462942,2.08553931537686,0.09863137412531373,0.0011080615129798663,0.1491491933088813,0.0008543479432886449,0.16336677034769248,0.037081773850933246
845,1778141772.2688909,1778141772.2701268,1778141772.2701268,12.12287,1.2359619140625,0.00247955322265625,0.00324249267578125,0.00705718994140625,-0.16727733612060547,-0.034142494201660156,-0.00476837158203125,0.09863137412531373,0.0011080615129798663,0.1491491933088813,2.5503938580129044,-2.4596337298462942,2.08553931537686,0.09863137412531373,0.0011080615129798663,0.1491491933088813,0.0008543479432886449,0.16336677034769248,0.037081773850933246
846,1778141772.2788775,1778141772.2800684,1778141772.2800684,12.133225,1.1909008026123047,0.00247955322265625,0.00324249267578125,0.00743865966796875,-0.16727733612060547,-0.034142494201660156,-0.00476837158203125,0.0986142620028594,0.0011080200422453072,0.14927989394619634,2.5502906307164683,-2.4595066004950303,2.0862663939844146,0.0986142620028594,0.0011080200422453072,0.14927989394619634,0.0008409736398895064,0.162985528953177,0.03707960395787836
847,1778141772.2888522,1778141772.2896144,1778141772.2896144,12.143476,0.7622241973876953,0.00247955322265625,0.00324249267578125,0.00743865966796875,-0.16727733612060547,-0.034142494201660156,-0.00476837158203125,0.0986142620028594,0.0011080200422453072,0.14927989394619634,2.5502906307164683,-2.4595066004950303,2.0862663939844146,0.0986142620028594,0.0011080200422453072,0.14927989394619634,0.0008409736398895064,0.162985528953177,0.03707960395787836
848,1778141772.2988997,1778141772.29981,1778141772.29981,12.15385,0.9102821350097656,0.00247955322265625,0.00324249267578125,0.00743865966796875,-0.16727733612060547,-0.034142494201660156,-0.00476837158203125,0.0986142620028594,0.0011080200422453072,0.14927989394619634,2.5502906307164683,-2.4595066004950303,2.0862663939844146,0.0986142620028594,0.0011080200422453072,0.14927989394619634,0.0008409736398895064,0.162985528953177,0.03707960395787836
849,1778141772.3089063,1778141772.3093967,1778141772.3093967,12.162068,0.49042701721191406,0.00247955322265625,0.00324249267578125,0.00743865966796875,-0.16727733612060547,-0.034142494201660156,-0.00476837158203125,0.0986142620028594,0.0011080200422453072,0.14927989394619634,2.5502906307164683,-2.4595066004950303,2.0862663939844146,0.0986142620028594,0.0011080200422453072,0.14927989394619634,0.0008409736398895064,0.162985528953177,0.03707960395787836
850,1778141772.3188689,1778141772.319367,1778141772.319367,12.17236,0.49805641174316406,0.00247955322265625,0.00324249267578125,0.00743865966796875,-0.16727733612060547,-0.034142494201660156,-0.00476837158203125,0.0986142620028594,0.0011080200422453072,0.14927989394619634,2.5502906307164683,-2.4595066004950303,2.0862663939844146,0.0986142620028594,0.0011080200422453072,0.14927989394619634,0.0008409736398895064,0.162985528953177,0.03707960395787836
851,1778141772.3288715,1778141772.329403,1778141772.329403,12.182663,0.5314350128173828,0.00247955322265625,0.00324249267578125,0.00743865966796875,-0.16727733612060547,-0.034142494201660156,-0.00476837158203125,0.0986142620028594,0.0011080200422453072,0.14927989394619634,2.5502906307164683,-2.4595066004950303,2.0862663939844146,0.0986142620028594,0.0011080200422453072,0.14927989394619634,0.0008409736398895064,0.162985528953177,0.03707960395787836
852,1778141772.3388836,1778141772.3396318,1778141772.3396318,12.193015,0.7481575012207031,0.00247955322265625,0.00324249267578125,0.00743865966796875,-0.16727733612060547,-0.034142494201660156,-0.00476837158203125,0.0986142620028594,0.0011080200422453072,0.14927989394619634,2.5502906307164683,-2.4595066004950303,2.0862663939844146,0.0986142620028594,0.0011080200422453072,0.14927989394619634,0.0008409736398895064,0.162985528953177,0.03707960395787836
853,1778141772.348858,1778141772.3495216,1778141772.3495216,12.203253,0.6635189056396484,0.00247955322265625,0.00324249267578125,0.00743865966796875,-0.16727733612060547,-0.034142494201660156,-0.00476837158203125,0.0986142620028594,0.0011080200422453072,0.14927989394619634,2.5502906307164683,-2.4595066004950303,2.0862663939844146,0.0986142620028594,0.0011080200422453072,0.14927989394619634,0.0008409736398895064,0.162985528953177,0.03707960395787836
854,1778141772.358862,1778141772.3593931,1778141772.3593931,12.213535,0.5311965942382812,0.00247955322265625,0.00324249267578125,0.00743865966796875,-0.16727733612060547,-0.034142494201660156,-0.00476837158203125,0.0986142620028594,0.0011080200422453072,0.14927989394619634,2.5502906307164683,-2.4595066004950303,2.0862663939844146,0.0986142620028594,0.0011080200422453072,0.14927989394619634,0.0008409736398895064,0.162985528953177,0.03707960395787836
855,1778141772.368883,1778141772.3693504,1778141772.3693504,12.223855,0.46753883361816406,0.00247955322265625,0.00324249267578125,0.00743865966796875,-0.16727733612060547,-0.034142494201660156,-0.00476837158203125,0.0986142620028594,0.0011080200422453072,0.14927989394619634,2.5502906307164683,-2.4595066004950303,2.0862663939844146,0.0986142620028594,0.0011080200422453072,0.14927989394619634,0.0008409736398895064,0.162985528953177,0.03707960395787836
856,1778141772.378879,1778141772.3796499,1778141772.3796499,12.232059,0.7708072662353516,0.00247955322265625,0.00324249267578125,0.00743865966796875,-0.16727733612060547,-0.034142494201660156,-0.00476837158203125,0.0986142620028594,0.0011080200422453072,0.14927989394619634,2.5502906307164683,-2.4595066004950303,2.0862663939844146,0.0986142620028594,0.0011080200422453072,0.14927989394619634,0.0008409736398895064,0.162985528953177,0.03707960395787836
857,1778141772.3890126,1778141772.389711,1778141772.389711,12.242326,0.6983280181884766,0.00247955322265625,0.00324249267578125,0.00705718994140625,-0.16727733612060547,-0.034142494201660156,-0.00476837158203125,0.09863137412531373,0.0011080615129798663,0.1491491933088813,2.5503938580129044,-2.4596337298462942,2.08553931537686,0.09863137412531373,0.0011080615129798663,0.1491491933088813,0.0008543479432886449,0.16336677034769248,0.037081773850933246
858,1778141772.3988807,1778141772.3996747,1778141772.3996747,12.252664,0.7939338684082031,0.00247955322265625,0.00324249267578125,0.00743865966796875,-0.16727733612060547,-0.034142494201660156,-0.00476837158203125,0.0986142620028594,0.0011080200422453072,0.14927989394619634,2.5502906307164683,-2.4595066004950303,2.0862663939844146,0.0986142620028594,0.0011080200422453072,0.14927989394619634,0.0008409736398895064,0.162985528953177,0.03707960395787836
859,1778141772.408901,1778141772.4096336,1778141772.4096336,12.263007,0.7326602935791016,0.00247955322265625,0.00324249267578125,0.00743865966796875,-0.16727733612060547,-0.034142494201660156,-0.00476837158203125,0.0986142620028594,0.0011080200422453072,0.14927989394619634,2.5502906307164683,-2.4595066004950303,2.0862663939844146,0.0986142620028594,0.0011080200422453072,0.14927989394619634,0.0008409736398895064,0.162985528953177,0.03707960395787836
860,1778141772.4188666,1778141772.4195616,1778141772.4195616,12.273418,0.6949901580810547,0.00247955322265625,0.00324249267578125,0.00743865966796875,-0.16727733612060547,-0.034142494201660156,-0.00476837158203125,0.0986142620028594,0.0011080200422453072,0.14927989394619634,2.5502906307164683,-2.4595066004950303,2.0862663939844146,0.0986142620028594,0.0011080200422453072,0.14927989394619634,0.0008409736398895064,0.162985528953177,0.03707960395787836
861,1778141772.4288707,1778141772.4298415,1778141772.4298415,12.283738,0.9708404541015625,0.00247955322265625,0.00324249267578125,0.00743865966796875,-0.16727733612060547,-0.034142494201660156,-0.00476837158203125,0.0986142620028594,0.0011080200422453072,0.14927989394619634,2.5502906307164683,-2.4595066004950303,2.0862663939844146,0.0986142620028594,0.0011080200422453072,0.14927989394619634,0.0008409736398895064,0.162985528953177,0.03707960395787836
862,1778141772.4388976,1778141772.4395576,1778141772.4395576,12.291961,0.659942626953125,0.00247955322265625,0.00324249267578125,0.00743865966796875,-0.16727733612060547,-0.034142494201660156,-0.00476837158203125,0.0986142620028594,0.0011080200422453072,0.14927989394619634,2.5502906307164683,-2.4595066004950303,2.0862663939844146,0.0986142620028594,0.0011080200422453072,0.14927989394619634,0.0008409736398895064,0.162985528953177,0.03707960395787836
863,1778141772.448882,1778141772.44988,1778141772.44988,12.302226,0.9977817535400391,0.00247955322265625,0.00324249267578125,0.00743865966796875,-0.16727733612060547,-0.034142494201660156,-0.00476837158203125,0.0986142620028594,0.0011080200422453072,0.14927989394619634,2.5502906307164683,-2.4595066004950303,2.0862663939844146,0.0986142620028594,0.0011080200422453072,0.14927989394619634,0.0008409736398895064,0.162985528953177,0.03707960395787836
864,1778141772.4589849,1778141772.45985,1778141772.45985,12.312533,0.8652210235595703,0.00247955322265625,0.00324249267578125,0.00705718994140625,-0.16727733612060547,-0.034142494201660156,-0.00476837158203125,0.09863137412531373,0.0011080615129798663,0.1491491933088813,2.5503938580129044,-2.4596337298462942,2.08553931537686,0.09863137412531373,0.0011080615129798663,0.1491491933088813,0.0008543479432886449,0.16336677034769248,0.037081773850933246
865,1778141772.4688864,1778141772.469389,1778141772.469389,12.322833,0.5025863647460938,0.00247955322265625,0.00324249267578125,0.00743865966796875,-0.16727733612060547,-0.034142494201660156,-0.00476837158203125,0.0986142620028594,0.0011080200422453072,0.14927989394619634,2.5502906307164683,-2.4595066004950303,2.0862663939844146,0.0986142620028594,0.0011080200422453072,0.14927989394619634,0.0008409736398895064,0.162985528953177,0.03707960395787836
866,1778141772.4788496,1778141772.4797056,1778141772.4797056,12.333169,0.8559226989746094,0.00247955322265625,0.00324249267578125,0.00743865966796875,-0.16727733612060547,-0.034142494201660156,-0.00476837158203125,0.0986142620028594,0.0011080200422453072,0.14927989394619634,2.5502906307164683,-2.4595066004950303,2.0862663939844146,0.0986142620028594,0.0011080200422453072,0.14927989394619634,0.0008409736398895064,0.162985528953177,0.03707960395787836
867,1778141772.4888527,1778141772.4895191,1778141772.4895191,12.343449,0.6663799285888672,0.00247955322265625,0.00324249267578125,0.00705718994140625,-0.16727733612060547,-0.034142494201660156,-0.00476837158203125,0.09863137412531373,0.0011080615129798663,0.1491491933088813,2.5503938580129044,-2.4596337298462942,2.08553931537686,0.09863137412531373,0.0011080615129798663,0.1491491933088813,0.0008543479432886449,0.16336677034769248,0.037081773850933246
868,1778141772.4988532,1778141772.499505,1778141772.499505,12.353873,0.6518363952636719,0.00247955322265625,0.00324249267578125,0.00743865966796875,-0.16727733612060547,-0.034142494201660156,-0.00476837158203125,0.0986142620028594,0.0011080200422453072,0.14927989394619634,2.5502906307164683,-2.4595066004950303,2.0862663939844146,0.0986142620028594,0.0011080200422453072,0.14927989394619634,0.0008409736398895064,0.162985528953177,0.03707960395787836
869,1778141772.5088992,1778141772.5095541,1778141772.5095541,12.362169,0.6549358367919922,0.00247955322265625,0.00324249267578125,0.00743865966796875,-0.16727733612060547,-0.034142494201660156,-0.00476837158203125,0.0986142620028594,0.0011080200422453072,0.14927989394619634,2.5502906307164683,-2.4595066004950303,2.0862663939844146,0.0986142620028594,0.0011080200422453072,0.14927989394619634,0.0008409736398895064,0.162985528953177,0.03707960395787836
870,1778141772.5188568,1778141772.519592,1778141772.519592,12.372487,0.7352828979492188,0.00247955322265625,0.00324249267578125,0.00743865966796875,-0.16727733612060547,-0.034142494201660156,-0.00476837158203125,0.0986142620028594,0.0011080200422453072,0.14927989394619634,2.5502906307164683,-2.4595066004950303,2.0862663939844146,0.0986142620028594,0.0011080200422453072,0.14927989394619634,0.0008409736398895064,0.162985528953177,0.03707960395787836
871,1778141772.5288837,1778141772.5297604,1778141772.5297604,12.382834,0.8766651153564453,0.00247955322265625,0.00324249267578125,0.00743865966796875,-0.16727733612060547,-0.034142494201660156,-0.00476837158203125,0.0986142620028594,0.0011080200422453072,0.14927989394619634,2.5502906307164683,-2.4595066004950303,2.0862663939844146,0.0986142620028594,0.0011080200422453072,0.14927989394619634,0.0008409736398895064,0.162985528953177,0.03707960395787836
872,1778141772.5388863,1778141772.5396945,1778141772.5396945,12.393148,0.8082389831542969,0.00247955322265625,0.00324249267578125,0.00743865966796875,-0.16727733612060547,-0.034142494201660156,-0.00476837158203125,0.0986142620028594,0.0011080200422453072,0.14927989394619634,2.5502906307164683,-2.4595066004950303,2.0862663939844146,0.0986142620028594,0.0011080200422453072,0.14927989394619634,0.0008409736398895064,0.162985528953177,0.03707960395787836
873,1778141772.5489101,1778141772.5494597,1778141772.5494597,12.403473,0.5495548248291016,0.00247955322265625,0.00324249267578125,0.00705718994140625,-0.16727733612060547,-0.034142494201660156,-0.00476837158203125,0.09863137412531373,0.0011080615129798663,0.1491491933088813,2.5503938580129044,-2.4596337298462942,2.08553931537686,0.09863137412531373,0.0011080615129798663,0.1491491933088813,0.0008543479432886449,0.16336677034769248,0.037081773850933246
874,1778141772.558888,1778141772.559545,1778141772.559545,12.413868,0.6570816040039062,0.00247955322265625,0.00324249267578125,0.00743865966796875,-0.16727733612060547,-0.034142494201660156,-0.00476837158203125,0.0986142620028594,0.0011080200422453072,0.14927989394619634,2.5502906307164683,-2.4595066004950303,2.0862663939844146,0.0986142620028594,0.0011080200422453072,0.14927989394619634,0.0008409736398895064,0.162985528953177,0.03707960395787836
875,1778141772.5689476,1778141772.569612,1778141772.569612,12.422156,0.6644725799560547,0.00247955322265625,0.00324249267578125,0.00743865966796875,-0.16727733612060547,-0.034142494201660156,-0.00476837158203125,0.0986142620028594,0.0011080200422453072,0.14927989394619634,2.5502906307164683,-2.4595066004950303,2.0862663939844146,0.0986142620028594,0.0011080200422453072,0.14927989394619634,0.0008409736398895064,0.162985528953177,0.03707960395787836
876,1778141772.578843,1778141772.579486,1778141772.579486,12.432439,0.6427764892578125,0.00247955322265625,0.00324249267578125,0.00743865966796875,-0.16727733612060547,-0.034142494201660156,-0.00476837158203125,0.0986142620028594,0.0011080200422453072,0.14927989394619634,2.5502906307164683,-2.4595066004950303,2.0862663939844146,0.0986142620028594,0.0011080200422453072,0.14927989394619634,0.0008409736398895064,0.162985528953177,0.03707960395787836
877,1778141772.5888453,1778141772.5893154,1778141772.5893154,12.442772,0.47016143798828125,0.00247955322265625,0.00324249267578125,0.00743865966796875,-0.16727733612060547,-0.034142494201660156,-0.00476837158203125,0.0986142620028594,0.0011080200422453072,0.14927989394619634,2.5502906307164683,-2.4595066004950303,2.0862663939844146,0.0986142620028594,0.0011080200422453072,0.14927989394619634,0.0008409736398895064,0.162985528953177,0.03707960395787836
878,1778141772.5988674,1778141772.5995944,1778141772.5995944,12.45313,0.7269382476806641,0.00247955322265625,0.00324249267578125,0.00743865966796875,-0.16727733612060547,-0.034142494201660156,-0.00476837158203125,0.0986142620028594,0.0011080200422453072,0.14927989394619634,2.5502906307164683,-2.4595066004950303,2.0862663939844146,0.0986142620028594,0.0011080200422453072,0.14927989394619634,0.0008409736398895064,0.162985528953177,0.03707960395787836
879,1778141772.608875,1778141772.6095424,1778141772.6095424,12.46342,0.6673336029052734,0.00247955322265625,0.00324249267578125,0.00705718994140625,-0.16727733612060547,-0.034142494201660156,-0.00476837158203125,0.09863137412531373,0.0011080615129798663,0.1491491933088813,2.5503938580129044,-2.4596337298462942,2.08553931537686,0.09863137412531373,0.0011080615129798663,0.1491491933088813,0.0008543479432886449,0.16336677034769248,0.037081773850933246
880,1778141772.6189291,1778141772.6197984,1778141772.6197984,12.473666,0.8692741394042969,0.00247955322265625,0.00324249267578125,0.00743865966796875,-0.16727733612060547,-0.034142494201660156,-0.00476837158203125,0.0986142620028594,0.0011080200422453072,0.14927989394619634,2.5502906307164683,-2.4595066004950303,2.0862663939844146,0.0986142620028594,0.0011080200422453072,0.14927989394619634,0.0008409736398895064,0.162985528953177,0.03707960395787836
881,1778141772.6289873,1778141772.6295784,1778141772.6295784,12.482037,0.5910396575927734,0.00247955322265625,0.00324249267578125,0.00705718994140625,-0.16727733612060547,-0.034142494201660156,-0.00476837158203125,0.09863137412531373,0.0011080615129798663,0.1491491933088813,2.5503938580129044,-2.4596337298462942,2.08553931537686,0.09863137412531373,0.0011080615129798663,0.1491491933088813,0.0008543479432886449,0.16336677034769248,0.037081773850933246
882,1778141772.6388547,1778141772.6396732,1778141772.6396732,12.492345,0.8184909820556641,0.00247955322265625,0.00324249267578125,0.00743865966796875,-0.16727733612060547,-0.034142494201660156,-0.00476837158203125,0.0986142620028594,0.0011080200422453072,0.14927989394619634,2.5502906307164683,-2.4595066004950303,2.0862663939844146,0.0986142620028594,0.0011080200422453072,0.14927989394619634,0.0008409736398895064,0.162985528953177,0.03707960395787836
883,1778141772.6489272,1778141772.6495333,1778141772.6495333,12.502667,0.6060600280761719,0.00247955322265625,0.00324249267578125,0.00705718994140625,-0.16727733612060547,-0.034142494201660156,-0.00476837158203125,0.09863137412531373,0.0011080615129798663,0.1491491933088813,2.5503938580129044,-2.4596337298462942,2.08553931537686,0.09863137412531373,0.0011080615129798663,0.1491491933088813,0.0008543479432886449,0.16336677034769248,0.037081773850933246
884,1778141772.6588728,1778141772.6597764,1778141772.6597764,12.512987,0.9036064147949219,0.00247955322265625,0.00324249267578125,0.00743865966796875,-0.16727733612060547,-0.034142494201660156,-0.00476837158203125,0.0986142620028594,0.0011080200422453072,0.14927989394619634,2.5502906307164683,-2.4595066004950303,2.0862663939844146,0.0986142620028594,0.0011080200422453072,0.14927989394619634,0.0008409736398895064,0.162985528953177,0.03707960395787836
885,1778141772.6689172,1778141772.6699026,1778141772.6699026,12.523259,0.9853839874267578,0.00247955322265625,0.00324249267578125,0.00743865966796875,-0.16727733612060547,-0.034142494201660156,-0.00476837158203125,0.0986142620028594,0.0011080200422453072,0.14927989394619634,2.5502906307164683,-2.4595066004950303,2.0862663939844146,0.0986142620028594,0.0011080200422453072,0.14927989394619634,0.0008409736398895064,0.162985528953177,0.03707960395787836
886,1778141772.6789148,1778141772.6796114,1778141772.6796114,12.533543,0.6966590881347656,0.00247955322265625,0.00324249267578125,0.00705718994140625,-0.16727733612060547,-0.034142494201660156,-0.00476837158203125,0.09863137412531373,0.0011080615129798663,0.1491491933088813,2.5503938580129044,-2.4596337298462942,2.08553931537686,0.09863137412531373,0.0011080615129798663,0.1491491933088813,0.0008543479432886449,0.16336677034769248,0.037081773850933246
887,1778141772.6888902,1778141772.6897874,1778141772.6897874,12.543846,0.8971691131591797,0.00247955322265625,0.00324249267578125,0.00743865966796875,-0.16727733612060547,-0.034142494201660156,-0.00476837158203125,0.0986142620028594,0.0011080200422453072,0.14927989394619634,2.5502906307164683,-2.4595066004950303,2.0862663939844146,0.0986142620028594,0.0011080200422453072,0.14927989394619634,0.0008409736398895064,0.162985528953177,0.03707960395787836
888,1778141772.6988666,1778141772.6996827,1778141772.6996827,12.552065,0.8161067962646484,0.00247955322265625,0.00324249267578125,0.00743865966796875,-0.16727733612060547,-0.034142494201660156,-0.00476837158203125,0.0986142620028594,0.0011080200422453072,0.14927989394619634,2.5502906307164683,-2.4595066004950303,2.0862663939844146,0.0986142620028594,0.0011080200422453072,0.14927989394619634,0.0008409736398895064,0.162985528953177,0.03707960395787836
889,1778141772.7088788,1778141772.7101617,1778141772.7101617,12.562367,1.2829303741455078,0.00247955322265625,0.00324249267578125,0.00743865966796875,-0.16727733612060547,-0.034142494201660156,-0.00476837158203125,0.0986142620028594,0.0011080200422453072,0.14927989394619634,2.5502906307164683,-2.4595066004950303,2.0862663939844146,0.0986142620028594,0.0011080200422453072,0.14927989394619634,0.0008409736398895064,0.162985528953177,0.03707960395787836
890,1778141772.7189763,1778141772.7195606,1778141772.7195606,12.572664,0.5843639373779297,0.00247955322265625,0.00324249267578125,0.00743865966796875,-0.16727733612060547,-0.034142494201660156,-0.00476837158203125,0.0986142620028594,0.0011080200422453072,0.14927989394619634,2.5502906307164683,-2.4595066004950303,2.0862663939844146,0.0986142620028594,0.0011080200422453072,0.14927989394619634,0.0008409736398895064,0.162985528953177,0.03707960395787836
891,1778141772.728866,1778141772.7298243,1778141772.7298243,12.583006,0.9582042694091797,0.00247955322265625,0.00324249267578125,0.00743865966796875,-0.16689586639404297,-0.034142494201660156,-0.00476837158203125,0.09862039791565635,0.001108035531025012,0.14931722927099367,2.5501872554294027,-2.4593793220268365,2.0869935397018646,0.09862039791565635,0.001108035531025012,0.14931722927099367,0.0008276010122516941,0.16260428753006206,0.03707743936769013
892,1778141772.738883,1778141772.7395191,1778141772.7395191,12.593273,0.6361007690429688,0.00247955322265625,0.00324249267578125,0.00705718994140625,-0.16727733612060547,-0.034142494201660156,-0.00476837158203125,0.09863137412531373,0.0011080615129798663,0.1491491933088813,2.5503938580129044,-2.4596337298462942,2.08553931537686,0.09863137412531373,0.0011080615129798663,0.1491491933088813,0.0008543479432886449,0.16336677034769248,0.037081773850933246
893,1778141772.7488189,1778141772.7495003,1778141772.7495003,12.603556,0.6814002990722656,0.00247955322265625,0.00324249267578125,0.00705718994140625,-0.16727733612060547,-0.034142494201660156,-0.00476837158203125,0.09863137412531373,0.0011080615129798663,0.1491491933088813,2.5503938580129044,-2.4596337298462942,2.08553931537686,0.09863137412531373,0.0011080615129798663,0.1491491933088813,0.0008543479432886449,0.16336677034769248,0.037081773850933246
894,1778141772.7588778,1778141772.7600799,1778141772.7600799,12.613872,1.2021064758300781,0.00247955322265625,0.00324249267578125,0.00705718994140625,-0.16727733612060547,-0.034142494201660156,-0.00476837158203125,0.09863137412531373,0.0011080615129798663,0.1491491933088813,2.5503938580129044,-2.4596337298462942,2.08553931537686,0.09863137412531373,0.0011080615129798663,0.1491491933088813,0.0008543479432886449,0.16336677034769248,0.037081773850933246
895,1778141772.7689252,1778141772.7698233,1778141772.7698233,12.624207,0.8981227874755859,0.00247955322265625,0.00324249267578125,0.00743865966796875,-0.16727733612060547,-0.034142494201660156,-0.00476837158203125,0.0986142620028594,0.0011080200422453072,0.14927989394619634,2.5502906307164683,-2.4595066004950303,2.0862663939844146,0.0986142620028594,0.0011080200422453072,0.14927989394619634,0.0008409736398895064,0.162985528953177,0.03707960395787836
896,1778141772.778849,1778141772.7798884,1778141772.7798884,12.632431,1.0395050048828125,0.00247955322265625,0.00324249267578125,0.00743865966796875,-0.16727733612060547,-0.034142494201660156,-0.00476837158203125,0.0986142620028594,0.0011080200422453072,0.14927989394619634,2.5502906307164683,-2.4595066004950303,2.0862663939844146,0.0986142620028594,0.0011080200422453072,0.14927989394619634,0.0008409736398895064,0.162985528953177,0.03707960395787836
897,1778141772.788901,1778141772.7895463,1778141772.7895463,12.642789,0.6451606750488281,0.00247955322265625,0.00324249267578125,0.00743865966796875,-0.16727733612060547,-0.034142494201660156,-0.00476837158203125,0.0986142620028594,0.0011080200422453072,0.14927989394619634,2.5502906307164683,-2.4595066004950303,2.0862663939844146,0.0986142620028594,0.0011080200422453072,0.14927989394619634,0.0008409736398895064,0.162985528953177,0.03707960395787836
898,1778141772.7988997,1778141772.799841,1778141772.799841,12.653021,0.9412765502929688,0.00247955322265625,0.00324249267578125,0.00705718994140625,-0.16727733612060547,-0.034142494201660156,-0.00476837158203125,0.09863137412531373,0.0011080615129798663,0.1491491933088813,2.5503938580129044,-2.4596337298462942,2.08553931537686,0.09863137412531373,0.0011080615129798663,0.1491491933088813,0.0008543479432886449,0.16336677034769248,0.037081773850933246
899,1778141772.8088863,1778141772.810022,1778141772.810022,12.663273,1.1358261108398438,0.00247955322265625,0.00324249267578125,0.00743865966796875,-0.16727733612060547,-0.034142494201660156,-0.00476837158203125,0.0986142620028594,0.0011080200422453072,0.14927989394619634,2.5502906307164683,-2.4595066004950303,2.0862663939844146,0.0986142620028594,0.0011080200422453072,0.14927989394619634,0.0008409736398895064,0.162985528953177,0.03707960395787836
900,1778141772.8188486,1778141772.82001,1778141772.82001,12.673613,1.161336898803711,0.00247955322265625,0.00324249267578125,0.00743865966796875,-0.16727733612060547,-0.034142494201660156,-0.00476837158203125,0.0986142620028594,0.0011080200422453072,0.14927989394619634,2.5502906307164683,-2.4595066004950303,2.0862663939844146,0.0986142620028594,0.0011080200422453072,0.14927989394619634,0.0008409736398895064,0.162985528953177,0.03707960395787836
901,1778141772.8288834,1778141772.8295653,1778141772.8295653,12.68187,0.6818771362304688,0.00247955322265625,0.00324249267578125,0.00743865966796875,-0.16727733612060547,-0.034142494201660156,-0.00476837158203125,0.0986142620028594,0.0011080200422453072,0.14927989394619634,2.5502906307164683,-2.4595066004950303,2.0862663939844146,0.0986142620028594,0.0011080200422453072,0.14927989394619634,0.0008409736398895064,0.162985528953177,0.03707960395787836
902,1778141772.8389094,1778141772.8396459,1778141772.8396459,12.692182,0.7364749908447266,0.00247955322265625,0.00324249267578125,0.00743865966796875,-0.16727733612060547,-0.034142494201660156,-0.00476837158203125,0.0986142620028594,0.0011080200422453072,0.14927989394619634,2.5502906307164683,-2.4595066004950303,2.0862663939844146,0.0986142620028594,0.0011080200422453072,0.14927989394619634,0.0008409736398895064,0.162985528953177,0.03707960395787836
903,1778141772.8489993,1778141772.8498056,1778141772.8498056,12.702463,0.8063316345214844,0.00247955322265625,0.00324249267578125,0.00743865966796875,-0.16727733612060547,-0.034142494201660156,-0.00476837158203125,0.0986142620028594,0.0011080200422453072,0.14927989394619634,2.5502906307164683,-2.4595066004950303,2.0862663939844146,0.0986142620028594,0.0011080200422453072,0.14927989394619634,0.0008409736398895064,0.162985528953177,0.03707960395787836
904,1778141772.85888,1778141772.8595653,1778141772.8595653,12.712806,0.6852149963378906,0.00247955322265625,0.00324249267578125,0.00743865966796875,-0.16727733612060547,-0.034142494201660156,-0.00476837158203125,0.0986142620028594,0.0011080200422453072,0.14927989394619634,2.5502906307164683,-2.4595066004950303,2.0862663939844146,0.0986142620028594,0.0011080200422453072,0.14927989394619634,0.0008409736398895064,0.162985528953177,0.03707960395787836
905,1778141772.8688881,1778141772.8700387,1778141772.8700387,12.723168,1.1506080627441406,0.00247955322265625,0.00324249267578125,0.00743865966796875,-0.16727733612060547,-0.034142494201660156,-0.00476837158203125,0.0986142620028594,0.0011080200422453072,0.14927989394619634,2.5502906307164683,-2.4595066004950303,2.0862663939844146,0.0986142620028594,0.0011080200422453072,0.14927989394619634,0.0008409736398895064,0.162985528953177,0.03707960395787836
906,1778141772.8789103,1778141772.8794367,1778141772.8794367,12.733467,0.52642822265625,0.00247955322265625,0.00324249267578125,0.00705718994140625,-0.16727733612060547,-0.034142494201660156,-0.00476837158203125,0.09863137412531373,0.0011080615129798663,0.1491491933088813,2.5503938580129044,-2.4596337298462942,2.08553931537686,0.09863137412531373,0.0011080615129798663,0.1491491933088813,0.0008543479432886449,0.16336677034769248,0.037081773850933246
907,1778141772.8888893,1778141772.8895478,1778141772.8895478,12.743777,0.6585121154785156,0.00247955322265625,0.00324249267578125,0.00705718994140625,-0.16727733612060547,-0.034142494201660156,-0.00476837158203125,0.09863137412531373,0.0011080615129798663,0.1491491933088813,2.5503938580129044,-2.4596337298462942,2.08553931537686,0.09863137412531373,0.0011080615129798663,0.1491491933088813,0.0008543479432886449,0.16336677034769248,0.037081773850933246
908,1778141772.8989081,1778141772.8998299,1778141772.8998299,12.752049,0.9217262268066406,0.00247955322265625,0.00324249267578125,0.00743865966796875,-0.16727733612060547,-0.034142494201660156,-0.00476837158203125,0.0986142620028594,0.0011080200422453072,0.14927989394619634,2.5502906307164683,-2.4595066004950303,2.0862663939844146,0.0986142620028594,0.0011080200422453072,0.14927989394619634,0.0008409736398895064,0.162985528953177,0.03707960395787836
909,1778141772.9088717,1778141772.9095185,1778141772.9095185,12.762268,0.6468296051025391,0.00247955322265625,0.00324249267578125,0.00743865966796875,-0.16727733612060547,-0.034142494201660156,-0.00476837158203125,0.0986142620028594,0.0011080200422453072,0.14927989394619634,2.5502906307164683,-2.4595066004950303,2.0862663939844146,0.0986142620028594,0.0011080200422453072,0.14927989394619634,0.0008409736398895064,0.162985528953177,0.03707960395787836
910,1778141772.9189038,1778141772.919987,1778141772.919987,12.772625,1.0831356048583984,0.00247955322265625,0.00324249267578125,0.00743865966796875,-0.16727733612060547,-0.034142494201660156,-0.00476837158203125,0.0986142620028594,0.0011080200422453072,0.14927989394619634,2.5502906307164683,-2.4595066004950303,2.0862663939844146,0.0986142620028594,0.0011080200422453072,0.14927989394619634,0.0008409736398895064,0.162985528953177,0.03707960395787836
911,1778141772.9288747,1778141772.9296541,1778141772.9296541,12.783072,0.7793903350830078,0.00247955322265625,0.00324249267578125,0.00743865966796875,-0.16727733612060547,-0.034142494201660156,-0.00476837158203125,0.0986142620028594,0.0011080200422453072,0.14927989394619634,2.5502906307164683,-2.4595066004950303,2.0862663939844146,0.0986142620028594,0.0011080200422453072,0.14927989394619634,0.0008409736398895064,0.162985528953177,0.03707960395787836
912,1778141772.938902,1778141772.940011,1778141772.940011,12.793234,1.1091232299804688,0.00247955322265625,0.00324249267578125,0.00743865966796875,-0.16727733612060547,-0.034142494201660156,-0.00476837158203125,0.0986142620028594,0.0011080200422453072,0.14927989394619634,2.5502906307164683,-2.4595066004950303,2.0862663939844146,0.0986142620028594,0.0011080200422453072,0.14927989394619634,0.0008409736398895064,0.162985528953177,0.03707960395787836
913,1778141772.9489048,1778141772.9497793,1778141772.9497793,12.803472,0.8745193481445312,0.00247955322265625,0.00324249267578125,0.00743865966796875,-0.16727733612060547,-0.034142494201660156,-0.00476837158203125,0.0986142620028594,0.0011080200422453072,0.14927989394619634,2.5502906307164683,-2.4595066004950303,2.0862663939844146,0.0986142620028594,0.0011080200422453072,0.14927989394619634,0.0008409736398895064,0.162985528953177,0.03707960395787836
914,1778141772.958863,1778141772.959975,1778141772.959975,12.813856,1.1119842529296875,0.00247955322265625,0.00324249267578125,0.00743865966796875,-0.16727733612060547,-0.034142494201660156,-0.00476837158203125,0.0986142620028594,0.0011080200422453072,0.14927989394619634,2.5502906307164683,-2.4595066004950303,2.0862663939844146,0.0986142620028594,0.0011080200422453072,0.14927989394619634,0.0008409736398895064,0.162985528953177,0.03707960395787836
915,1778141772.9688892,1778141772.9698646,1778141772.9698646,12.822068,0.9753704071044922,0.00247955322265625,0.00324249267578125,0.00743865966796875,-0.16727733612060547,-0.034142494201660156,-0.00476837158203125,0.0986142620028594,0.0011080200422453072,0.14927989394619634,2.5502906307164683,-2.4595066004950303,2.0862663939844146,0.0986142620028594,0.0011080200422453072,0.14927989394619634,0.0008409736398895064,0.162985528953177,0.03707960395787836
916,1778141772.978883,1778141772.9795752,1778141772.9795752,12.832392,0.6921291351318359,0.00247955322265625,0.00324249267578125,0.00743865966796875,-0.16727733612060547,-0.034142494201660156,-0.00476837158203125,0.0986142620028594,0.0011080200422453072,0.14927989394619634,2.5502906307164683,-2.4595066004950303,2.0862663939844146,0.0986142620028594,0.0011080200422453072,0.14927989394619634,0.0008409736398895064,0.162985528953177,0.03707960395787836
917,1778141772.9888792,1778141772.9893622,1778141772.9893622,12.84268,0.4830360412597656,0.00247955322265625,0.00324249267578125,0.00743865966796875,-0.16727733612060547,-0.034142494201660156,-0.00476837158203125,0.0986142620028594,0.0011080200422453072,0.14927989394619634,2.5502906307164683,-2.4595066004950303,2.0862663939844146,0.0986142620028594,0.0011080200422453072,0.14927989394619634,0.0008409736398895064,0.162985528953177,0.03707960395787836
918,1778141772.9988556,1778141772.9998329,1778141772.9998329,12.853074,0.9772777557373047,0.00247955322265625,0.00324249267578125,0.00743865966796875,-0.16727733612060547,-0.034142494201660156,-0.00476837158203125,0.0986142620028594,0.0011080200422453072,0.14927989394619634,2.5502906307164683,-2.4595066004950303,2.0862663939844146,0.0986142620028594,0.0011080200422453072,0.14927989394619634,0.0008409736398895064,0.162985528953177,0.03707960395787836
919,1778141773.008967,1778141773.009376,1778141773.009376,12.863369,0.40912628173828125,0.00247955322265625,0.00324249267578125,0.00743865966796875,-0.16727733612060547,-0.034142494201660156,-0.00476837158203125,0.0986142620028594,0.0011080200422453072,0.14927989394619634,2.5502906307164683,-2.4595066004950303,2.0862663939844146,0.0986142620028594,0.0011080200422453072,0.14927989394619634,0.0008409736398895064,0.162985528953177,0.03707960395787836
920,1778141773.0188649,1778141773.019489,1778141773.019489,12.873664,0.6241798400878906,0.00247955322265625,0.00324249267578125,0.00743865966796875,-0.16727733612060547,-0.034142494201660156,-0.00476837158203125,0.0986142620028594,0.0011080200422453072,0.14927989394619634,2.5502906307164683,-2.4595066004950303,2.0862663939844146,0.0986142620028594,0.0011080200422453072,0.14927989394619634,0.0008409736398895064,0.162985528953177,0.03707960395787836
921,1778141773.0288737,1778141773.0297081,1778141773.0297081,12.883948,0.8344650268554688,0.00247955322265625,0.00324249267578125,0.00743865966796875,-0.16727733612060547,-0.034142494201660156,-0.00476837158203125,0.0986142620028594,0.0011080200422453072,0.14927989394619634,2.5502906307164683,-2.4595066004950303,2.0862663939844146,0.0986142620028594,0.0011080200422453072,0.14927989394619634,0.0008409736398895064,0.162985528953177,0.03707960395787836
922,1778141773.0388577,1778141773.0396588,1778141773.0396588,12.892212,0.80108642578125,0.00247955322265625,0.00324249267578125,0.00743865966796875,-0.16727733612060547,-0.034142494201660156,-0.00476837158203125,0.0986142620028594,0.0011080200422453072,0.14927989394619634,2.5502906307164683,-2.4595066004950303,2.0862663939844146,0.0986142620028594,0.0011080200422453072,0.14927989394619634,0.0008409736398895064,0.162985528953177,0.03707960395787836
923,1778141773.0488722,1778141773.0498776,1778141773.0498776,12.902474,1.005411148071289,0.00247955322265625,0.00324249267578125,0.00743865966796875,-0.16727733612060547,-0.034142494201660156,-0.00476837158203125,0.0986142620028594,0.0011080200422453072,0.14927989394619634,2.5502906307164683,-2.4595066004950303,2.0862663939844146,0.0986142620028594,0.0011080200422453072,0.14927989394619634,0.0008409736398895064,0.162985528953177,0.03707960395787836
924,1778141773.0588412,1778141773.059657,1778141773.059657,12.912791,0.8158683776855469,0.00247955322265625,0.00324249267578125,0.00743865966796875,-0.16727733612060547,-0.034142494201660156,-0.00476837158203125,0.0986142620028594,0.0011080200422453072,0.14927989394619634,2.5502906307164683,-2.4595066004950303,2.0862663939844146,0.0986142620028594,0.0011080200422453072,0.14927989394619634,0.0008409736398895064,0.162985528953177,0.03707960395787836
925,1778141773.0688906,1778141773.069378,1778141773.069378,12.923074,0.48732757568359375,0.00247955322265625,0.00324249267578125,0.00743865966796875,-0.16727733612060547,-0.034142494201660156,-0.00476837158203125,0.0986142620028594,0.0011080200422453072,0.14927989394619634,2.5502906307164683,-2.4595066004950303,2.0862663939844146,0.0986142620028594,0.0011080200422453072,0.14927989394619634,0.0008409736398895064,0.162985528953177,0.03707960395787836
926,1778141773.0788593,1778141773.0793176,1778141773.0793176,12.933388,0.4582405090332031,0.00247955322265625,0.00324249267578125,0.00743865966796875,-0.16727733612060547,-0.034142494201660156,-0.00476837158203125,0.0986142620028594,0.0011080200422453072,0.14927989394619634,2.5502906307164683,-2.4595066004950303,2.0862663939844146,0.0986142620028594,0.0011080200422453072,0.14927989394619634,0.0008409736398895064,0.162985528953177,0.03707960395787836
927,1778141773.0889661,1778141773.0895114,1778141773.0895114,12.943668,0.5452632904052734,0.00247955322265625,0.00324249267578125,0.00743865966796875,-0.16727733612060547,-0.034142494201660156,-0.00476837158203125,0.0986142620028594,0.0011080200422453072,0.14927989394619634,2.5502906307164683,-2.4595066004950303,2.0862663939844146,0.0986142620028594,0.0011080200422453072,0.14927989394619634,0.0008409736398895064,0.162985528953177,0.03707960395787836
928,1778141773.0989141,1778141773.1000817,1778141773.1000817,12.95407,1.1675357818603516,0.00247955322265625,0.00324249267578125,0.00743865966796875,-0.16727733612060547,-0.034142494201660156,-0.00476837158203125,0.0986142620028594,0.0011080200422453072,0.14927989394619634,2.5502906307164683,-2.4595066004950303,2.0862663939844146,0.0986142620028594,0.0011080200422453072,0.14927989394619634,0.0008409736398895064,0.162985528953177,0.03707960395787836
929,1778141773.1088583,1778141773.1098638,1778141773.1098638,12.962322,1.005411148071289,0.00247955322265625,0.00324249267578125,0.00743865966796875,-0.16727733612060547,-0.034142494201660156,-0.00476837158203125,0.0986142620028594,0.0011080200422453072,0.14927989394619634,2.5502906307164683,-2.4595066004950303,2.0862663939844146,0.0986142620028594,0.0011080200422453072,0.14927989394619634,0.0008409736398895064,0.162985528953177,0.03707960395787836
930,1778141773.118914,1778141773.119733,1778141773.119733,12.972631,0.8192062377929688,0.00247955322265625,0.00324249267578125,0.00743865966796875,-0.16689586639404297,-0.034142494201660156,-0.00476837158203125,0.09862039791565635,0.001108035531025012,0.14931722927099367,2.5501872554294027,-2.4593793220268365,2.0869935397018646,0.09862039791565635,0.001108035531025012,0.14931722927099367,0.0008276010122516941,0.16260428753006206,0.03707743936769013
931,1778141773.1288896,1778141773.1299481,1778141773.1299481,12.982872,1.0585784912109375,0.00247955322265625,0.00324249267578125,0.00743865966796875,-0.16727733612060547,-0.034142494201660156,-0.00476837158203125,0.0986142620028594,0.0011080200422453072,0.14927989394619634,2.5502906307164683,-2.4595066004950303,2.0862663939844146,0.0986142620028594,0.0011080200422453072,0.14927989394619634,0.0008409736398895064,0.162985528953177,0.03707960395787836
932,1778141773.138863,1778141773.1397796,1778141773.1397796,12.993173,0.9164810180664062,0.00247955322265625,0.00324249267578125,0.00743865966796875,-0.16727733612060547,-0.034142494201660156,-0.00476837158203125,0.0986142620028594,0.0011080200422453072,0.14927989394619634,2.5502906307164683,-2.4595066004950303,2.0862663939844146,0.0986142620028594,0.0011080200422453072,0.14927989394619634,0.0008409736398895064,0.162985528953177,0.03707960395787836
933,1778141773.1489928,1778141773.1498005,1778141773.1498005,13.003473,0.8077621459960938,0.00247955322265625,0.00324249267578125,0.00743865966796875,-0.16727733612060547,-0.034142494201660156,-0.00476837158203125,0.0986142620028594,0.0011080200422453072,0.14927989394619634,2.5502906307164683,-2.4595066004950303,2.0862663939844146,0.0986142620028594,0.0011080200422453072,0.14927989394619634,0.0008409736398895064,0.162985528953177,0.03707960395787836
934,1778141773.158887,1778141773.1595714,1778141773.1595714,13.01379,0.6844997406005859,0.00247955322265625,0.00324249267578125,0.00743865966796875,-0.16727733612060547,-0.034142494201660156,-0.00476837158203125,0.0986142620028594,0.0011080200422453072,0.14927989394619634,2.5502906307164683,-2.4595066004950303,2.0862663939844146,0.0986142620028594,0.0011080200422453072,0.14927989394619634,0.0008409736398895064,0.162985528953177,0.03707960395787836
935,1778141773.1688855,1778141773.169513,1778141773.169513,13.022069,0.6275177001953125,0.00247955322265625,0.00324249267578125,0.00743865966796875,-0.16727733612060547,-0.034142494201660156,-0.00476837158203125,0.0986142620028594,0.0011080200422453072,0.14927989394619634,2.5502906307164683,-2.4595066004950303,2.0862663939844146,0.0986142620028594,0.0011080200422453072,0.14927989394619634,0.0008409736398895064,0.162985528953177,0.03707960395787836
936,1778141773.1788576,1778141773.1797569,1778141773.1797569,13.032271,0.8993148803710938,0.00247955322265625,0.00324249267578125,0.00705718994140625,-0.16727733612060547,-0.034142494201660156,-0.00476837158203125,0.09863137412531373,0.0011080615129798663,0.1491491933088813,2.5503938580129044,-2.4596337298462942,2.08553931537686,0.09863137412531373,0.0011080615129798663,0.1491491933088813,0.0008543479432886449,0.16336677034769248,0.037081773850933246
937,1778141773.1888568,1778141773.1896374,1778141773.1896374,13.042619,0.7805824279785156,0.00247955322265625,0.00324249267578125,0.00705718994140625,-0.16727733612060547,-0.034142494201660156,-0.00476837158203125,0.09863137412531373,0.0011080615129798663,0.1491491933088813,2.5503938580129044,-2.4596337298462942,2.08553931537686,0.09863137412531373,0.0011080615129798663,0.1491491933088813,0.0008543479432886449,0.16336677034769248,0.037081773850933246
938,1778141773.1988761,1778141773.2000077,1778141773.2000077,13.05294,1.1315345764160156,0.00247955322265625,0.00324249267578125,0.00705718994140625,-0.16727733612060547,-0.034142494201660156,-0.00476837158203125,0.09863137412531373,0.0011080615129798663,0.1491491933088813,2.5503938580129044,-2.4596337298462942,2.08553931537686,0.09863137412531373,0.0011080615129798663,0.1491491933088813,0.0008543479432886449,0.16336677034769248,0.037081773850933246
939,1778141773.2089937,1778141773.2098644,1778141773.2098644,13.063208,0.8707046508789062,0.00247955322265625,0.00324249267578125,0.00743865966796875,-0.16727733612060547,-0.034142494201660156,-0.00476837158203125,0.0986142620028594,0.0011080200422453072,0.14927989394619634,2.5502906307164683,-2.4595066004950303,2.0862663939844146,0.0986142620028594,0.0011080200422453072,0.14927989394619634,0.0008409736398895064,0.162985528953177,0.03707960395787836
940,1778141773.2188761,1778141773.219437,1778141773.219437,13.073482,0.560760498046875,0.00247955322265625,0.00324249267578125,0.00743865966796875,-0.16727733612060547,-0.034142494201660156,-0.00476837158203125,0.0986142620028594,0.0011080200422453072,0.14927989394619634,2.5502906307164683,-2.4595066004950303,2.0862663939844146,0.0986142620028594,0.0011080200422453072,0.14927989394619634,0.0008409736398895064,0.162985528953177,0.03707960395787836
941,1778141773.2288792,1778141773.2298148,1778141773.2298148,13.083869,0.9355545043945312,0.00247955322265625,0.00324249267578125,0.00743865966796875,-0.16727733612060547,-0.034142494201660156,-0.00476837158203125,0.0986142620028594,0.0011080200422453072,0.14927989394619634,2.5502906307164683,-2.4595066004950303,2.0862663939844146,0.0986142620028594,0.0011080200422453072,0.14927989394619634,0.0008409736398895064,0.162985528953177,0.03707960395787836
942,1778141773.238883,1778141773.2394485,1778141773.2394485,13.092075,0.5655288696289062,0.00247955322265625,0.00324249267578125,0.00743865966796875,-0.16727733612060547,-0.034142494201660156,-0.00476837158203125,0.0986142620028594,0.0011080200422453072,0.14927989394619634,2.5502906307164683,-2.4595066004950303,2.0862663939844146,0.0986142620028594,0.0011080200422453072,0.14927989394619634,0.0008409736398895064,0.162985528953177,0.03707960395787836
943,1778141773.2488647,1778141773.2494707,1778141773.2494707,13.102375,0.6060600280761719,0.00247955322265625,0.00324249267578125,0.00743865966796875,-0.16727733612060547,-0.034142494201660156,-0.00476837158203125,0.0986142620028594,0.0011080200422453072,0.14927989394619634,2.5502906307164683,-2.4595066004950303,2.0862663939844146,0.0986142620028594,0.0011080200422453072,0.14927989394619634,0.0008409736398895064,0.162985528953177,0.03707960395787836
944,1778141773.2589855,1778141773.2602148,1778141773.2602148,13.112668,1.2292861938476562,0.00247955322265625,0.00324249267578125,0.00743865966796875,-0.16727733612060547,-0.034142494201660156,-0.00476837158203125,0.0986142620028594,0.0011080200422453072,0.14927989394619634,2.5502906307164683,-2.4595066004950303,2.0862663939844146,0.0986142620028594,0.0011080200422453072,0.14927989394619634,0.0008409736398895064,0.162985528953177,0.03707960395787836
945,1778141773.2689133,1778141773.2697282,1778141773.2697282,13.123023,0.8149147033691406,0.00247955322265625,0.00324249267578125,0.00743865966796875,-0.16727733612060547,-0.034142494201660156,-0.00476837158203125,0.0986142620028594,0.0011080200422453072,0.14927989394619634,2.5502906307164683,-2.4595066004950303,2.0862663939844146,0.0986142620028594,0.0011080200422453072,0.14927989394619634,0.0008409736398895064,0.162985528953177,0.03707960395787836
946,1778141773.2788658,1778141773.2799456,1778141773.2799456,13.133273,1.0797977447509766,0.00247955322265625,0.00324249267578125,0.00743865966796875,-0.16727733612060547,-0.034142494201660156,-0.00476837158203125,0.0986142620028594,0.0011080200422453072,0.14927989394619634,2.5502906307164683,-2.4595066004950303,2.0862663939844146,0.0986142620028594,0.0011080200422453072,0.14927989394619634,0.0008409736398895064,0.162985528953177,0.03707960395787836
947,1778141773.288875,1778141773.2900364,1778141773.2900364,13.143635,1.161336898803711,0.00247955322265625,0.00324249267578125,0.00743865966796875,-0.16727733612060547,-0.034142494201660156,-0.00476837158203125,0.0986142620028594,0.0011080200422453072,0.14927989394619634,2.5502906307164683,-2.4595066004950303,2.0862663939844146,0.0986142620028594,0.0011080200422453072,0.14927989394619634,0.0008409736398895064,0.162985528953177,0.03707960395787836
948,1778141773.2989295,1778141773.3002293,1778141773.3002293,13.154085,1.2998580932617188,0.00247955322265625,0.00324249267578125,0.00743865966796875,-0.16727733612060547,-0.034142494201660156,-0.00476837158203125,0.0986142620028594,0.0011080200422453072,0.14927989394619634,2.5502906307164683,-2.4595066004950303,2.0862663939844146,0.0986142620028594,0.0011080200422453072,0.14927989394619634,0.0008409736398895064,0.162985528953177,0.03707960395787836
949,1778141773.30896,1778141773.3097434,1778141773.3097434,13.162254,0.7834434509277344,0.00247955322265625,0.00324249267578125,0.00743865966796875,-0.16727733612060547,-0.034142494201660156,-0.00476837158203125,0.0986142620028594,0.0011080200422453072,0.14927989394619634,2.5502906307164683,-2.4595066004950303,2.0862663939844146,0.0986142620028594,0.0011080200422453072,0.14927989394619634,0.0008409736398895064,0.162985528953177,0.03707960395787836
950,1778141773.3188841,1778141773.3194435,1778141773.3194435,13.172548,0.5593299865722656,0.00247955322265625,0.00324249267578125,0.00705718994140625,-0.16689586639404297,-0.034142494201660156,-0.00476837158203125,0.0986375242799163,0.001108077037056082,0.14918652629028972,2.5502906307164683,-2.4595066004950303,2.0862663939844146,0.0986375242799163,0.001108077037056082,0.14918652629028972,0.0008409736398895065,0.16298552895317697,0.03707960395787836
951,1778141773.3289063,1778141773.3295543,1778141773.3295543,13.18283,0.6480216979980469,0.00247955322265625,0.00324249267578125,0.00743865966796875,-0.16727733612060547,-0.034142494201660156,-0.00476837158203125,0.0986142620028594,0.0011080200422453072,0.14927989394619634,2.5502906307164683,-2.4595066004950303,2.0862663939844146,0.0986142620028594,0.0011080200422453072,0.14927989394619634,0.0008409736398895064,0.162985528953177,0.03707960395787836
952,1778141773.3388677,1778141773.3396409,1778141773.3396409,13.193066,0.7731914520263672,0.00247955322265625,0.00324249267578125,0.00743865966796875,-0.16727733612060547,-0.034142494201660156,-0.00476837158203125,0.0986142620028594,0.0011080200422453072,0.14927989394619634,2.5502906307164683,-2.4595066004950303,2.0862663939844146,0.0986142620028594,0.0011080200422453072,0.14927989394619634,0.0008409736398895064,0.162985528953177,0.03707960395787836
953,1778141773.3488503,1778141773.349528,1778141773.349528,13.203349,0.6778240203857422,0.00247955322265625,0.00324249267578125,0.00743865966796875,-0.16727733612060547,-0.034142494201660156,-0.00476837158203125,0.0986142620028594,0.0011080200422453072,0.14927989394619634,2.5502906307164683,-2.4595066004950303,2.0862663939844146,0.0986142620028594,0.0011080200422453072,0.14927989394619634,0.0008409736398895064,0.162985528953177,0.03707960395787836
954,1778141773.3590198,1778141773.3601644,1778141773.3601644,13.213664,1.1446475982666016,0.00247955322265625,0.00324249267578125,0.00705718994140625,-0.16727733612060547,-0.034142494201660156,-0.00476837158203125,0.09863137412531373,0.0011080615129798663,0.1491491933088813,2.5503938580129044,-2.4596337298462942,2.08553931537686,0.09863137412531373,0.0011080615129798663,0.1491491933088813,0.0008543479432886449,0.16336677034769248,0.037081773850933246
955,1778141773.368986,1778141773.3699088,1778141773.3699088,13.224005,0.9229183197021484,0.00247955322265625,0.00324249267578125,0.00743865966796875,-0.16727733612060547,-0.034142494201660156,-0.00476837158203125,0.0986142620028594,0.0011080200422453072,0.14927989394619634,2.5502906307164683,-2.4595066004950303,2.0862663939844146,0.0986142620028594,0.0011080200422453072,0.14927989394619634,0.0008409736398895064,0.162985528953177,0.03707960395787836
956,1778141773.3789797,1778141773.379547,1778141773.379547,13.232229,0.5674362182617188,0.00247955322265625,0.00324249267578125,0.00743865966796875,-0.16727733612060547,-0.034142494201660156,-0.00476837158203125,0.0986142620028594,0.0011080200422453072,0.14927989394619634,2.5502906307164683,-2.4595066004950303,2.0862663939844146,0.0986142620028594,0.0011080200422453072,0.14927989394619634,0.0008409736398895064,0.162985528953177,0.03707960395787836
957,1778141773.3888898,1778141773.3897824,1778141773.3897824,13.242569,0.89263916015625,0.00247955322265625,0.00324249267578125,0.00743865966796875,-0.16727733612060547,-0.034142494201660156,-0.00476837158203125,0.0986142620028594,0.0011080200422453072,0.14927989394619634,2.5502906307164683,-2.4595066004950303,2.0862663939844146,0.0986142620028594,0.0011080200422453072,0.14927989394619634,0.0008409736398895064,0.162985528953177,0.03707960395787836
958,1778141773.3989935,1778141773.399716,1778141773.399716,13.252859,0.7224082946777344,0.00247955322265625,0.00324249267578125,0.00743865966796875,-0.16727733612060547,-0.034142494201660156,-0.00476837158203125,0.0986142620028594,0.0011080200422453072,0.14927989394619634,2.5502906307164683,-2.4595066004950303,2.0862663939844146,0.0986142620028594,0.0011080200422453072,0.14927989394619634,0.0008409736398895064,0.162985528953177,0.03707960395787836
959,1778141773.4090023,1778141773.4098287,1778141773.4098287,13.263278,0.8263587951660156,0.00247955322265625,0.00324249267578125,0.00743865966796875,-0.16727733612060547,-0.034142494201660156,-0.00476837158203125,0.0986142620028594,0.0011080200422453072,0.14927989394619634,2.5502906307164683,-2.4595066004950303,2.0862663939844146,0.0986142620028594,0.0011080200422453072,0.14927989394619634,0.0008409736398895064,0.162985528953177,0.03707960395787836
960,1778141773.4189906,1778141773.4200287,1778141773.4200287,13.273604,1.0380744934082031,0.00247955322265625,0.00324249267578125,0.00743865966796875,-0.16727733612060547,-0.034142494201660156,-0.00476837158203125,0.0986142620028594,0.0011080200422453072,0.14927989394619634,2.5502906307164683,-2.4595066004950303,2.0862663939844146,0.0986142620028594,0.0011080200422453072,0.14927989394619634,0.0008409736398895064,0.162985528953177,0.03707960395787836
961,1778141773.4289823,1778141773.429806,1778141773.429806,13.283875,0.8237361907958984,0.00247955322265625,0.00324249267578125,0.00743865966796875,-0.16727733612060547,-0.034142494201660156,-0.00476837158203125,0.0986142620028594,0.0011080200422453072,0.14927989394619634,2.5502906307164683,-2.4595066004950303,2.0862663939844146,0.0986142620028594,0.0011080200422453072,0.14927989394619634,0.0008409736398895064,0.162985528953177,0.03707960395787836
962,1778141773.438882,1778141773.4396303,1778141773.4396303,13.292188,0.7481575012207031,0.00247955322265625,0.00324249267578125,0.00743865966796875,-0.16727733612060547,-0.034142494201660156,-0.00476837158203125,0.0986142620028594,0.0011080200422453072,0.14927989394619634,2.5502906307164683,-2.4595066004950303,2.0862663939844146,0.0986142620028594,0.0011080200422453072,0.14927989394619634,0.0008409736398895064,0.162985528953177,0.03707960395787836
963,1778141773.448885,1778141773.449739,1778141773.449739,13.302664,0.8540153503417969,0.00247955322265625,0.00324249267578125,0.00743865966796875,-0.16727733612060547,-0.034142494201660156,-0.00476837158203125,0.0986142620028594,0.0011080200422453072,0.14927989394619634,2.5502906307164683,-2.4595066004950303,2.0862663939844146,0.0986142620028594,0.0011080200422453072,0.14927989394619634,0.0008409736398895064,0.162985528953177,0.03707960395787836
964,1778141773.4588919,1778141773.4600408,1778141773.4600408,13.312878,1.1489391326904297,0.00247955322265625,0.00324249267578125,0.00743865966796875,-0.16727733612060547,-0.034142494201660156,-0.00476837158203125,0.0986142620028594,0.0011080200422453072,0.14927989394619634,2.5502906307164683,-2.4595066004950303,2.0862663939844146,0.0986142620028594,0.0011080200422453072,0.14927989394619634,0.0008409736398895064,0.162985528953177,0.03707960395787836
965,1778141773.46886,1778141773.4697008,1778141773.4697008,13.323161,0.8409023284912109,0.00247955322265625,0.00324249267578125,0.00743865966796875,-0.16727733612060547,-0.034142494201660156,-0.00476837158203125,0.0986142620028594,0.0011080200422453072,0.14927989394619634,2.5502906307164683,-2.4595066004950303,2.0862663939844146,0.0986142620028594,0.0011080200422453072,0.14927989394619634,0.0008409736398895064,0.162985528953177,0.03707960395787836
966,1778141773.4788535,1778141773.479655,1778141773.479655,13.333431,0.8015632629394531,0.00247955322265625,0.00324249267578125,0.00743865966796875,-0.16727733612060547,-0.034142494201660156,-0.00476837158203125,0.0986142620028594,0.0011080200422453072,0.14927989394619634,2.5502906307164683,-2.4595066004950303,2.0862663939844146,0.0986142620028594,0.0011080200422453072,0.14927989394619634,0.0008409736398895064,0.162985528953177,0.03707960395787836
967,1778141773.4888813,1778141773.4894414,1778141773.4894414,13.343773,0.5600452423095703,0.00247955322265625,0.00324249267578125,0.00743865966796875,-0.16727733612060547,-0.034142494201660156,-0.00476837158203125,0.0986142620028594,0.0011080200422453072,0.14927989394619634,2.5502906307164683,-2.4595066004950303,2.0862663939844146,0.0986142620028594,0.0011080200422453072,0.14927989394619634,0.0008409736398895064,0.162985528953177,0.03707960395787836
968,1778141773.4989176,1778141773.4998655,1778141773.4998655,13.35407,0.9479522705078125,0.00247955322265625,0.00324249267578125,0.00743865966796875,-0.16689586639404297,-0.034142494201660156,-0.00476837158203125,0.09862039791565635,0.001108035531025012,0.14931722927099367,2.5501872554294027,-2.4593793220268365,2.0869935397018646,0.09862039791565635,0.001108035531025012,0.14931722927099367,0.0008276010122516941,0.16260428753006206,0.03707743936769013
969,1778141773.5088594,1778141773.509642,1778141773.509642,13.362455,0.7824897766113281,0.00247955322265625,0.00324249267578125,0.00743865966796875,-0.16727733612060547,-0.034142494201660156,-0.00476837158203125,0.0986142620028594,0.0011080200422453072,0.14927989394619634,2.5502906307164683,-2.4595066004950303,2.0862663939844146,0.0986142620028594,0.0011080200422453072,0.14927989394619634,0.0008409736398895064,0.162985528953177,0.03707960395787836
970,1778141773.5188935,1778141773.519716,1778141773.519716,13.372758,0.8225440979003906,0.00247955322265625,0.00324249267578125,0.00743865966796875,-0.16727733612060547,-0.034142494201660156,-0.00476837158203125,0.0986142620028594,0.0011080200422453072,0.14927989394619634,2.5502906307164683,-2.4595066004950303,2.0862663939844146,0.0986142620028594,0.0011080200422453072,0.14927989394619634,0.0008409736398895064,0.162985528953177,0.03707960395787836
971,1778141773.5288725,1778141773.5297127,1778141773.5297127,13.383128,0.8401870727539062,0.00247955322265625,0.00324249267578125,0.00743865966796875,-0.16727733612060547,-0.034142494201660156,-0.00476837158203125,0.0986142620028594,0.0011080200422453072,0.14927989394619634,2.5502906307164683,-2.4595066004950303,2.0862663939844146,0.0986142620028594,0.0011080200422453072,0.14927989394619634,0.0008409736398895064,0.162985528953177,0.03707960395787836
972,1778141773.5389028,1778141773.5396194,1778141773.5396194,13.393346,0.7166862487792969,0.00247955322265625,0.00324249267578125,0.00743865966796875,-0.16727733612060547,-0.034142494201660156,-0.00476837158203125,0.0986142620028594,0.0011080200422453072,0.14927989394619634,2.5502906307164683,-2.4595066004950303,2.0862663939844146,0.0986142620028594,0.0011080200422453072,0.14927989394619634,0.0008409736398895064,0.162985528953177,0.03707960395787836
973,1778141773.5488865,1778141773.5496106,1778141773.5496106,13.40367,0.7240772247314453,0.00247955322265625,0.00324249267578125,0.00743865966796875,-0.16727733612060547,-0.034142494201660156,-0.00476837158203125,0.0986142620028594,0.0011080200422453072,0.14927989394619634,2.5502906307164683,-2.4595066004950303,2.0862663939844146,0.0986142620028594,0.0011080200422453072,0.14927989394619634,0.0008409736398895064,0.162985528953177,0.03707960395787836
974,1778141773.5589082,1778141773.5597749,1778141773.5597749,13.41399,0.8666515350341797,0.00247955322265625,0.00324249267578125,0.00743865966796875,-0.16727733612060547,-0.034142494201660156,-0.00476837158203125,0.0986142620028594,0.0011080200422453072,0.14927989394619634,2.5502906307164683,-2.4595066004950303,2.0862663939844146,0.0986142620028594,0.0011080200422453072,0.14927989394619634,0.0008409736398895064,0.162985528953177,0.03707960395787836
975,1778141773.5688887,1778141773.56948,1778141773.56948,13.42221,0.591278076171875,0.00247955322265625,0.00324249267578125,0.00743865966796875,-0.16727733612060547,-0.034142494201660156,-0.00476837158203125,0.0986142620028594,0.0011080200422453072,0.14927989394619634,2.5502906307164683,-2.4595066004950303,2.0862663939844146,0.0986142620028594,0.0011080200422453072,0.14927989394619634,0.0008409736398895064,0.162985528953177,0.03707960395787836
976,1778141773.578922,1778141773.5796626,1778141773.5796626,13.432478,0.7405281066894531,0.00247955322265625,0.00324249267578125,0.00743865966796875,-0.16727733612060547,-0.034142494201660156,-0.00476837158203125,0.0986142620028594,0.0011080200422453072,0.14927989394619634,2.5502906307164683,-2.4595066004950303,2.0862663939844146,0.0986142620028594,0.0011080200422453072,0.14927989394619634,0.0008409736398895064,0.162985528953177,0.03707960395787836
977,1778141773.589001,1778141773.5900376,1778141773.5900376,13.442826,1.0366439819335938,0.00247955322265625,0.00324249267578125,0.00743865966796875,-0.16689586639404297,-0.034142494201660156,-0.00476837158203125,0.09862039791565635,0.001108035531025012,0.14931722927099367,2.5501872554294027,-2.4593793220268365,2.0869935397018646,0.09862039791565635,0.001108035531025012,0.14931722927099367,0.0008276010122516941,0.16260428753006206,0.03707743936769013
978,1778141773.598853,1778141773.5997097,1778141773.5997097,13.453145,0.8566379547119141,0.00247955322265625,0.00324249267578125,0.00743865966796875,-0.16727733612060547,-0.034142494201660156,-0.00476837158203125,0.0986142620028594,0.0011080200422453072,0.14927989394619634,2.5502906307164683,-2.4595066004950303,2.0862663939844146,0.0986142620028594,0.0011080200422453072,0.14927989394619634,0.0008409736398895064,0.162985528953177,0.03707960395787836
979,1778141773.6088572,1778141773.609426,1778141773.609426,13.463565,0.5688667297363281,0.00247955322265625,0.00324249267578125,0.00743865966796875,-0.16727733612060547,-0.034142494201660156,-0.00476837158203125,0.0986142620028594,0.0011080200422453072,0.14927989394619634,2.5502906307164683,-2.4595066004950303,2.0862663939844146,0.0986142620028594,0.0011080200422453072,0.14927989394619634,0.0008409736398895064,0.162985528953177,0.03707960395787836
980,1778141773.618852,1778141773.619721,1778141773.619721,13.473927,0.8690357208251953,0.00247955322265625,0.00324249267578125,0.00743865966796875,-0.16727733612060547,-0.034142494201660156,-0.00476837158203125,0.0986142620028594,0.0011080200422453072,0.14927989394619634,2.5502906307164683,-2.4595066004950303,2.0862663939844146,0.0986142620028594,0.0011080200422453072,0.14927989394619634,0.0008409736398895064,0.162985528953177,0.03707960395787836
981,1778141773.6289084,1778141773.629871,1778141773.629871,13.482067,0.9624958038330078,0.00247955322265625,0.00324249267578125,0.00743865966796875,-0.16727733612060547,-0.034142494201660156,-0.00476837158203125,0.0986142620028594,0.0011080200422453072,0.14927989394619634,2.5502906307164683,-2.4595066004950303,2.0862663939844146,0.0986142620028594,0.0011080200422453072,0.14927989394619634,0.0008409736398895064,0.162985528953177,0.03707960395787836
982,1778141773.6389978,1778141773.6396823,1778141773.6396823,13.492277,0.6844997406005859,0.00247955322265625,0.00324249267578125,0.00743865966796875,-0.16727733612060547,-0.034142494201660156,-0.00476837158203125,0.0986142620028594,0.0011080200422453072,0.14927989394619634,2.5502906307164683,-2.4595066004950303,2.0862663939844146,0.0986142620028594,0.0011080200422453072,0.14927989394619634,0.0008409736398895064,0.162985528953177,0.03707960395787836
983,1778141773.6489,1778141773.6499739,1778141773.6499739,13.50267,1.0738372802734375,0.00247955322265625,0.00324249267578125,0.00743865966796875,-0.16727733612060547,-0.034142494201660156,-0.00476837158203125,0.0986142620028594,0.0011080200422453072,0.14927989394619634,2.5502906307164683,-2.4595066004950303,2.0862663939844146,0.0986142620028594,0.0011080200422453072,0.14927989394619634,0.0008409736398895064,0.162985528953177,0.03707960395787836
984,1778141773.658851,1778141773.6595566,1778141773.6595566,13.512969,0.705718994140625,0.00247955322265625,0.00324249267578125,0.00743865966796875,-0.16727733612060547,-0.034142494201660156,-0.00476837158203125,0.0986142620028594,0.0011080200422453072,0.14927989394619634,2.5502906307164683,-2.4595066004950303,2.0862663939844146,0.0986142620028594,0.0011080200422453072,0.14927989394619634,0.0008409736398895064,0.162985528953177,0.03707960395787836
985,1778141773.6688635,1778141773.6694667,1778141773.6694667,13.523223,0.6031990051269531,0.00247955322265625,0.00324249267578125,0.00743865966796875,-0.16727733612060547,-0.034142494201660156,-0.00476837158203125,0.0986142620028594,0.0011080200422453072,0.14927989394619634,2.5502906307164683,-2.4595066004950303,2.0862663939844146,0.0986142620028594,0.0011080200422453072,0.14927989394619634,0.0008409736398895064,0.162985528953177,0.03707960395787836
986,1778141773.6788623,1778141773.6795173,1778141773.6795173,13.533542,0.6549358367919922,0.00247955322265625,0.00324249267578125,0.00743865966796875,-0.16727733612060547,-0.034142494201660156,-0.00476837158203125,0.0986142620028594,0.0011080200422453072,0.14927989394619634,2.5502906307164683,-2.4595066004950303,2.0862663939844146,0.0986142620028594,0.0011080200422453072,0.14927989394619634,0.0008409736398895064,0.162985528953177,0.03707960395787836
987,1778141773.688861,1778141773.6891341,1778141773.6891341,13.541755,0.2732276916503906,0.00247955322265625,0.00324249267578125,0.00743865966796875,-0.16727733612060547,-0.034142494201660156,-0.00476837158203125,0.0986142620028594,0.0011080200422453072,0.14927989394619634,2.5502906307164683,-2.4595066004950303,2.0862663939844146,0.0986142620028594,0.0011080200422453072,0.14927989394619634,0.0008409736398895064,0.162985528953177,0.03707960395787836
988,1778141773.6988747,1778141773.6997895,1778141773.6997895,13.552094,0.9148120880126953,0.00247955322265625,0.00324249267578125,0.00743865966796875,-0.16727733612060547,-0.034142494201660156,-0.00476837158203125,0.0986142620028594,0.0011080200422453072,0.14927989394619634,2.5502906307164683,-2.4595066004950303,2.0862663939844146,0.0986142620028594,0.0011080200422453072,0.14927989394619634,0.0008409736398895064,0.162985528953177,0.03707960395787836
989,1778141773.7089934,1778141773.7098854,1778141773.7098854,13.562276,0.8919239044189453,0.00247955322265625,0.00324249267578125,0.00705718994140625,-0.16727733612060547,-0.034142494201660156,-0.00476837158203125,0.09863137412531373,0.0011080615129798663,0.1491491933088813,2.5503938580129044,-2.4596337298462942,2.08553931537686,0.09863137412531373,0.0011080615129798663,0.1491491933088813,0.0008543479432886449,0.16336677034769248,0.037081773850933246
990,1778141773.7188792,1778141773.7199855,1778141773.7199855,13.57264,1.10626220703125,0.00247955322265625,0.00324249267578125,0.00743865966796875,-0.16727733612060547,-0.034142494201660156,-0.00476837158203125,0.0986142620028594,0.0011080200422453072,0.14927989394619634,2.5502906307164683,-2.4595066004950303,2.0862663939844146,0.0986142620028594,0.0011080200422453072,0.14927989394619634,0.0008409736398895064,0.162985528953177,0.03707960395787836
991,1778141773.7288933,1778141773.729647,1778141773.729647,13.582949,0.7536411285400391,0.00247955322265625,0.00324249267578125,0.00743865966796875,-0.16727733612060547,-0.034142494201660156,-0.00476837158203125,0.0986142620028594,0.0011080200422453072,0.14927989394619634,2.5502906307164683,-2.4595066004950303,2.0862663939844146,0.0986142620028594,0.0011080200422453072,0.14927989394619634,0.0008409736398895064,0.162985528953177,0.03707960395787836
992,1778141773.7388644,1778141773.7396214,1778141773.7396214,13.593218,0.7569789886474609,0.00247955322265625,0.00324249267578125,0.00743865966796875,-0.16727733612060547,-0.034142494201660156,-0.00476837158203125,0.0986142620028594,0.0011080200422453072,0.14927989394619634,2.5502906307164683,-2.4595066004950303,2.0862663939844146,0.0986142620028594,0.0011080200422453072,0.14927989394619634,0.0008409736398895064,0.162985528953177,0.03707960395787836
993,1778141773.7489173,1778141773.7500055,1778141773.7500055,13.603522,1.0881423950195312,0.00247955322265625,0.00324249267578125,0.00743865966796875,-0.16727733612060547,-0.034142494201660156,-0.00476837158203125,0.0986142620028594,0.0011080200422453072,0.14927989394619634,2.5502906307164683,-2.4595066004950303,2.0862663939844146,0.0986142620028594,0.0011080200422453072,0.14927989394619634,0.0008409736398895064,0.162985528953177,0.03707960395787836
994,1778141773.7588902,1778141773.7600048,1778141773.7600048,13.613838,1.1146068572998047,0.00247955322265625,0.00324249267578125,0.00705718994140625,-0.16689586639404297,-0.034142494201660156,-0.00476837158203125,0.0986375242799163,0.001108077037056082,0.14918652629028972,2.5502906307164683,-2.4595066004950303,2.0862663939844146,0.0986375242799163,0.001108077037056082,0.14918652629028972,0.0008409736398895065,0.16298552895317697,0.03707960395787836
995,1778141773.7688658,1778141773.7695825,1778141773.7695825,13.622069,0.7166862487792969,0.00247955322265625,0.00324249267578125,0.00743865966796875,-0.16727733612060547,-0.034142494201660156,-0.00476837158203125,0.0986142620028594,0.0011080200422453072,0.14927989394619634,2.5502906307164683,-2.4595066004950303,2.0862663939844146,0.0986142620028594,0.0011080200422453072,0.14927989394619634,0.0008409736398895064,0.162985528953177,0.03707960395787836
996,1778141773.7788827,1778141773.7795677,1778141773.7795677,13.632375,0.6849765777587891,0.00247955322265625,0.00324249267578125,0.00705718994140625,-0.16727733612060547,-0.034142494201660156,-0.00476837158203125,0.09863137412531373,0.0011080615129798663,0.1491491933088813,2.5503938580129044,-2.4596337298462942,2.08553931537686,0.09863137412531373,0.0011080615129798663,0.1491491933088813,0.0008543479432886449,0.16336677034769248,0.037081773850933246
997,1778141773.7888792,1778141773.7899446,1778141773.7899446,13.642667,1.0654926300048828,0.00247955322265625,0.00324249267578125,0.00743865966796875,-0.16727733612060547,-0.034142494201660156,-0.00476837158203125,0.0986142620028594,0.0011080200422453072,0.14927989394619634,2.5502906307164683,-2.4595066004950303,2.0862663939844146,0.0986142620028594,0.0011080200422453072,0.14927989394619634,0.0008409736398895064,0.162985528953177,0.03707960395787836
998,1778141773.7988598,1778141773.7995613,1778141773.7995613,13.653013,0.7014274597167969,0.00247955322265625,0.00324249267578125,0.00743865966796875,-0.16727733612060547,-0.034142494201660156,-0.00476837158203125,0.0986142620028594,0.0011080200422453072,0.14927989394619634,2.5502906307164683,-2.4595066004950303,2.0862663939844146,0.0986142620028594,0.0011080200422453072,0.14927989394619634,0.0008409736398895064,0.162985528953177,0.03707960395787836
999,1778141773.8089077,1778141773.810052,1778141773.810052,13.663259,1.1441707611083984,0.00247955322265625,0.00324249267578125,0.00743865966796875,-0.16727733612060547,-0.034142494201660156,-0.00476837158203125,0.0986142620028594,0.0011080200422453072,0.14927989394619634,2.5502906307164683,-2.4595066004950303,2.0862663939844146,0.0986142620028594,0.0011080200422453072,0.14927989394619634,0.0008409736398895064,0.162985528953177,0.03707960395787836
1000,1778141773.8188524,1778141773.81968,1778141773.81968,13.67356,0.8275508880615234,0.00247955322265625,0.00324249267578125,0.00743865966796875,-0.16727733612060547,-0.034142494201660156,-0.00476837158203125,0.0986142620028594,0.0011080200422453072,0.14927989394619634,2.5502906307164683,-2.4595066004950303,2.0862663939844146,0.0986142620028594,0.0011080200422453072,0.14927989394619634,0.0008409736398895064,0.162985528953177,0.03707960395787836
1001,1778141773.8288872,1778141773.8297384,1778141773.8297384,13.683866,0.8511543273925781,0.00247955322265625,0.00324249267578125,0.00743865966796875,-0.16727733612060547,-0.034142494201660156,-0.00476837158203125,0.0986142620028594,0.0011080200422453072,0.14927989394619634,2.5502906307164683,-2.4595066004950303,2.0862663939844146,0.0986142620028594,0.0011080200422453072,0.14927989394619634,0.0008409736398895064,0.162985528953177,0.03707960395787836
1002,1778141773.8389118,1778141773.8401148,1778141773.8401148,13.694161,1.2030601501464844,0.00247955322265625,0.00324249267578125,0.00705718994140625,-0.16727733612060547,-0.034142494201660156,-0.00476837158203125,0.09863137412531373,0.0011080615129798663,0.1491491933088813,2.5503938580129044,-2.4596337298462942,2.08553931537686,0.09863137412531373,0.0011080615129798663,0.1491491933088813,0.0008543479432886449,0.16336677034769248,0.037081773850933246
1003,1778141773.84885,1778141773.8500183,1778141773.8500183,13.702381,1.1682510375976562,0.00247955322265625,0.00324249267578125,0.00705718994140625,-0.16727733612060547,-0.034142494201660156,-0.00476837158203125,0.09863137412531373,0.0011080615129798663,0.1491491933088813,2.5503938580129044,-2.4596337298462942,2.08553931537686,0.09863137412531373,0.0011080615129798663,0.1491491933088813,0.0008543479432886449,0.16336677034769248,0.037081773850933246
1004,1778141773.858898,1778141773.8593245,1778141773.8593245,13.712797,0.4265308380126953,0.00247955322265625,0.00324249267578125,0.00743865966796875,-0.16727733612060547,-0.034142494201660156,-0.00476837158203125,0.0986142620028594,0.0011080200422453072,0.14927989394619634,2.5502906307164683,-2.4595066004950303,2.0862663939844146,0.0986142620028594,0.0011080200422453072,0.14927989394619634,0.0008409736398895064,0.162985528953177,0.03707960395787836
1005,1778141773.868907,1778141773.8695128,1778141773.8695128,13.723071,0.6058216094970703,0.00247955322265625,0.00324249267578125,0.00743865966796875,-0.16727733612060547,-0.034142494201660156,-0.00476837158203125,0.0986142620028594,0.0011080200422453072,0.14927989394619634,2.5502906307164683,-2.4595066004950303,2.0862663939844146,0.0986142620028594,0.0011080200422453072,0.14927989394619634,0.0008409736398895064,0.162985528953177,0.03707960395787836
1006,1778141773.878876,1778141773.8797028,1778141773.8797028,13.733393,0.8268356323242188,0.00247955322265625,0.00324249267578125,0.00743865966796875,-0.16727733612060547,-0.034142494201660156,-0.00476837158203125,0.0986142620028594,0.0011080200422453072,0.14927989394619634,2.5502906307164683,-2.4595066004950303,2.0862663939844146,0.0986142620028594,0.0011080200422453072,0.14927989394619634,0.0008409736398895064,0.162985528953177,0.03707960395787836
1007,1778141773.888917,1778141773.8895712,1778141773.8895712,13.743669,0.6542205810546875,0.00247955322265625,0.00324249267578125,0.00743865966796875,-0.16727733612060547,-0.034142494201660156,-0.00476837158203125,0.0986142620028594,0.0011080200422453072,0.14927989394619634,2.5502906307164683,-2.4595066004950303,2.0862663939844146,0.0986142620028594,0.0011080200422453072,0.14927989394619634,0.0008409736398895064,0.162985528953177,0.03707960395787836
1008,1778141773.8988984,1778141773.8999472,1778141773.8999472,13.753997,1.0488033294677734,0.00247955322265625,0.00324249267578125,0.00743865966796875,-0.16727733612060547,-0.034142494201660156,-0.00476837158203125,0.0986142620028594,0.0011080200422453072,0.14927989394619634,2.5502906307164683,-2.4595066004950303,2.0862663939844146,0.0986142620028594,0.0011080200422453072,0.14927989394619634,0.0008409736398895064,0.162985528953177,0.03707960395787836
1009,1778141773.9088688,1778141773.909802,1778141773.909802,13.762188,0.9331703186035156,0.00247955322265625,0.00324249267578125,0.00743865966796875,-0.16727733612060547,-0.034142494201660156,-0.00476837158203125,0.0986142620028594,0.0011080200422453072,0.14927989394619634,2.5502906307164683,-2.4595066004950303,2.0862663939844146,0.0986142620028594,0.0011080200422453072,0.14927989394619634,0.0008409736398895064,0.162985528953177,0.03707960395787836
1010,1778141773.9188783,1778141773.9198532,1778141773.9198532,13.772476,0.9748935699462891,0.00247955322265625,0.00324249267578125,0.00743865966796875,-0.16727733612060547,-0.034142494201660156,-0.00476837158203125,0.0986142620028594,0.0011080200422453072,0.14927989394619634,2.5502906307164683,-2.4595066004950303,2.0862663939844146,0.0986142620028594,0.0011080200422453072,0.14927989394619634,0.0008409736398895064,0.162985528953177,0.03707960395787836
1011,1778141773.928882,1778141773.9301,1778141773.9301,13.782798,1.2180805206298828,0.00247955322265625,0.00324249267578125,0.00743865966796875,-0.16727733612060547,-0.034142494201660156,-0.00476837158203125,0.0986142620028594,0.0011080200422453072,0.14927989394619634,2.5502906307164683,-2.4595066004950303,2.0862663939844146,0.0986142620028594,0.0011080200422453072,0.14927989394619634,0.0008409736398895064,0.162985528953177,0.03707960395787836
1012,1778141773.9388843,1778141773.9394872,1778141773.9394872,13.793066,0.6029605865478516,0.00247955322265625,0.00324249267578125,0.00743865966796875,-0.16727733612060547,-0.034142494201660156,-0.00476837158203125,0.0986142620028594,0.0011080200422453072,0.14927989394619634,2.5502906307164683,-2.4595066004950303,2.0862663939844146,0.0986142620028594,0.0011080200422453072,0.14927989394619634,0.0008409736398895064,0.162985528953177,0.03707960395787836
1013,1778141773.9489026,1778141773.9493587,1778141773.9493587,13.803318,0.45609474182128906,0.00247955322265625,0.00324249267578125,0.00743865966796875,-0.16727733612060547,-0.034142494201660156,-0.00476837158203125,0.0986142620028594,0.0011080200422453072,0.14927989394619634,2.5502906307164683,-2.4595066004950303,2.0862663939844146,0.0986142620028594,0.0011080200422453072,0.14927989394619634,0.0008409736398895064,0.162985528953177,0.03707960395787836
1014,1778141773.958862,1778141773.9593852,1778141773.9593852,13.813617,0.5230903625488281,0.00247955322265625,0.00324249267578125,0.00743865966796875,-0.16727733612060547,-0.034142494201660156,-0.00476837158203125,0.0986142620028594,0.0011080200422453072,0.14927989394619634,2.5502906307164683,-2.4595066004950303,2.0862663939844146,0.0986142620028594,0.0011080200422453072,0.14927989394619634,0.0008409736398895064,0.162985528953177,0.03707960395787836
1015,1778141773.9688804,1778141773.9698436,1778141773.9698436,13.823873,0.9632110595703125,0.00247955322265625,0.00324249267578125,0.00705718994140625,-0.16727733612060547,-0.034142494201660156,-0.00476837158203125,0.09863137412531373,0.0011080615129798663,0.1491491933088813,2.5503938580129044,-2.4596337298462942,2.08553931537686,0.09863137412531373,0.0011080615129798663,0.1491491933088813,0.0008543479432886449,0.16336677034769248,0.037081773850933246
1016,1778141773.9789124,1778141773.9796572,1778141773.9796572,13.832133,0.7448196411132812,0.00247955322265625,0.00324249267578125,0.00743865966796875,-0.16727733612060547,-0.034142494201660156,-0.00476837158203125,0.0986142620028594,0.0011080200422453072,0.14927989394619634,2.5502906307164683,-2.4595066004950303,2.0862663939844146,0.0986142620028594,0.0011080200422453072,0.14927989394619634,0.0008409736398895064,0.162985528953177,0.03707960395787836
1017,1778141773.9888988,1778141773.9893804,1778141773.9893804,13.842405,0.48160552978515625,0.00247955322265625,0.00324249267578125,0.00743865966796875,-0.16727733612060547,-0.034142494201660156,-0.00476837158203125,0.0986142620028594,0.0011080200422453072,0.14927989394619634,2.5502906307164683,-2.4595066004950303,2.0862663939844146,0.0986142620028594,0.0011080200422453072,0.14927989394619634,0.0008409736398895064,0.162985528953177,0.03707960395787836
1018,1778141773.9989045,1778141774.0000496,1778141774.0000496,13.852666,1.1451244354248047,0.00247955322265625,0.00324249267578125,0.00743865966796875,-0.16727733612060547,-0.034142494201660156,-0.00476837158203125,0.0986142620028594,0.0011080200422453072,0.14927989394619634,2.5502906307164683,-2.4595066004950303,2.0862663939844146,0.0986142620028594,0.0011080200422453072,0.14927989394619634,0.0008409736398895064,0.162985528953177,0.03707960395787836
1019,1778141774.0088801,1778141774.0094266,1778141774.0094266,13.86299,0.5464553833007812,0.00247955322265625,0.00324249267578125,0.00743865966796875,-0.16727733612060547,-0.034142494201660156,-0.00476837158203125,0.0986142620028594,0.0011080200422453072,0.14927989394619634,2.5502906307164683,-2.4595066004950303,2.0862663939844146,0.0986142620028594,0.0011080200422453072,0.14927989394619634,0.0008409736398895064,0.162985528953177,0.03707960395787836
1020,1778141774.0188692,1778141774.0196657,1778141774.0196657,13.873272,0.7965564727783203,0.00247955322265625,0.00324249267578125,0.00743865966796875,-0.16727733612060547,-0.034142494201660156,-0.00476837158203125,0.0986142620028594,0.0011080200422453072,0.14927989394619634,2.5502906307164683,-2.4595066004950303,2.0862663939844146,0.0986142620028594,0.0011080200422453072,0.14927989394619634,0.0008409736398895064,0.162985528953177,0.03707960395787836
1021,1778141774.0289826,1778141774.0297232,1778141774.0297232,13.883584,0.7405281066894531,0.00247955322265625,0.00324249267578125,0.00743865966796875,-0.16727733612060547,-0.034142494201660156,-0.00476837158203125,0.0986142620028594,0.0011080200422453072,0.14927989394619634,2.5502906307164683,-2.4595066004950303,2.0862663939844146,0.0986142620028594,0.0011080200422453072,0.14927989394619634,0.0008409736398895064,0.162985528953177,0.03707960395787836
1022,1778141774.038863,1778141774.0394816,1778141774.0394816,13.893826,0.6186962127685547,0.00247955322265625,0.00324249267578125,0.00743865966796875,-0.16727733612060547,-0.034142494201660156,-0.00476837158203125,0.0986142620028594,0.0011080200422453072,0.14927989394619634,2.5502906307164683,-2.4595066004950303,2.0862663939844146,0.0986142620028594,0.0011080200422453072,0.14927989394619634,0.0008409736398895064,0.162985528953177,0.03707960395787836
1023,1778141774.048926,1778141774.0501258,1778141774.0501258,13.902188,1.1997222900390625,0.00247955322265625,0.00324249267578125,0.00743865966796875,-0.16727733612060547,-0.034142494201660156,-0.00476837158203125,0.0986142620028594,0.0011080200422453072,0.14927989394619634,2.5502906307164683,-2.4595066004950303,2.0862663939844146,0.0986142620028594,0.0011080200422453072,0.14927989394619634,0.0008409736398895064,0.162985528953177,0.03707960395787836
1024,1778141774.0588639,1778141774.0598512,1778141774.0598512,13.912449,0.9872913360595703,0.00247955322265625,0.00324249267578125,0.00743865966796875,-0.16727733612060547,-0.034142494201660156,-0.00476837158203125,0.0986142620028594,0.0011080200422453072,0.14927989394619634,2.5502906307164683,-2.4595066004950303,2.0862663939844146,0.0986142620028594,0.0011080200422453072,0.14927989394619634,0.0008409736398895064,0.162985528953177,0.03707960395787836
1025,1778141774.0689926,1778141774.06981,1778141774.06981,13.922795,0.8172988891601562,0.00247955322265625,0.00324249267578125,0.00743865966796875,-0.16727733612060547,-0.034142494201660156,-0.00476837158203125,0.0986142620028594,0.0011080200422453072,0.14927989394619634,2.5502906307164683,-2.4595066004950303,2.0862663939844146,0.0986142620028594,0.0011080200422453072,0.14927989394619634,0.0008409736398895064,0.162985528953177,0.03707960395787836
1026,1778141774.0790033,1778141774.0795941,1778141774.0795941,13.933096,0.5908012390136719,0.00247955322265625,0.00324249267578125,0.00743865966796875,-0.16727733612060547,-0.034142494201660156,-0.00476837158203125,0.0986142620028594,0.0011080200422453072,0.14927989394619634,2.5502906307164683,-2.4595066004950303,2.0862663939844146,0.0986142620028594,0.0011080200422453072,0.14927989394619634,0.0008409736398895064,0.162985528953177,0.03707960395787836
1027,1778141774.0888608,1778141774.0898118,1778141774.0898118,13.943414,0.9510517120361328,0.00247955322265625,0.00324249267578125,0.00743865966796875,-0.16727733612060547,-0.034142494201660156,-0.00476837158203125,0.0986142620028594,0.0011080200422453072,0.14927989394619634,2.5502906307164683,-2.4595066004950303,2.0862663939844146,0.0986142620028594,0.0011080200422453072,0.14927989394619634,0.0008409736398895064,0.162985528953177,0.03707960395787836
1028,1778141774.0988524,1778141774.0994961,1778141774.0994961,13.953663,0.6437301635742188,0.00247955322265625,0.00324249267578125,0.00743865966796875,-0.16727733612060547,-0.034142494201660156,-0.00476837158203125,0.0986142620028594,0.0011080200422453072,0.14927989394619634,2.5502906307164683,-2.4595066004950303,2.0862663939844146,0.0986142620028594,0.0011080200422453072,0.14927989394619634,0.0008409736398895064,0.162985528953177,0.03707960395787836
1029,1778141774.108899,1778141774.1095145,1778141774.1095145,13.961954,0.6153583526611328,0.00247955322265625,0.00324249267578125,0.00743865966796875,-0.16727733612060547,-0.034142494201660156,-0.00476837158203125,0.0986142620028594,0.0011080200422453072,0.14927989394619634,2.5502906307164683,-2.4595066004950303,2.0862663939844146,0.0986142620028594,0.0011080200422453072,0.14927989394619634,0.0008409736398895064,0.162985528953177,0.03707960395787836
1030,1778141774.1188493,1778141774.1193652,1778141774.1193652,13.972212,0.5159378051757812,0.00247955322265625,0.00324249267578125,0.00743865966796875,-0.16727733612060547,-0.034142494201660156,-0.00476837158203125,0.0986142620028594,0.0011080200422453072,0.14927989394619634,2.5502906307164683,-2.4595066004950303,2.0862663939844146,0.0986142620028594,0.0011080200422453072,0.14927989394619634,0.0008409736398895064,0.162985528953177,0.03707960395787836
1031,1778141774.1288552,1778141774.129425,1778141774.129425,13.982477,0.5698204040527344,0.00247955322265625,0.00324249267578125,0.00743865966796875,-0.16727733612060547,-0.034142494201660156,-0.00476837158203125,0.0986142620028594,0.0011080200422453072,0.14927989394619634,2.5502906307164683,-2.4595066004950303,2.0862663939844146,0.0986142620028594,0.0011080200422453072,0.14927989394619634,0.0008409736398895064,0.162985528953177,0.03707960395787836
1032,1778141774.1388524,1778141774.1396172,1778141774.1396172,13.992833,0.7648468017578125,0.00247955322265625,0.00324249267578125,0.00743865966796875,-0.16727733612060547,-0.034142494201660156,-0.00476837158203125,0.0986142620028594,0.0011080200422453072,0.14927989394619634,2.5502906307164683,-2.4595066004950303,2.0862663939844146,0.0986142620028594,0.0011080200422453072,0.14927989394619634,0.0008409736398895064,0.162985528953177,0.03707960395787836
1033,1778141774.1488705,1778141774.1499376,1778141774.1499376,14.003071,1.0671615600585938,0.00247955322265625,0.00324249267578125,0.00705718994140625,-0.16727733612060547,-0.034142494201660156,-0.00476837158203125,0.09863137412531373,0.0011080615129798663,0.1491491933088813,2.5503938580129044,-2.4596337298462942,2.08553931537686,0.09863137412531373,0.0011080615129798663,0.1491491933088813,0.0008543479432886449,0.16336677034769248,0.037081773850933246
1034,1778141774.158856,1778141774.1597302,1778141774.1597302,14.013402,0.8742809295654297,0.00247955322265625,0.00324249267578125,0.00743865966796875,-0.16727733612060547,-0.034142494201660156,-0.00476837158203125,0.0986142620028594,0.0011080200422453072,0.14927989394619634,2.5502906307164683,-2.4595066004950303,2.0862663939844146,0.0986142620028594,0.0011080200422453072,0.14927989394619634,0.0008409736398895064,0.162985528953177,0.03707960395787836
1035,1778141774.1689975,1778141774.1702166,1778141774.1702166,14.023718,1.219034194946289,0.00247955322265625,0.00324249267578125,0.00743865966796875,-0.16727733612060547,-0.034142494201660156,-0.00476837158203125,0.0986142620028594,0.0011080200422453072,0.14927989394619634,2.5502906307164683,-2.4595066004950303,2.0862663939844146,0.0986142620028594,0.0011080200422453072,0.14927989394619634,0.0008409736398895064,0.162985528953177,0.03707960395787836
1036,1778141774.1788855,1778141774.1795864,1778141774.1795864,14.031946,0.7009506225585938,0.00247955322265625,0.00324249267578125,0.00743865966796875,-0.16727733612060547,-0.034142494201660156,-0.00476837158203125,0.0986142620028594,0.0011080200422453072,0.14927989394619634,2.5502906307164683,-2.4595066004950303,2.0862663939844146,0.0986142620028594,0.0011080200422453072,0.14927989394619634,0.0008409736398895064,0.162985528953177,0.03707960395787836
1037,1778141774.1888628,1778141774.1899986,1778141774.1899986,14.04222,1.1358261108398438,0.00247955322265625,0.00324249267578125,0.00743865966796875,-0.16727733612060547,-0.034142494201660156,-0.00476837158203125,0.0986142620028594,0.0011080200422453072,0.14927989394619634,2.5502906307164683,-2.4595066004950303,2.0862663939844146,0.0986142620028594,0.0011080200422453072,0.14927989394619634,0.0008409736398895064,0.162985528953177,0.03707960395787836
1038,1778141774.198862,1778141774.1997373,1778141774.1997373,14.052537,0.8752346038818359,0.00247955322265625,0.00324249267578125,0.00743865966796875,-0.16727733612060547,-0.034142494201660156,-0.00476837158203125,0.0986142620028594,0.0011080200422453072,0.14927989394619634,2.5502906307164683,-2.4595066004950303,2.0862663939844146,0.0986142620028594,0.0011080200422453072,0.14927989394619634,0.0008409736398895064,0.162985528953177,0.03707960395787836
1039,1778141774.2089217,1778141774.209815,1778141774.209815,14.062836,0.8933544158935547,0.00247955322265625,0.00324249267578125,0.00743865966796875,-0.16727733612060547,-0.034142494201660156,-0.00476837158203125,0.0986142620028594,0.0011080200422453072,0.14927989394619634,2.5502906307164683,-2.4595066004950303,2.0862663939844146,0.0986142620028594,0.0011080200422453072,0.14927989394619634,0.0008409736398895064,0.162985528953177,0.03707960395787836
1040,1778141774.2188883,1778141774.219585,1778141774.219585,14.073076,0.6966590881347656,0.00247955322265625,0.00324249267578125,0.00743865966796875,-0.16727733612060547,-0.034142494201660156,-0.00476837158203125,0.0986142620028594,0.0011080200422453072,0.14927989394619634,2.5502906307164683,-2.4595066004950303,2.0862663939844146,0.0986142620028594,0.0011080200422453072,0.14927989394619634,0.0008409736398895064,0.162985528953177,0.03707960395787836
1041,1778141774.2288606,1778141774.2299926,1778141774.2299926,14.083396,1.1320114135742188,0.00247955322265625,0.00324249267578125,0.00743865966796875,-0.16727733612060547,-0.034142494201660156,-0.00476837158203125,0.0986142620028594,0.0011080200422453072,0.14927989394619634,2.5502906307164683,-2.4595066004950303,2.0862663939844146,0.0986142620028594,0.0011080200422453072,0.14927989394619634,0.0008409736398895064,0.162985528953177,0.03707960395787836
1042,1778141774.2388833,1778141774.2394333,1778141774.2394333,14.093664,0.5500316619873047,0.00247955322265625,0.00324249267578125,0.00743865966796875,-0.16727733612060547,-0.034142494201660156,-0.00476837158203125,0.0986142620028594,0.0011080200422453072,0.14927989394619634,2.5502906307164683,-2.4595066004950303,2.0862663939844146,0.0986142620028594,0.0011080200422453072,0.14927989394619634,0.0008409736398895064,0.162985528953177,0.03707960395787836
1043,1778141774.2488697,1778141774.2497275,1778141774.2497275,14.102007,0.8578300476074219,0.00247955322265625,0.00324249267578125,0.00743865966796875,-0.16727733612060547,-0.034142494201660156,-0.00476837158203125,0.0986142620028594,0.0011080200422453072,0.14927989394619634,2.5502906307164683,-2.4595066004950303,2.0862663939844146,0.0986142620028594,0.0011080200422453072,0.14927989394619634,0.0008409736398895064,0.162985528953177,0.03707960395787836
1044,1778141774.2588763,1778141774.2595878,1778141774.2595878,14.112238,0.7114410400390625,0.00247955322265625,0.00324249267578125,0.00743865966796875,-0.16727733612060547,-0.034142494201660156,-0.00476837158203125,0.0986142620028594,0.0011080200422453072,0.14927989394619634,2.5502906307164683,-2.4595066004950303,2.0862663939844146,0.0986142620028594,0.0011080200422453072,0.14927989394619634,0.0008409736398895064,0.162985528953177,0.03707960395787836
1045,1778141774.2688985,1778141774.2697277,1778141774.2697277,14.122571,0.8292198181152344,0.00247955322265625,0.00324249267578125,0.00743865966796875,-0.16727733612060547,-0.034142494201660156,-0.00476837158203125,0.0986142620028594,0.0011080200422453072,0.14927989394619634,2.5502906307164683,-2.4595066004950303,2.0862663939844146,0.0986142620028594,0.0011080200422453072,0.14927989394619634,0.0008409736398895064,0.162985528953177,0.03707960395787836
1046,1778141774.278902,1778141774.2801995,1778141774.2801995,14.132865,1.2974739074707031,0.00247955322265625,0.00324249267578125,0.00743865966796875,-0.16727733612060547,-0.034142494201660156,-0.00476837158203125,0.0986142620028594,0.0011080200422453072,0.14927989394619634,2.5502906307164683,-2.4595066004950303,2.0862663939844146,0.0986142620028594,0.0011080200422453072,0.14927989394619634,0.0008409736398895064,0.162985528953177,0.03707960395787836
1047,1778141774.2888706,1778141774.289774,1778141774.289774,14.143177,0.9033679962158203,0.00247955322265625,0.00324249267578125,0.00743865966796875,-0.16727733612060547,-0.034142494201660156,-0.00476837158203125,0.0986142620028594,0.0011080200422453072,0.14927989394619634,2.5502906307164683,-2.4595066004950303,2.0862663939844146,0.0986142620028594,0.0011080200422453072,0.14927989394619634,0.0008409736398895064,0.162985528953177,0.03707960395787836
1048,1778141774.2988477,1778141774.3000848,1778141774.3000848,14.153429,1.2371540069580078,0.00247955322265625,0.00324249267578125,0.00743865966796875,-0.16727733612060547,-0.034142494201660156,-0.00476837158203125,0.0986142620028594,0.0011080200422453072,0.14927989394619634,2.5502906307164683,-2.4595066004950303,2.0862663939844146,0.0986142620028594,0.0011080200422453072,0.14927989394619634,0.0008409736398895064,0.162985528953177,0.03707960395787836
1049,1778141774.3088632,1778141774.309805,1778141774.309805,14.163762,0.9417533874511719,0.00247955322265625,0.00324249267578125,0.00743865966796875,-0.16727733612060547,-0.034142494201660156,-0.00476837158203125,0.0986142620028594,0.0011080200422453072,0.14927989394619634,2.5502906307164683,-2.4595066004950303,2.0862663939844146,0.0986142620028594,0.0011080200422453072,0.14927989394619634,0.0008409736398895064,0.162985528953177,0.03707960395787836
1050,1778141774.3189032,1778141774.320101,1778141774.320101,14.174035,1.19781494140625,0.00247955322265625,0.00324249267578125,0.00743865966796875,-0.16727733612060547,-0.034142494201660156,-0.00476837158203125,0.0986142620028594,0.0011080200422453072,0.14927989394619634,2.5502906307164683,-2.4595066004950303,2.0862663939844146,0.0986142620028594,0.0011080200422453072,0.14927989394619634,0.0008409736398895064,0.162985528953177,0.03707960395787836
1051,1778141774.3289087,1778141774.3303103,1778141774.3303103,14.184264,1.401662826538086,0.00247955322265625,0.00324249267578125,0.00743865966796875,-0.16727733612060547,-0.034142494201660156,-0.00476837158203125,0.0986142620028594,0.0011080200422453072,0.14927989394619634,2.5502906307164683,-2.4595066004950303,2.0862663939844146,0.0986142620028594,0.0011080200422453072,0.14927989394619634,0.0008409736398895064,0.162985528953177,0.03707960395787836
1052,1778141774.3388834,1778141774.340253,1778141774.340253,14.192475,1.3697147369384766,0.00247955322265625,0.00324249267578125,0.00743865966796875,-0.16727733612060547,-0.034142494201660156,-0.00476837158203125,0.0986142620028594,0.0011080200422453072,0.14927989394619634,2.5502906307164683,-2.4595066004950303,2.0862663939844146,0.0986142620028594,0.0011080200422453072,0.14927989394619634,0.0008409736398895064,0.162985528953177,0.03707960395787836
1053,1778141774.3488934,1778141774.3498416,1778141774.3498416,14.202756,0.9481906890869141,0.00247955322265625,0.00324249267578125,0.00743865966796875,-0.16727733612060547,-0.034142494201660156,-0.00476837158203125,0.0986142620028594,0.0011080200422453072,0.14927989394619634,2.5502906307164683,-2.4595066004950303,2.0862663939844146,0.0986142620028594,0.0011080200422453072,0.14927989394619634,0.0008409736398895064,0.162985528953177,0.03707960395787836
1054,1778141774.3589075,1778141774.360129,1778141774.360129,14.213043,1.2216567993164062,0.00247955322265625,0.00324249267578125,0.00743865966796875,-0.16727733612060547,-0.034142494201660156,-0.00476837158203125,0.0986142620028594,0.0011080200422453072,0.14927989394619634,2.5502906307164683,-2.4595066004950303,2.0862663939844146,0.0986142620028594,0.0011080200422453072,0.14927989394619634,0.0008409736398895064,0.162985528953177,0.03707960395787836
1055,1778141774.3688858,1778141774.3698564,1778141774.3698564,14.223336,0.9706020355224609,0.00247955322265625,0.00324249267578125,0.00743865966796875,-0.16727733612060547,-0.034142494201660156,-0.00476837158203125,0.0986142620028594,0.0011080200422453072,0.14927989394619634,2.5502906307164683,-2.4595066004950303,2.0862663939844146,0.0986142620028594,0.0011080200422453072,0.14927989394619634,0.0008409736398895064,0.162985528953177,0.03707960395787836
1056,1778141774.378887,1778141774.3797321,1778141774.3797321,14.233671,0.8451938629150391,0.00247955322265625,0.00324249267578125,0.00743865966796875,-0.16727733612060547,-0.034142494201660156,-0.00476837158203125,0.0986142620028594,0.0011080200422453072,0.14927989394619634,2.5502906307164683,-2.4595066004950303,2.0862663939844146,0.0986142620028594,0.0011080200422453072,0.14927989394619634,0.0008409736398895064,0.162985528953177,0.03707960395787836
1057,1778141774.3888981,1778141774.389525,1778141774.389525,14.243868,0.6268024444580078,0.00247955322265625,0.00324249267578125,0.00705718994140625,-0.16727733612060547,-0.034142494201660156,-0.00476837158203125,0.09863137412531373,0.0011080615129798663,0.1491491933088813,2.5503938580129044,-2.4596337298462942,2.08553931537686,0.09863137412531373,0.0011080615129798663,0.1491491933088813,0.0008543479432886449,0.16336677034769248,0.037081773850933246
1058,1778141774.3989017,1778141774.4000893,1778141774.4000893,14.254195,1.1875629425048828,0.00247955322265625,0.00324249267578125,0.00743865966796875,-0.16727733612060547,-0.034142494201660156,-0.00476837158203125,0.0986142620028594,0.0011080200422453072,0.14927989394619634,2.5502906307164683,-2.4595066004950303,2.0862663939844146,0.0986142620028594,0.0011080200422453072,0.14927989394619634,0.0008409736398895064,0.162985528953177,0.03707960395787836
1059,1778141774.408857,1778141774.409711,1778141774.409711,14.262438,0.8537769317626953,0.00247955322265625,0.00324249267578125,0.00743865966796875,-0.16727733612060547,-0.034142494201660156,-0.00476837158203125,0.0986142620028594,0.0011080200422453072,0.14927989394619634,2.5502906307164683,-2.4595066004950303,2.0862663939844146,0.0986142620028594,0.0011080200422453072,0.14927989394619634,0.0008409736398895064,0.162985528953177,0.03707960395787836
1060,1778141774.418906,1778141774.419875,1778141774.419875,14.272752,0.96893310546875,0.00247955322265625,0.00324249267578125,0.00743865966796875,-0.16727733612060547,-0.034142494201660156,-0.00476837158203125,0.0986142620028594,0.0011080200422453072,0.14927989394619634,2.5502906307164683,-2.4595066004950303,2.0862663939844146,0.0986142620028594,0.0011080200422453072,0.14927989394619634,0.0008409736398895064,0.162985528953177,0.03707960395787836
1061,1778141774.4288933,1778141774.4294825,1778141774.4294825,14.283097,0.5891323089599609,0.00247955322265625,0.00324249267578125,0.00743865966796875,-0.16727733612060547,-0.034142494201660156,-0.00476837158203125,0.0986142620028594,0.0011080200422453072,0.14927989394619634,2.5502906307164683,-2.4595066004950303,2.0862663939844146,0.0986142620028594,0.0011080200422453072,0.14927989394619634,0.0008409736398895064,0.162985528953177,0.03707960395787836
1062,1778141774.4388843,1778141774.4397054,1778141774.4397054,14.293384,0.8211135864257812,0.00247955322265625,0.00324249267578125,0.00743865966796875,-0.16727733612060547,-0.034142494201660156,-0.00476837158203125,0.0986142620028594,0.0011080200422453072,0.14927989394619634,2.5502906307164683,-2.4595066004950303,2.0862663939844146,0.0986142620028594,0.0011080200422453072,0.14927989394619634,0.0008409736398895064,0.162985528953177,0.03707960395787836
1063,1778141774.4488916,1778141774.4494147,1778141774.4494147,14.303754,0.5230903625488281,0.00247955322265625,0.00324249267578125,0.00743865966796875,-0.16727733612060547,-0.034142494201660156,-0.00476837158203125,0.0986142620028594,0.0011080200422453072,0.14927989394619634,2.5502906307164683,-2.4595066004950303,2.0862663939844146,0.0986142620028594,0.0011080200422453072,0.14927989394619634,0.0008409736398895064,0.162985528953177,0.03707960395787836
1064,1778141774.4588854,1778141774.4597783,1778141774.4597783,14.314021,0.8928775787353516,0.00247955322265625,0.00324249267578125,0.00743865966796875,-0.16727733612060547,-0.034142494201660156,-0.00476837158203125,0.0986142620028594,0.0011080200422453072,0.14927989394619634,2.5502906307164683,-2.4595066004950303,2.0862663939844146,0.0986142620028594,0.0011080200422453072,0.14927989394619634,0.0008409736398895064,0.162985528953177,0.03707960395787836
1065,1778141774.4689023,1778141774.4694755,1778141774.4694755,14.322377,0.5731582641601562,0.00247955322265625,0.00324249267578125,0.00705718994140625,-0.16727733612060547,-0.034142494201660156,-0.00476837158203125,0.09863137412531373,0.0011080615129798663,0.1491491933088813,2.5503938580129044,-2.4596337298462942,2.08553931537686,0.09863137412531373,0.0011080615129798663,0.1491491933088813,0.0008543479432886449,0.16336677034769248,0.037081773850933246
1066,1778141774.4789872,1778141774.4797163,1778141774.4797163,14.332601,0.7290840148925781,0.00247955322265625,0.00324249267578125,0.00743865966796875,-0.16727733612060547,-0.034142494201660156,-0.00476837158203125,0.0986142620028594,0.0011080200422453072,0.14927989394619634,2.5502906307164683,-2.4595066004950303,2.0862663939844146,0.0986142620028594,0.0011080200422453072,0.14927989394619634,0.0008409736398895064,0.162985528953177,0.03707960395787836
1067,1778141774.4888713,1778141774.4893832,1778141774.4893832,14.342943,0.5118846893310547,0.00247955322265625,0.00324249267578125,0.00705718994140625,-0.16727733612060547,-0.034142494201660156,-0.00476837158203125,0.09863137412531373,0.0011080615129798663,0.1491491933088813,2.5503938580129044,-2.4596337298462942,2.08553931537686,0.09863137412531373,0.0011080615129798663,0.1491491933088813,0.0008543479432886449,0.16336677034769248,0.037081773850933246
1068,1778141774.498914,1778141774.4998507,1778141774.4998507,14.353275,0.9367465972900391,0.00247955322265625,0.00324249267578125,0.00743865966796875,-0.16727733612060547,-0.034142494201660156,-0.00476837158203125,0.0986142620028594,0.0011080200422453072,0.14927989394619634,2.5502906307164683,-2.4595066004950303,2.0862663939844146,0.0986142620028594,0.0011080200422453072,0.14927989394619634,0.0008409736398895064,0.162985528953177,0.03707960395787836
1069,1778141774.5088992,1778141774.509516,1778141774.509516,14.363658,0.6167888641357422,0.00247955322265625,0.00324249267578125,0.00743865966796875,-0.16727733612060547,-0.034142494201660156,-0.00476837158203125,0.0986142620028594,0.0011080200422453072,0.14927989394619634,2.5502906307164683,-2.4595066004950303,2.0862663939844146,0.0986142620028594,0.0011080200422453072,0.14927989394619634,0.0008409736398895064,0.162985528953177,0.03707960395787836
1070,1778141774.5188818,1778141774.5195103,1778141774.5195103,14.371865,0.6284713745117188,0.00247955322265625,0.00324249267578125,0.00743865966796875,-0.16727733612060547,-0.034142494201660156,-0.00476837158203125,0.0986142620028594,0.0011080200422453072,0.14927989394619634,2.5502906307164683,-2.4595066004950303,2.0862663939844146,0.0986142620028594,0.0011080200422453072,0.14927989394619634,0.0008409736398895064,0.162985528953177,0.03707960395787836
1071,1778141774.5288982,1778141774.529695,1778141774.529695,14.382204,0.7967948913574219,0.00247955322265625,0.00324249267578125,0.00705718994140625,-0.16727733612060547,-0.034142494201660156,-0.00476837158203125,0.09863137412531373,0.0011080615129798663,0.1491491933088813,2.5503938580129044,-2.4596337298462942,2.08553931537686,0.09863137412531373,0.0011080615129798663,0.1491491933088813,0.0008543479432886449,0.16336677034769248,0.037081773850933246
1072,1778141774.5388198,1778141774.53958,1778141774.53958,14.392474,0.7603168487548828,0.00247955322265625,0.00324249267578125,0.00743865966796875,-0.16689586639404297,-0.034142494201660156,-0.00476837158203125,0.09862039791565635,0.001108035531025012,0.14931722927099367,2.5501872554294027,-2.4593793220268365,2.0869935397018646,0.09862039791565635,0.001108035531025012,0.14931722927099367,0.0008276010122516941,0.16260428753006206,0.03707743936769013
1073,1778141774.5489874,1778141774.5496821,1778141774.5496821,14.402835,0.6947517395019531,0.00247955322265625,0.00324249267578125,0.00743865966796875,-0.16727733612060547,-0.034142494201660156,-0.00476837158203125,0.0986142620028594,0.0011080200422453072,0.14927989394619634,2.5502906307164683,-2.4595066004950303,2.0862663939844146,0.0986142620028594,0.0011080200422453072,0.14927989394619634,0.0008409736398895064,0.162985528953177,0.03707960395787836
1074,1778141774.558874,1778141774.5600247,1778141774.5600247,14.413176,1.1508464813232422,0.00247955322265625,0.00324249267578125,0.00705718994140625,-0.16727733612060547,-0.034142494201660156,-0.00476837158203125,0.09863137412531373,0.0011080615129798663,0.1491491933088813,2.5503938580129044,-2.4596337298462942,2.08553931537686,0.09863137412531373,0.0011080615129798663,0.1491491933088813,0.0008543479432886449,0.16336677034769248,0.037081773850933246
1075,1778141774.5688722,1778141774.5698016,1778141774.5698016,14.423469,0.9293556213378906,0.00247955322265625,0.00324249267578125,0.00705718994140625,-0.16727733612060547,-0.034142494201660156,-0.00476837158203125,0.09863137412531373,0.0011080615129798663,0.1491491933088813,2.5503938580129044,-2.4596337298462942,2.08553931537686,0.09863137412531373,0.0011080615129798663,0.1491491933088813,0.0008543479432886449,0.16336677034769248,0.037081773850933246
1076,1778141774.5789828,1778141774.5797117,1778141774.5797117,14.433745,0.7288455963134766,0.00247955322265625,0.00324249267578125,0.00705718994140625,-0.16727733612060547,-0.034142494201660156,-0.00476837158203125,0.09863137412531373,0.0011080615129798663,0.1491491933088813,2.5503938580129044,-2.4596337298462942,2.08553931537686,0.09863137412531373,0.0011080615129798663,0.1491491933088813,0.0008543479432886449,0.16336677034769248,0.037081773850933246
1077,1778141774.588892,1778141774.589647,1778141774.589647,14.442047,0.7550716400146484,0.00247955322265625,0.00324249267578125,0.00705718994140625,-0.16727733612060547,-0.034142494201660156,-0.00476837158203125,0.09863137412531373,0.0011080615129798663,0.1491491933088813,2.5503938580129044,-2.4596337298462942,2.08553931537686,0.09863137412531373,0.0011080615129798663,0.1491491933088813,0.0008543479432886449,0.16336677034769248,0.037081773850933246
1078,1778141774.5988612,1778141774.599574,1778141774.599574,14.452274,0.7128715515136719,0.00247955322265625,0.00324249267578125,0.00705718994140625,-0.16727733612060547,-0.034142494201660156,-0.00476837158203125,0.09863137412531373,0.0011080615129798663,0.1491491933088813,2.5503938580129044,-2.4596337298462942,2.08553931537686,0.09863137412531373,0.0011080615129798663,0.1491491933088813,0.0008543479432886449,0.16336677034769248,0.037081773850933246
1079,1778141774.6088617,1778141774.6095197,1778141774.6095197,14.462757,0.6580352783203125,0.00247955322265625,0.00324249267578125,0.00743865966796875,-0.16727733612060547,-0.034142494201660156,-0.00476837158203125,0.0986142620028594,0.0011080200422453072,0.14927989394619634,2.5502906307164683,-2.4595066004950303,2.0862663939844146,0.0986142620028594,0.0011080200422453072,0.14927989394619634,0.0008409736398895064,0.162985528953177,0.03707960395787836
1080,1778141774.6188605,1778141774.6193972,1778141774.6193972,14.473072,0.5366802215576172,0.00247955322265625,0.00324249267578125,0.00705718994140625,-0.16727733612060547,-0.034142494201660156,-0.00476837158203125,0.09863137412531373,0.0011080615129798663,0.1491491933088813,2.5503938580129044,-2.4596337298462942,2.08553931537686,0.09863137412531373,0.0011080615129798663,0.1491491933088813,0.0008543479432886449,0.16336677034769248,0.037081773850933246
1081,1778141774.6288702,1778141774.6297188,1778141774.6297188,14.483337,0.8485317230224609,0.00247955322265625,0.00324249267578125,0.00705718994140625,-0.16727733612060547,-0.034142494201660156,-0.00476837158203125,0.09863137412531373,0.0011080615129798663,0.1491491933088813,2.5503938580129044,-2.4596337298462942,2.08553931537686,0.09863137412531373,0.0011080615129798663,0.1491491933088813,0.0008543479432886449,0.16336677034769248,0.037081773850933246
1082,1778141774.6389802,1778141774.6398237,1778141774.6398237,14.493719,0.8435249328613281,0.00247955322265625,0.00324249267578125,0.00743865966796875,-0.16727733612060547,-0.034142494201660156,-0.00476837158203125,0.0986142620028594,0.0011080200422453072,0.14927989394619634,2.5502906307164683,-2.4595066004950303,2.0862663939844146,0.0986142620028594,0.0011080200422453072,0.14927989394619634,0.0008409736398895064,0.162985528953177,0.03707960395787836
1083,1778141774.6488578,1778141774.6495993,1778141774.6495993,14.501872,0.7414817810058594,0.00247955322265625,0.00324249267578125,0.00743865966796875,-0.16727733612060547,-0.034142494201660156,-0.00476837158203125,0.0986142620028594,0.0011080200422453072,0.14927989394619634,2.5502906307164683,-2.4595066004950303,2.0862663939844146,0.0986142620028594,0.0011080200422453072,0.14927989394619634,0.0008409736398895064,0.162985528953177,0.03707960395787836
1084,1778141774.6590004,1778141774.6595097,1778141774.6595097,14.51227,0.5092620849609375,0.00247955322265625,0.00324249267578125,0.00743865966796875,-0.16727733612060547,-0.034142494201660156,-0.00476837158203125,0.0986142620028594,0.0011080200422453072,0.14927989394619634,2.5502906307164683,-2.4595066004950303,2.0862663939844146,0.0986142620028594,0.0011080200422453072,0.14927989394619634,0.0008409736398895064,0.162985528953177,0.03707960395787836
1085,1778141774.6688616,1778141774.6694968,1778141774.6694968,14.52254,0.6351470947265625,0.00247955322265625,0.00324249267578125,0.00743865966796875,-0.16727733612060547,-0.034142494201660156,-0.00476837158203125,0.0986142620028594,0.0011080200422453072,0.14927989394619634,2.5502906307164683,-2.4595066004950303,2.0862663939844146,0.0986142620028594,0.0011080200422453072,0.14927989394619634,0.0008409736398895064,0.162985528953177,0.03707960395787836
1086,1778141774.6788843,1778141774.6798666,1778141774.6798666,14.53308,0.9822845458984375,0.00247955322265625,0.00324249267578125,0.00743865966796875,-0.16727733612060547,-0.034142494201660156,-0.00476837158203125,0.0986142620028594,0.0011080200422453072,0.14927989394619634,2.5502906307164683,-2.4595066004950303,2.0862663939844146,0.0986142620028594,0.0011080200422453072,0.14927989394619634,0.0008409736398895064,0.162985528953177,0.03707960395787836
1087,1778141774.6890154,1778141774.6901386,1778141774.6901386,14.543337,1.123189926147461,0.00247955322265625,0.00324249267578125,0.00743865966796875,-0.16727733612060547,-0.034142494201660156,-0.00476837158203125,0.0986142620028594,0.0011080200422453072,0.14927989394619634,2.5502906307164683,-2.4595066004950303,2.0862663939844146,0.0986142620028594,0.0011080200422453072,0.14927989394619634,0.0008409736398895064,0.162985528953177,0.03707960395787836
1088,1778141774.6988573,1778141774.6994252,1778141774.6994252,14.553654,0.5679130554199219,0.00247955322265625,0.00324249267578125,0.00705718994140625,-0.16727733612060547,-0.034142494201660156,-0.00476837158203125,0.09863137412531373,0.0011080615129798663,0.1491491933088813,2.5503938580129044,-2.4596337298462942,2.08553931537686,0.09863137412531373,0.0011080615129798663,0.1491491933088813,0.0008543479432886449,0.16336677034769248,0.037081773850933246
1089,1778141774.7088592,1778141774.7097108,1778141774.7097108,14.563949,0.8516311645507812,0.00247955322265625,0.00324249267578125,0.00743865966796875,-0.16727733612060547,-0.034142494201660156,-0.00476837158203125,0.0986142620028594,0.0011080200422453072,0.14927989394619634,2.5502906307164683,-2.4595066004950303,2.0862663939844146,0.0986142620028594,0.0011080200422453072,0.14927989394619634,0.0008409736398895064,0.162985528953177,0.03707960395787836
1090,1778141774.718857,1778141774.7195442,1778141774.7195442,14.572146,0.6871223449707031,0.00247955322265625,0.00324249267578125,0.00743865966796875,-0.16727733612060547,-0.034142494201660156,-0.00476837158203125,0.0986142620028594,0.0011080200422453072,0.14927989394619634,2.5502906307164683,-2.4595066004950303,2.0862663939844146,0.0986142620028594,0.0011080200422453072,0.14927989394619634,0.0008409736398895064,0.162985528953177,0.03707960395787836
1091,1778141774.7288644,1778141774.7296631,1778141774.7296631,14.582409,0.7987022399902344,0.00247955322265625,0.00324249267578125,0.00743865966796875,-0.16727733612060547,-0.034142494201660156,-0.00476837158203125,0.0986142620028594,0.0011080200422453072,0.14927989394619634,2.5502906307164683,-2.4595066004950303,2.0862663939844146,0.0986142620028594,0.0011080200422453072,0.14927989394619634,0.0008409736398895064,0.162985528953177,0.03707960395787836
1092,1778141774.7388785,1778141774.739363,1778141774.739363,14.592739,0.484466552734375,0.00247955322265625,0.00324249267578125,0.00743865966796875,-0.16727733612060547,-0.034142494201660156,-0.00476837158203125,0.0986142620028594,0.0011080200422453072,0.14927989394619634,2.5502906307164683,-2.4595066004950303,2.0862663939844146,0.0986142620028594,0.0011080200422453072,0.14927989394619634,0.0008409736398895064,0.162985528953177,0.03707960395787836
1093,1778141774.7488627,1778141774.749577,1778141774.749577,14.603046,0.7143020629882812,0.00247955322265625,0.00324249267578125,0.00743865966796875,-0.16727733612060547,-0.034142494201660156,-0.00476837158203125,0.0986142620028594,0.0011080200422453072,0.14927989394619634,2.5502906307164683,-2.4595066004950303,2.0862663939844146,0.0986142620028594,0.0011080200422453072,0.14927989394619634,0.0008409736398895064,0.162985528953177,0.03707960395787836
1094,1778141774.7589638,1778141774.7596984,1778141774.7596984,14.613289,0.7345676422119141,0.00247955322265625,0.00324249267578125,0.00705718994140625,-0.16727733612060547,-0.034142494201660156,-0.00476837158203125,0.09863137412531373,0.0011080615129798663,0.1491491933088813,2.5503938580129044,-2.4596337298462942,2.08553931537686,0.09863137412531373,0.0011080615129798663,0.1491491933088813,0.0008543479432886449,0.16336677034769248,0.037081773850933246
1095,1778141774.7688546,1778141774.7697089,1778141774.7697089,14.623639,0.8542537689208984,0.00247955322265625,0.00324249267578125,0.00743865966796875,-0.16727733612060547,-0.034142494201660156,-0.00476837158203125,0.0986142620028594,0.0011080200422453072,0.14927989394619634,2.5502906307164683,-2.4595066004950303,2.0862663939844146,0.0986142620028594,0.0011080200422453072,0.14927989394619634,0.0008409736398895064,0.162985528953177,0.03707960395787836
1096,1778141774.7789085,1778141774.7798066,1778141774.7798066,14.633956,0.8981227874755859,0.00247955322265625,0.00324249267578125,0.00743865966796875,-0.16727733612060547,-0.034142494201660156,-0.00476837158203125,0.0986142620028594,0.0011080200422453072,0.14927989394619634,2.5502906307164683,-2.4595066004950303,2.0862663939844146,0.0986142620028594,0.0011080200422453072,0.14927989394619634,0.0008409736398895064,0.162985528953177,0.03707960395787836
1097,1778141774.7889073,1778141774.7896092,1778141774.7896092,14.642229,0.701904296875,0.00247955322265625,0.00324249267578125,0.00743865966796875,-0.16727733612060547,-0.034142494201660156,-0.00476837158203125,0.0986142620028594,0.0011080200422453072,0.14927989394619634,2.5502906307164683,-2.4595066004950303,2.0862663939844146,0.0986142620028594,0.0011080200422453072,0.14927989394619634,0.0008409736398895064,0.162985528953177,0.03707960395787836
1098,1778141774.7989273,1778141774.8000891,1778141774.8000891,14.652583,1.161813735961914,0.00247955322265625,0.00324249267578125,0.00743865966796875,-0.16727733612060547,-0.034142494201660156,-0.00476837158203125,0.0986142620028594,0.0011080200422453072,0.14927989394619634,2.5502906307164683,-2.4595066004950303,2.0862663939844146,0.0986142620028594,0.0011080200422453072,0.14927989394619634,0.0008409736398895064,0.162985528953177,0.03707960395787836
1099,1778141774.8088923,1778141774.8100922,1778141774.8100922,14.662868,1.199960708618164,0.00247955322265625,0.00324249267578125,0.00743865966796875,-0.16727733612060547,-0.034142494201660156,-0.00476837158203125,0.0986142620028594,0.0011080200422453072,0.14927989394619634,2.5502906307164683,-2.4595066004950303,2.0862663939844146,0.0986142620028594,0.0011080200422453072,0.14927989394619634,0.0008409736398895064,0.162985528953177,0.03707960395787836
1100,1778141774.819014,1778141774.820243,1778141774.820243,14.673183,1.2288093566894531,0.00247955322265625,0.00324249267578125,0.00743865966796875,-0.16727733612060547,-0.034142494201660156,-0.00476837158203125,0.0986142620028594,0.0011080200422453072,0.14927989394619634,2.5502906307164683,-2.4595066004950303,2.0862663939844146,0.0986142620028594,0.0011080200422453072,0.14927989394619634,0.0008409736398895064,0.162985528953177,0.03707960395787836
1101,1778141774.8288722,1778141774.8297129,1778141774.8297129,14.683447,0.8406639099121094,0.00247955322265625,0.00324249267578125,0.00743865966796875,-0.16727733612060547,-0.034142494201660156,-0.00476837158203125,0.0986142620028594,0.0011080200422453072,0.14927989394619634,2.5502906307164683,-2.4595066004950303,2.0862663939844146,0.0986142620028594,0.0011080200422453072,0.14927989394619634,0.0008409736398895064,0.162985528953177,0.03707960395787836
1102,1778141774.8388693,1778141774.8401287,1778141774.8401287,14.693767,1.2593269348144531,0.00247955322265625,0.00324249267578125,0.00743865966796875,-0.16727733612060547,-0.034142494201660156,-0.00476837158203125,0.0986142620028594,0.0011080200422453072,0.14927989394619634,2.5502906307164683,-2.4595066004950303,2.0862663939844146,0.0986142620028594,0.0011080200422453072,0.14927989394619634,0.0008409736398895064,0.162985528953177,0.03707960395787836
1103,1778141774.8488936,1778141774.8499365,1778141774.8499365,14.70407,1.0428428649902344,0.00247955322265625,0.00324249267578125,0.00743865966796875,-0.16727733612060547,-0.034142494201660156,-0.00476837158203125,0.0986142620028594,0.0011080200422453072,0.14927989394619634,2.5502906307164683,-2.4595066004950303,2.0862663939844146,0.0986142620028594,0.0011080200422453072,0.14927989394619634,0.0008409736398895064,0.162985528953177,0.03707960395787836
1104,1778141774.858892,1778141774.8593616,1778141774.8593616,14.712341,0.4696846008300781,0.00247955322265625,0.00324249267578125,0.00705718994140625,-0.16727733612060547,-0.034142494201660156,-0.00476837158203125,0.09863137412531373,0.0011080615129798663,0.1491491933088813,2.5503938580129044,-2.4596337298462942,2.08553931537686,0.09863137412531373,0.0011080615129798663,0.1491491933088813,0.0008543479432886449,0.16336677034769248,0.037081773850933246
1105,1778141774.8689694,1778141774.8695877,1778141774.8695877,14.722665,0.6182193756103516,0.00247955322265625,0.00324249267578125,0.00743865966796875,-0.16727733612060547,-0.034142494201660156,-0.00476837158203125,0.0986142620028594,0.0011080200422453072,0.14927989394619634,2.5502906307164683,-2.4595066004950303,2.0862663939844146,0.0986142620028594,0.0011080200422453072,0.14927989394619634,0.0008409736398895064,0.162985528953177,0.03707960395787836
1106,1778141774.8788552,1778141774.8792632,1778141774.8792632,14.732986,0.40793418884277344,0.00247955322265625,0.00324249267578125,0.00743865966796875,-0.16727733612060547,-0.034142494201660156,-0.00476837158203125,0.0986142620028594,0.0011080200422453072,0.14927989394619634,2.5502906307164683,-2.4595066004950303,2.0862663939844146,0.0986142620028594,0.0011080200422453072,0.14927989394619634,0.0008409736398895064,0.162985528953177,0.03707960395787836
1107,1778141774.8888805,1778141774.8893254,1778141774.8893254,14.743261,0.4448890686035156,0.00247955322265625,0.00324249267578125,0.00743865966796875,-0.16727733612060547,-0.034142494201660156,-0.00476837158203125,0.0986142620028594,0.0011080200422453072,0.14927989394619634,2.5502906307164683,-2.4595066004950303,2.0862663939844146,0.0986142620028594,0.0011080200422453072,0.14927989394619634,0.0008409736398895064,0.162985528953177,0.03707960395787836
1108,1778141774.8988862,1778141774.8997514,1778141774.8997514,14.753587,0.8652210235595703,0.00247955322265625,0.00324249267578125,0.00743865966796875,-0.16727733612060547,-0.034142494201660156,-0.00476837158203125,0.0986142620028594,0.0011080200422453072,0.14927989394619634,2.5502906307164683,-2.4595066004950303,2.0862663939844146,0.0986142620028594,0.0011080200422453072,0.14927989394619634,0.0008409736398895064,0.162985528953177,0.03707960395787836
1109,1778141774.9088905,1778141774.909373,1778141774.909373,14.763866,0.4825592041015625,0.00247955322265625,0.00324249267578125,0.00743865966796875,-0.16727733612060547,-0.034142494201660156,-0.00476837158203125,0.0986142620028594,0.0011080200422453072,0.14927989394619634,2.5502906307164683,-2.4595066004950303,2.0862663939844146,0.0986142620028594,0.0011080200422453072,0.14927989394619634,0.0008409736398895064,0.162985528953177,0.03707960395787836
1110,1778141774.9188664,1778141774.9197578,1778141774.9197578,14.772169,0.8914470672607422,0.00247955322265625,0.00324249267578125,0.00743865966796875,-0.16727733612060547,-0.034142494201660156,-0.00476837158203125,0.0986142620028594,0.0011080200422453072,0.14927989394619634,2.5502906307164683,-2.4595066004950303,2.0862663939844146,0.0986142620028594,0.0011080200422453072,0.14927989394619634,0.0008409736398895064,0.162985528953177,0.03707960395787836
1111,1778141774.9288614,1778141774.9297152,1778141774.9297152,14.782453,0.8537769317626953,0.00247955322265625,0.00324249267578125,0.00743865966796875,-0.16727733612060547,-0.034142494201660156,-0.00476837158203125,0.0986142620028594,0.0011080200422453072,0.14927989394619634,2.5502906307164683,-2.4595066004950303,2.0862663939844146,0.0986142620028594,0.0011080200422453072,0.14927989394619634,0.0008409736398895064,0.162985528953177,0.03707960395787836
1112,1778141774.938902,1778141774.9395535,1778141774.9395535,14.792803,0.6515979766845703,0.00247955322265625,0.00324249267578125,0.00705718994140625,-0.16727733612060547,-0.034142494201660156,-0.00476837158203125,0.09863137412531373,0.0011080615129798663,0.1491491933088813,2.5503938580129044,-2.4596337298462942,2.08553931537686,0.09863137412531373,0.0011080615129798663,0.1491491933088813,0.0008543479432886449,0.16336677034769248,0.037081773850933246
1113,1778141774.9488623,1778141774.9495718,1778141774.9495718,14.803069,0.70953369140625,0.00247955322265625,0.00324249267578125,0.00743865966796875,-0.16727733612060547,-0.034142494201660156,-0.00476837158203125,0.0986142620028594,0.0011080200422453072,0.14927989394619634,2.5502906307164683,-2.4595066004950303,2.0862663939844146,0.0986142620028594,0.0011080200422453072,0.14927989394619634,0.0008409736398895064,0.162985528953177,0.03707960395787836
1114,1778141774.9589055,1778141774.959829,1778141774.959829,14.813281,0.9236335754394531,0.00247955322265625,0.00324249267578125,0.00743865966796875,-0.16727733612060547,-0.034142494201660156,-0.00476837158203125,0.0986142620028594,0.0011080200422453072,0.14927989394619634,2.5502906307164683,-2.4595066004950303,2.0862663939844146,0.0986142620028594,0.0011080200422453072,0.14927989394619634,0.0008409736398895064,0.162985528953177,0.03707960395787836
1115,1778141774.968857,1778141774.9693944,1778141774.9693944,14.823622,0.5373954772949219,0.00247955322265625,0.00324249267578125,0.00705718994140625,-0.16727733612060547,-0.034142494201660156,-0.00476837158203125,0.09863137412531373,0.0011080615129798663,0.1491491933088813,2.5503938580129044,-2.4596337298462942,2.08553931537686,0.09863137412531373,0.0011080615129798663,0.1491491933088813,0.0008543479432886449,0.16336677034769248,0.037081773850933246
1116,1778141774.978852,1778141774.979455,1778141774.979455,14.83187,0.6029605865478516,0.00247955322265625,0.00324249267578125,0.00743865966796875,-0.16727733612060547,-0.034142494201660156,-0.00476837158203125,0.0986142620028594,0.0011080200422453072,0.14927989394619634,2.5502906307164683,-2.4595066004950303,2.0862663939844146,0.0986142620028594,0.0011080200422453072,0.14927989394619634,0.0008409736398895064,0.162985528953177,0.03707960395787836
1117,1778141774.9888604,1778141774.9895842,1778141774.9895842,14.842181,0.7238388061523438,0.00247955322265625,0.00324249267578125,0.00743865966796875,-0.16727733612060547,-0.034142494201660156,-0.00476837158203125,0.0986142620028594,0.0011080200422453072,0.14927989394619634,2.5502906307164683,-2.4595066004950303,2.0862663939844146,0.0986142620028594,0.0011080200422453072,0.14927989394619634,0.0008409736398895064,0.162985528953177,0.03707960395787836
1118,1778141774.998855,1778141774.999581,1778141774.999581,14.852476,0.7259845733642578,0.00247955322265625,0.00324249267578125,0.00743865966796875,-0.16727733612060547,-0.034142494201660156,-0.00476837158203125,0.0986142620028594,0.0011080200422453072,0.14927989394619634,2.5502906307164683,-2.4595066004950303,2.0862663939844146,0.0986142620028594,0.0011080200422453072,0.14927989394619634,0.0008409736398895064,0.162985528953177,0.03707960395787836
1119,1778141775.0088735,1778141775.0099003,1778141775.0099003,14.862804,1.0268688201904297,0.00247955322265625,0.00324249267578125,0.00743865966796875,-0.16727733612060547,-0.034142494201660156,-0.00476837158203125,0.0986142620028594,0.0011080200422453072,0.14927989394619634,2.5502906307164683,-2.4595066004950303,2.0862663939844146,0.0986142620028594,0.0011080200422453072,0.14927989394619634,0.0008409736398895064,0.162985528953177,0.03707960395787836
1120,1778141775.0189,1778141775.019504,1778141775.019504,14.873133,0.6041526794433594,0.00247955322265625,0.00324249267578125,0.00743865966796875,-0.16727733612060547,-0.034142494201660156,-0.00476837158203125,0.0986142620028594,0.0011080200422453072,0.14927989394619634,2.5502906307164683,-2.4595066004950303,2.0862663939844146,0.0986142620028594,0.0011080200422453072,0.14927989394619634,0.0008409736398895064,0.162985528953177,0.03707960395787836
1121,1778141775.0289028,1778141775.0299141,1778141775.0299141,14.883368,1.0113716125488281,0.00247955322265625,0.00324249267578125,0.00743865966796875,-0.16727733612060547,-0.034142494201660156,-0.00476837158203125,0.0986142620028594,0.0011080200422453072,0.14927989394619634,2.5502906307164683,-2.4595066004950303,2.0862663939844146,0.0986142620028594,0.0011080200422453072,0.14927989394619634,0.0008409736398895064,0.162985528953177,0.03707960395787836
1122,1778141775.0388782,1778141775.0397112,1778141775.0397112,14.893664,0.8330345153808594,0.00247955322265625,0.00324249267578125,0.00743865966796875,-0.16727733612060547,-0.034142494201660156,-0.00476837158203125,0.0986142620028594,0.0011080200422453072,0.14927989394619634,2.5502906307164683,-2.4595066004950303,2.0862663939844146,0.0986142620028594,0.0011080200422453072,0.14927989394619634,0.0008409736398895064,0.162985528953177,0.03707960395787836
1123,1778141775.0488524,1778141775.049612,1778141775.049612,14.901869,0.7596015930175781,0.00247955322265625,0.00324249267578125,0.00743865966796875,-0.16727733612060547,-0.034142494201660156,-0.00476837158203125,0.0986142620028594,0.0011080200422453072,0.14927989394619634,2.5502906307164683,-2.4595066004950303,2.0862663939844146,0.0986142620028594,0.0011080200422453072,0.14927989394619634,0.0008409736398895064,0.162985528953177,0.03707960395787836
1124,1778141775.0588903,1778141775.0596168,1778141775.0596168,14.91227,0.7264614105224609,0.00247955322265625,0.00324249267578125,0.00743865966796875,-0.16727733612060547,-0.034142494201660156,-0.00476837158203125,0.0986142620028594,0.0011080200422453072,0.14927989394619634,2.5502906307164683,-2.4595066004950303,2.0862663939844146,0.0986142620028594,0.0011080200422453072,0.14927989394619634,0.0008409736398895064,0.162985528953177,0.03707960395787836
1125,1778141775.0688896,1778141775.0696814,1778141775.0696814,14.92257,0.7917881011962891,0.00247955322265625,0.00324249267578125,0.00743865966796875,-0.16727733612060547,-0.034142494201660156,-0.00476837158203125,0.0986142620028594,0.0011080200422453072,0.14927989394619634,2.5502906307164683,-2.4595066004950303,2.0862663939844146,0.0986142620028594,0.0011080200422453072,0.14927989394619634,0.0008409736398895064,0.162985528953177,0.03707960395787836
1126,1778141775.0788894,1778141775.0795891,1778141775.0795891,14.932852,0.6997585296630859,0.00247955322265625,0.00324249267578125,0.00743865966796875,-0.16727733612060547,-0.034142494201660156,-0.00476837158203125,0.0986142620028594,0.0011080200422453072,0.14927989394619634,2.5502906307164683,-2.4595066004950303,2.0862663939844146,0.0986142620028594,0.0011080200422453072,0.14927989394619634,0.0008409736398895064,0.162985528953177,0.03707960395787836
1127,1778141775.088886,1778141775.0895417,1778141775.0895417,14.943071,0.6556510925292969,0.00247955322265625,0.00324249267578125,0.00743865966796875,-0.16727733612060547,-0.034142494201660156,-0.00476837158203125,0.0986142620028594,0.0011080200422453072,0.14927989394619634,2.5502906307164683,-2.4595066004950303,2.0862663939844146,0.0986142620028594,0.0011080200422453072,0.14927989394619634,0.0008409736398895064,0.162985528953177,0.03707960395787836
1128,1778141775.0988653,1778141775.0998175,1778141775.0998175,14.953366,0.9522438049316406,0.00247955322265625,0.00324249267578125,0.00743865966796875,-0.16727733612060547,-0.034142494201660156,-0.00476837158203125,0.0986142620028594,0.0011080200422453072,0.14927989394619634,2.5502906307164683,-2.4595066004950303,2.0862663939844146,0.0986142620028594,0.0011080200422453072,0.14927989394619634,0.0008409736398895064,0.162985528953177,0.03707960395787836
1129,1778141775.10889,1778141775.110393,1778141775.110393,14.963667,1.50299072265625,0.00247955322265625,0.00324249267578125,0.00743865966796875,-0.16727733612060547,-0.034142494201660156,-0.00476837158203125,0.0986142620028594,0.0011080200422453072,0.14927989394619634,2.5502906307164683,-2.4595066004950303,2.0862663939844146,0.0986142620028594,0.0011080200422453072,0.14927989394619634,0.0008409736398895064,0.162985528953177,0.03707960395787836
1130,1778141775.1189785,1778141775.119819,1778141775.119819,14.973957,0.8404254913330078,0.00247955322265625,0.00324249267578125,0.00743865966796875,-0.16727733612060547,-0.034142494201660156,-0.00476837158203125,0.0986142620028594,0.0011080200422453072,0.14927989394619634,2.5502906307164683,-2.4595066004950303,2.0862663939844146,0.0986142620028594,0.0011080200422453072,0.14927989394619634,0.0008409736398895064,0.162985528953177,0.03707960395787836
1131,1778141775.1288555,1778141775.1296177,1778141775.1296177,14.982154,0.7622241973876953,0.00247955322265625,0.00324249267578125,0.00743865966796875,-0.16727733612060547,-0.034142494201660156,-0.00476837158203125,0.0986142620028594,0.0011080200422453072,0.14927989394619634,2.5502906307164683,-2.4595066004950303,2.0862663939844146,0.0986142620028594,0.0011080200422453072,0.14927989394619634,0.0008409736398895064,0.162985528953177,0.03707960395787836
1132,1778141775.1388834,1778141775.1398063,1778141775.1398063,14.992421,0.9229183197021484,0.00247955322265625,0.00324249267578125,0.00743865966796875,-0.16727733612060547,-0.034142494201660156,-0.00476837158203125,0.0986142620028594,0.0011080200422453072,0.14927989394619634,2.5502906307164683,-2.4595066004950303,2.0862663939844146,0.0986142620028594,0.0011080200422453072,0.14927989394619634,0.0008409736398895064,0.162985528953177,0.03707960395787836
1133,1778141775.1488993,1778141775.1497374,1778141775.1497374,15.002745,0.8380413055419922,0.00247955322265625,0.00324249267578125,0.00743865966796875,-0.16727733612060547,-0.034142494201660156,-0.00476837158203125,0.0986142620028594,0.0011080200422453072,0.14927989394619634,2.5502906307164683,-2.4595066004950303,2.0862663939844146,0.0986142620028594,0.0011080200422453072,0.14927989394619634,0.0008409736398895064,0.162985528953177,0.03707960395787836
1134,1778141775.1588907,1778141775.1597579,1778141775.1597579,15.013067,0.8671283721923828,0.00247955322265625,0.00324249267578125,0.00743865966796875,-0.16727733612060547,-0.034142494201660156,-0.00476837158203125,0.0986142620028594,0.0011080200422453072,0.14927989394619634,2.5502906307164683,-2.4595066004950303,2.0862663939844146,0.0986142620028594,0.0011080200422453072,0.14927989394619634,0.0008409736398895064,0.162985528953177,0.03707960395787836
1135,1778141775.168847,1778141775.169697,1778141775.169697,15.023323,0.8499622344970703,0.00247955322265625,0.00324249267578125,0.00743865966796875,-0.16727733612060547,-0.034142494201660156,-0.00476837158203125,0.0986142620028594,0.0011080200422453072,0.14927989394619634,2.5502906307164683,-2.4595066004950303,2.0862663939844146,0.0986142620028594,0.0011080200422453072,0.14927989394619634,0.0008409736398895064,0.162985528953177,0.03707960395787836
1136,1778141775.1788583,1778141775.1796265,1778141775.1796265,15.033665,0.7681846618652344,0.00247955322265625,0.00324249267578125,0.00705718994140625,-0.16727733612060547,-0.034142494201660156,-0.00476837158203125,0.09863137412531373,0.0011080615129798663,0.1491491933088813,2.5503938580129044,-2.4596337298462942,2.08553931537686,0.09863137412531373,0.0011080615129798663,0.1491491933088813,0.0008543479432886449,0.16336677034769248,0.037081773850933246
1137,1778141775.1888647,1778141775.190134,1778141775.190134,15.043968,1.2693405151367188,0.00247955322265625,0.00324249267578125,0.00705718994140625,-0.16727733612060547,-0.034142494201660156,-0.00476837158203125,0.09863137412531373,0.0011080615129798663,0.1491491933088813,2.5503938580129044,-2.4596337298462942,2.08553931537686,0.09863137412531373,0.0011080615129798663,0.1491491933088813,0.0008543479432886449,0.16336677034769248,0.037081773850933246
1138,1778141775.1988456,1778141775.199682,1778141775.199682,15.052198,0.8363723754882812,0.00247955322265625,0.00324249267578125,0.00743865966796875,-0.16727733612060547,-0.034142494201660156,-0.00476837158203125,0.0986142620028594,0.0011080200422453072,0.14927989394619634,2.5502906307164683,-2.4595066004950303,2.0862663939844146,0.0986142620028594,0.0011080200422453072,0.14927989394619634,0.0008409736398895064,0.162985528953177,0.03707960395787836
1139,1778141775.208866,1778141775.209881,1778141775.209881,15.062478,1.0151863098144531,0.00247955322265625,0.00324249267578125,0.00743865966796875,-0.16727733612060547,-0.034142494201660156,-0.00476837158203125,0.0986142620028594,0.0011080200422453072,0.14927989394619634,2.5502906307164683,-2.4595066004950303,2.0862663939844146,0.0986142620028594,0.0011080200422453072,0.14927989394619634,0.0008409736398895064,0.162985528953177,0.03707960395787836
1140,1778141775.2188935,1778141775.219949,1778141775.219949,15.072833,1.0554790496826172,0.00247955322265625,0.00324249267578125,0.00743865966796875,-0.16727733612060547,-0.034142494201660156,-0.00476837158203125,0.0986142620028594,0.0011080200422453072,0.14927989394619634,2.5502906307164683,-2.4595066004950303,2.0862663939844146,0.0986142620028594,0.0011080200422453072,0.14927989394619634,0.0008409736398895064,0.162985528953177,0.03707960395787836
1141,1778141775.228992,1778141775.230303,1778141775.230303,15.083074,1.3110637664794922,0.00247955322265625,0.00324249267578125,0.00705718994140625,-0.16727733612060547,-0.034142494201660156,-0.00476837158203125,0.09863137412531373,0.0011080615129798663,0.1491491933088813,2.5503938580129044,-2.4596337298462942,2.08553931537686,0.09863137412531373,0.0011080615129798663,0.1491491933088813,0.0008543479432886449,0.16336677034769248,0.037081773850933246
1142,1778141775.2388427,1778141775.2396855,1778141775.2396855,15.093363,0.8428096771240234,0.00247955322265625,0.00324249267578125,0.00705718994140625,-0.16727733612060547,-0.034142494201660156,-0.00476837158203125,0.09863137412531373,0.0011080615129798663,0.1491491933088813,2.5503938580129044,-2.4596337298462942,2.08553931537686,0.09863137412531373,0.0011080615129798663,0.1491491933088813,0.0008543479432886449,0.16336677034769248,0.037081773850933246
1143,1778141775.248986,1778141775.2498116,1778141775.2498116,15.103664,0.8256435394287109,0.00247955322265625,0.00324249267578125,0.00743865966796875,-0.16727733612060547,-0.034142494201660156,-0.00476837158203125,0.0986142620028594,0.0011080200422453072,0.14927989394619634,2.5502906307164683,-2.4595066004950303,2.0862663939844146,0.0986142620028594,0.0011080200422453072,0.14927989394619634,0.0008409736398895064,0.162985528953177,0.03707960395787836
1144,1778141775.2590272,1778141775.2599082,1778141775.2599082,15.113961,0.8809566497802734,0.00247955322265625,0.00324249267578125,0.00705718994140625,-0.16727733612060547,-0.034142494201660156,-0.00476837158203125,0.09863137412531373,0.0011080615129798663,0.1491491933088813,2.5503938580129044,-2.4596337298462942,2.08553931537686,0.09863137412531373,0.0011080615129798663,0.1491491933088813,0.0008543479432886449,0.16336677034769248,0.037081773850933246
1145,1778141775.268841,1778141775.2699044,1778141775.2699044,15.122213,1.0633468627929688,0.00247955322265625,0.00324249267578125,0.00743865966796875,-0.16727733612060547,-0.034142494201660156,-0.00476837158203125,0.0986142620028594,0.0011080200422453072,0.14927989394619634,2.5502906307164683,-2.4595066004950303,2.0862663939844146,0.0986142620028594,0.0011080200422453072,0.14927989394619634,0.0008409736398895064,0.162985528953177,0.03707960395787836
1146,1778141775.2789235,1778141775.2797828,1778141775.2797828,15.132486,0.8592605590820312,0.00247955322265625,0.00324249267578125,0.00743865966796875,-0.16727733612060547,-0.034142494201660156,-0.00476837158203125,0.0986142620028594,0.0011080200422453072,0.14927989394619634,2.5502906307164683,-2.4595066004950303,2.0862663939844146,0.0986142620028594,0.0011080200422453072,0.14927989394619634,0.0008409736398895064,0.162985528953177,0.03707960395787836
1147,1778141775.289068,1778141775.2900367,1778141775.2900367,15.142842,0.9686946868896484,0.00247955322265625,0.00324249267578125,0.00743865966796875,-0.16727733612060547,-0.034142494201660156,-0.00476837158203125,0.0986142620028594,0.0011080200422453072,0.14927989394619634,2.5502906307164683,-2.4595066004950303,2.0862663939844146,0.0986142620028594,0.0011080200422453072,0.14927989394619634,0.0008409736398895064,0.162985528953177,0.03707960395787836
1148,1778141775.2988997,1778141775.2996693,1778141775.2996693,15.153079,0.7696151733398438,0.00247955322265625,0.00324249267578125,0.00705718994140625,-0.16727733612060547,-0.034142494201660156,-0.00476837158203125,0.09863137412531373,0.0011080615129798663,0.1491491933088813,2.5503938580129044,-2.4596337298462942,2.08553931537686,0.09863137412531373,0.0011080615129798663,0.1491491933088813,0.0008543479432886449,0.16336677034769248,0.037081773850933246
1149,1778141775.308885,1778141775.309467,1778141775.309467,15.163392,0.5819797515869141,0.00247955322265625,0.00324249267578125,0.00743865966796875,-0.16727733612060547,-0.034142494201660156,-0.00476837158203125,0.0986142620028594,0.0011080200422453072,0.14927989394619634,2.5502906307164683,-2.4595066004950303,2.0862663939844146,0.0986142620028594,0.0011080200422453072,0.14927989394619634,0.0008409736398895064,0.162985528953177,0.03707960395787836
1150,1778141775.3188653,1778141775.3194346,1778141775.3194346,15.173855,0.5693435668945312,0.00247955322265625,0.00324249267578125,0.00743865966796875,-0.16727733612060547,-0.034142494201660156,-0.00476837158203125,0.0986142620028594,0.0011080200422453072,0.14927989394619634,2.5502906307164683,-2.4595066004950303,2.0862663939844146,0.0986142620028594,0.0011080200422453072,0.14927989394619634,0.0008409736398895064,0.162985528953177,0.03707960395787836
1151,1778141775.328858,1778141775.3295403,1778141775.3295403,15.182068,0.6823539733886719,0.00247955322265625,0.00324249267578125,0.00743865966796875,-0.16727733612060547,-0.034142494201660156,-0.00476837158203125,0.0986142620028594,0.0011080200422453072,0.14927989394619634,2.5502906307164683,-2.4595066004950303,2.0862663939844146,0.0986142620028594,0.0011080200422453072,0.14927989394619634,0.0008409736398895064,0.162985528953177,0.03707960395787836
1152,1778141775.3389876,1778141775.3396385,1778141775.3396385,15.192385,0.6508827209472656,0.00247955322265625,0.00324249267578125,0.00743865966796875,-0.16727733612060547,-0.034142494201660156,-0.00476837158203125,0.0986142620028594,0.0011080200422453072,0.14927989394619634,2.5502906307164683,-2.4595066004950303,2.0862663939844146,0.0986142620028594,0.0011080200422453072,0.14927989394619634,0.0008409736398895064,0.162985528953177,0.03707960395787836
1153,1778141775.348848,1778141775.3495913,1778141775.3495913,15.202775,0.7431507110595703,0.00247955322265625,0.00324249267578125,0.00743865966796875,-0.16727733612060547,-0.034142494201660156,-0.00476837158203125,0.0986142620028594,0.0011080200422453072,0.14927989394619634,2.5502906307164683,-2.4595066004950303,2.0862663939844146,0.0986142620028594,0.0011080200422453072,0.14927989394619634,0.0008409736398895064,0.162985528953177,0.03707960395787836
1154,1778141775.3588722,1778141775.3596528,1778141775.3596528,15.213143,0.7805824279785156,0.00247955322265625,0.00324249267578125,0.00743865966796875,-0.16727733612060547,-0.034142494201660156,-0.00476837158203125,0.0986142620028594,0.0011080200422453072,0.14927989394619634,2.5502906307164683,-2.4595066004950303,2.0862663939844146,0.0986142620028594,0.0011080200422453072,0.14927989394619634,0.0008409736398895064,0.162985528953177,0.03707960395787836
1155,1778141775.368872,1778141775.3699415,1778141775.3699415,15.223446,1.0695457458496094,0.00247955322265625,0.00324249267578125,0.00705718994140625,-0.16727733612060547,-0.034142494201660156,-0.00476837158203125,0.09863137412531373,0.0011080615129798663,0.1491491933088813,2.5503938580129044,-2.4596337298462942,2.08553931537686,0.09863137412531373,0.0011080615129798663,0.1491491933088813,0.0008543479432886449,0.16336677034769248,0.037081773850933246
1156,1778141775.3788488,1778141775.379517,1778141775.379517,15.233666,0.6682872772216797,0.00247955322265625,0.00324249267578125,0.00743865966796875,-0.16727733612060547,-0.034142494201660156,-0.00476837158203125,0.0986142620028594,0.0011080200422453072,0.14927989394619634,2.5502906307164683,-2.4595066004950303,2.0862663939844146,0.0986142620028594,0.0011080200422453072,0.14927989394619634,0.0008409736398895064,0.162985528953177,0.03707960395787836
1157,1778141775.3888838,1778141775.3894916,1778141775.3894916,15.241982,0.6077289581298828,0.00247955322265625,0.00324249267578125,0.00743865966796875,-0.16727733612060547,-0.034142494201660156,-0.00476837158203125,0.0986142620028594,0.0011080200422453072,0.14927989394619634,2.5502906307164683,-2.4595066004950303,2.0862663939844146,0.0986142620028594,0.0011080200422453072,0.14927989394619634,0.0008409736398895064,0.162985528953177,0.03707960395787836
1158,1778141775.398907,1778141775.3997242,1778141775.3997242,15.252276,0.8172988891601562,0.00247955322265625,0.00324249267578125,0.00743865966796875,-0.16727733612060547,-0.034142494201660156,-0.00476837158203125,0.0986142620028594,0.0011080200422453072,0.14927989394619634,2.5502906307164683,-2.4595066004950303,2.0862663939844146,0.0986142620028594,0.0011080200422453072,0.14927989394619634,0.0008409736398895064,0.162985528953177,0.03707960395787836
1159,1778141775.4088724,1778141775.4099028,1778141775.4099028,15.262581,1.0304450988769531,0.00247955322265625,0.00324249267578125,0.00743865966796875,-0.16727733612060547,-0.034142494201660156,-0.00476837158203125,0.0986142620028594,0.0011080200422453072,0.14927989394619634,2.5502906307164683,-2.4595066004950303,2.0862663939844146,0.0986142620028594,0.0011080200422453072,0.14927989394619634,0.0008409736398895064,0.162985528953177,0.03707960395787836
1160,1778141775.4188762,1778141775.4194849,1778141775.4194849,15.272865,0.6086826324462891,0.00247955322265625,0.00324249267578125,0.00705718994140625,-0.16727733612060547,-0.034142494201660156,-0.00476837158203125,0.09863137412531373,0.0011080615129798663,0.1491491933088813,2.5503938580129044,-2.4596337298462942,2.08553931537686,0.09863137412531373,0.0011080615129798663,0.1491491933088813,0.0008543479432886449,0.16336677034769248,0.037081773850933246
1161,1778141775.428881,1778141775.4301975,1778141775.4301975,15.283217,1.3165473937988281,0.00247955322265625,0.00324249267578125,0.00743865966796875,-0.16727733612060547,-0.034142494201660156,-0.00476837158203125,0.0986142620028594,0.0011080200422453072,0.14927989394619634,2.5502906307164683,-2.4595066004950303,2.0862663939844146,0.0986142620028594,0.0011080200422453072,0.14927989394619634,0.0008409736398895064,0.162985528953177,0.03707960395787836
1162,1778141775.43888,1778141775.439545,1778141775.439545,15.293479,0.6649494171142578,0.00247955322265625,0.00324249267578125,0.00743865966796875,-0.16727733612060547,-0.034142494201660156,-0.00476837158203125,0.0986142620028594,0.0011080200422453072,0.14927989394619634,2.5502906307164683,-2.4595066004950303,2.0862663939844146,0.0986142620028594,0.0011080200422453072,0.14927989394619634,0.0008409736398895064,0.162985528953177,0.03707960395787836
1163,1778141775.4488983,1778141775.4497566,1778141775.4497566,15.303893,0.858306884765625,0.00247955322265625,0.00324249267578125,0.00743865966796875,-0.16727733612060547,-0.034142494201660156,-0.00476837158203125,0.0986142620028594,0.0011080200422453072,0.14927989394619634,2.5502906307164683,-2.4595066004950303,2.0862663939844146,0.0986142620028594,0.0011080200422453072,0.14927989394619634,0.0008409736398895064,0.162985528953177,0.03707960395787836
1164,1778141775.4589777,1778141775.460098,1778141775.460098,15.314169,1.1203289031982422,0.00247955322265625,0.00324249267578125,0.00743865966796875,-0.16727733612060547,-0.034142494201660156,-0.00476837158203125,0.0986142620028594,0.0011080200422453072,0.14927989394619634,2.5502906307164683,-2.4595066004950303,2.0862663939844146,0.0986142620028594,0.0011080200422453072,0.14927989394619634,0.0008409736398895064,0.162985528953177,0.03707960395787836
1165,1778141775.4689894,1778141775.4697134,1778141775.4697134,15.322455,0.7240772247314453,0.00247955322265625,0.00324249267578125,0.00743865966796875,-0.16727733612060547,-0.034142494201660156,-0.00476837158203125,0.0986142620028594,0.0011080200422453072,0.14927989394619634,2.5502906307164683,-2.4595066004950303,2.0862663939844146,0.0986142620028594,0.0011080200422453072,0.14927989394619634,0.0008409736398895064,0.162985528953177,0.03707960395787836
1166,1778141775.478922,1778141775.4797866,1778141775.4797866,15.332801,0.8647441864013672,0.00247955322265625,0.00324249267578125,0.00743865966796875,-0.16727733612060547,-0.034142494201660156,-0.00476837158203125,0.0986142620028594,0.0011080200422453072,0.14927989394619634,2.5502906307164683,-2.4595066004950303,2.0862663939844146,0.0986142620028594,0.0011080200422453072,0.14927989394619634,0.0008409736398895064,0.162985528953177,0.03707960395787836
1167,1778141775.4890099,1778141775.4901698,1778141775.4901698,15.343144,1.1599063873291016,0.00247955322265625,0.00324249267578125,0.00743865966796875,-0.16727733612060547,-0.034142494201660156,-0.00476837158203125,0.0986142620028594,0.0011080200422453072,0.14927989394619634,2.5502906307164683,-2.4595066004950303,2.0862663939844146,0.0986142620028594,0.0011080200422453072,0.14927989394619634,0.0008409736398895064,0.162985528953177,0.03707960395787836
1168,1778141775.4988537,1778141775.4995239,1778141775.4995239,15.353434,0.6701946258544922,0.00247955322265625,0.00324249267578125,0.00743865966796875,-0.16727733612060547,-0.034142494201660156,-0.00476837158203125,0.0986142620028594,0.0011080200422453072,0.14927989394619634,2.5502906307164683,-2.4595066004950303,2.0862663939844146,0.0986142620028594,0.0011080200422453072,0.14927989394619634,0.0008409736398895064,0.162985528953177,0.03707960395787836
1169,1778141775.508866,1778141775.50951,1778141775.50951,15.363745,0.6439685821533203,0.00247955322265625,0.00324249267578125,0.00705718994140625,-0.16727733612060547,-0.034142494201660156,-0.00476837158203125,0.09863137412531373,0.0011080615129798663,0.1491491933088813,2.5503938580129044,-2.4596337298462942,2.08553931537686,0.09863137412531373,0.0011080615129798663,0.1491491933088813,0.0008543479432886449,0.16336677034769248,0.037081773850933246
1170,1778141775.518888,1778141775.5196097,1778141775.5196097,15.374032,0.7216930389404297,0.00247955322265625,0.00324249267578125,0.00743865966796875,-0.16727733612060547,-0.034142494201660156,-0.00476837158203125,0.0986142620028594,0.0011080200422453072,0.14927989394619634,2.5502906307164683,-2.4595066004950303,2.0862663939844146,0.0986142620028594,0.0011080200422453072,0.14927989394619634,0.0008409736398895064,0.162985528953177,0.03707960395787836
1171,1778141775.5288994,1778141775.5297027,1778141775.5297027,15.382283,0.8032321929931641,0.00247955322265625,0.00324249267578125,0.00743865966796875,-0.16727733612060547,-0.034142494201660156,-0.00476837158203125,0.0986142620028594,0.0011080200422453072,0.14927989394619634,2.5502906307164683,-2.4595066004950303,2.0862663939844146,0.0986142620028594,0.0011080200422453072,0.14927989394619634,0.0008409736398895064,0.162985528953177,0.03707960395787836
1172,1778141775.538867,1778141775.5396507,1778141775.5396507,15.392629,0.7836818695068359,0.00247955322265625,0.00324249267578125,0.00743865966796875,-0.16727733612060547,-0.034142494201660156,-0.00476837158203125,0.0986142620028594,0.0011080200422453072,0.14927989394619634,2.5502906307164683,-2.4595066004950303,2.0862663939844146,0.0986142620028594,0.0011080200422453072,0.14927989394619634,0.0008409736398895064,0.162985528953177,0.03707960395787836
1173,1778141775.5489924,1778141775.5497282,1778141775.5497282,15.402964,0.7357597351074219,0.00247955322265625,0.00324249267578125,0.00743865966796875,-0.16727733612060547,-0.034142494201660156,-0.00476837158203125,0.0986142620028594,0.0011080200422453072,0.14927989394619634,2.5502906307164683,-2.4595066004950303,2.0862663939844146,0.0986142620028594,0.0011080200422453072,0.14927989394619634,0.0008409736398895064,0.162985528953177,0.03707960395787836
1174,1778141775.5589087,1778141775.5601704,1778141775.5601704,15.413271,1.2617111206054688,0.00247955322265625,0.00324249267578125,0.00743865966796875,-0.16727733612060547,-0.034142494201660156,-0.00476837158203125,0.0986142620028594,0.0011080200422453072,0.14927989394619634,2.5502906307164683,-2.4595066004950303,2.0862663939844146,0.0986142620028594,0.0011080200422453072,0.14927989394619634,0.0008409736398895064,0.162985528953177,0.03707960395787836
1175,1778141775.5689847,1778141775.5698192,1778141775.5698192,15.423626,0.8344650268554688,0.00247955322265625,0.00324249267578125,0.00743865966796875,-0.16727733612060547,-0.034142494201660156,-0.00476837158203125,0.0986142620028594,0.0011080200422453072,0.14927989394619634,2.5502906307164683,-2.4595066004950303,2.0862663939844146,0.0986142620028594,0.0011080200422453072,0.14927989394619634,0.0008409736398895064,0.162985528953177,0.03707960395787836
1176,1778141775.5788646,1778141775.5798452,1778141775.5798452,15.433958,0.9806156158447266,0.00247955322265625,0.00324249267578125,0.00743865966796875,-0.16727733612060547,-0.034142494201660156,-0.00476837158203125,0.0986142620028594,0.0011080200422453072,0.14927989394619634,2.5502906307164683,-2.4595066004950303,2.0862663939844146,0.0986142620028594,0.0011080200422453072,0.14927989394619634,0.0008409736398895064,0.162985528953177,0.03707960395787836
1177,1778141775.5888855,1778141775.589718,1778141775.589718,15.442199,0.8325576782226562,0.00247955322265625,0.00324249267578125,0.00705718994140625,-0.16727733612060547,-0.034142494201660156,-0.00476837158203125,0.09863137412531373,0.0011080615129798663,0.1491491933088813,2.5503938580129044,-2.4596337298462942,2.08553931537686,0.09863137412531373,0.0011080615129798663,0.1491491933088813,0.0008543479432886449,0.16336677034769248,0.037081773850933246
1178,1778141775.5988653,1778141775.5999317,1778141775.5999317,15.452469,1.066446304321289,0.00247955322265625,0.00324249267578125,0.00743865966796875,-0.16727733612060547,-0.034142494201660156,-0.00476837158203125,0.0986142620028594,0.0011080200422453072,0.14927989394619634,2.5502906307164683,-2.4595066004950303,2.0862663939844146,0.0986142620028594,0.0011080200422453072,0.14927989394619634,0.0008409736398895064,0.162985528953177,0.03707960395787836
1179,1778141775.6089,1778141775.6096454,1778141775.6096454,15.462836,0.7452964782714844,0.00247955322265625,0.00324249267578125,0.00743865966796875,-0.16727733612060547,-0.034142494201660156,-0.00476837158203125,0.0986142620028594,0.0011080200422453072,0.14927989394619634,2.5502906307164683,-2.4595066004950303,2.0862663939844146,0.0986142620028594,0.0011080200422453072,0.14927989394619634,0.0008409736398895064,0.162985528953177,0.03707960395787836
1180,1778141775.6189291,1778141775.620163,1778141775.620163,15.47307,1.233816146850586,0.00247955322265625,0.00324249267578125,0.00743865966796875,-0.16727733612060547,-0.034142494201660156,-0.00476837158203125,0.0986142620028594,0.0011080200422453072,0.14927989394619634,2.5502906307164683,-2.4595066004950303,2.0862663939844146,0.0986142620028594,0.0011080200422453072,0.14927989394619634,0.0008409736398895064,0.162985528953177,0.03707960395787836
1181,1778141775.6288798,1778141775.6298428,1778141775.6298428,15.483366,0.9629726409912109,0.00247955322265625,0.00324249267578125,0.00743865966796875,-0.16727733612060547,-0.034142494201660156,-0.00476837158203125,0.0986142620028594,0.0011080200422453072,0.14927989394619634,2.5502906307164683,-2.4595066004950303,2.0862663939844146,0.0986142620028594,0.0011080200422453072,0.14927989394619634,0.0008409736398895064,0.162985528953177,0.03707960395787836
1182,1778141775.6388552,1778141775.639507,1778141775.639507,15.493663,0.6518363952636719,0.00247955322265625,0.00324249267578125,0.00743865966796875,-0.16727733612060547,-0.034142494201660156,-0.00476837158203125,0.0986142620028594,0.0011080200422453072,0.14927989394619634,2.5502906307164683,-2.4595066004950303,2.0862663939844146,0.0986142620028594,0.0011080200422453072,0.14927989394619634,0.0008409736398895064,0.162985528953177,0.03707960395787836
1183,1778141775.6488988,1778141775.6495183,1778141775.6495183,15.501947,0.6194114685058594,0.00247955322265625,0.00324249267578125,0.00743865966796875,-0.16689586639404297,-0.034142494201660156,-0.00476837158203125,0.09862039791565635,0.001108035531025012,0.14931722927099367,2.5501872554294027,-2.4593793220268365,2.0869935397018646,0.09862039791565635,0.001108035531025012,0.14931722927099367,0.0008276010122516941,0.16260428753006206,0.03707743936769013
1184,1778141775.658859,1778141775.6598055,1778141775.6598055,15.512237,0.9465217590332031,0.00247955322265625,0.00324249267578125,0.00743865966796875,-0.16727733612060547,-0.034142494201660156,-0.00476837158203125,0.0986142620028594,0.0011080200422453072,0.14927989394619634,2.5502906307164683,-2.4595066004950303,2.0862663939844146,0.0986142620028594,0.0011080200422453072,0.14927989394619634,0.0008409736398895064,0.162985528953177,0.03707960395787836
1185,1778141775.6688912,1778141775.6695209,1778141775.6695209,15.522531,0.6296634674072266,0.00247955322265625,0.00324249267578125,0.00743865966796875,-0.16727733612060547,-0.034142494201660156,-0.00476837158203125,0.0986142620028594,0.0011080200422453072,0.14927989394619634,2.5502906307164683,-2.4595066004950303,2.0862663939844146,0.0986142620028594,0.0011080200422453072,0.14927989394619634,0.0008409736398895064,0.162985528953177,0.03707960395787836
1186,1778141775.6788495,1778141775.679702,1778141775.679702,15.53287,0.8525848388671875,0.00247955322265625,0.00324249267578125,0.00743865966796875,-0.16727733612060547,-0.034142494201660156,-0.00476837158203125,0.0986142620028594,0.0011080200422453072,0.14927989394619634,2.5502906307164683,-2.4595066004950303,2.0862663939844146,0.0986142620028594,0.0011080200422453072,0.14927989394619634,0.0008409736398895064,0.162985528953177,0.03707960395787836
1187,1778141775.6888638,1778141775.6897433,1778141775.6897433,15.543163,0.8795261383056641,0.00247955322265625,0.00324249267578125,0.00743865966796875,-0.16727733612060547,-0.034142494201660156,-0.00476837158203125,0.0986142620028594,0.0011080200422453072,0.14927989394619634,2.5502906307164683,-2.4595066004950303,2.0862663939844146,0.0986142620028594,0.0011080200422453072,0.14927989394619634,0.0008409736398895064,0.162985528953177,0.03707960395787836
1188,1778141775.698862,1778141775.699471,1778141775.699471,15.553499,0.6089210510253906,0.00247955322265625,0.00324249267578125,0.00743865966796875,-0.16727733612060547,-0.034142494201660156,-0.00476837158203125,0.0986142620028594,0.0011080200422453072,0.14927989394619634,2.5502906307164683,-2.4595066004950303,2.0862663939844146,0.0986142620028594,0.0011080200422453072,0.14927989394619634,0.0008409736398895064,0.162985528953177,0.03707960395787836
1189,1778141775.7088819,1778141775.7097423,1778141775.7097423,15.563855,0.8604526519775391,0.00247955322265625,0.00324249267578125,0.00743865966796875,-0.16727733612060547,-0.034142494201660156,-0.00476837158203125,0.0986142620028594,0.0011080200422453072,0.14927989394619634,2.5502906307164683,-2.4595066004950303,2.0862663939844146,0.0986142620028594,0.0011080200422453072,0.14927989394619634,0.0008409736398895064,0.162985528953177,0.03707960395787836
1190,1778141775.718883,1778141775.7193458,1778141775.7193458,15.572069,0.4627704620361328,0.00247955322265625,0.00324249267578125,0.00705718994140625,-0.16727733612060547,-0.034142494201660156,-0.00476837158203125,0.09863137412531373,0.0011080615129798663,0.1491491933088813,2.5503938580129044,-2.4596337298462942,2.08553931537686,0.09863137412531373,0.0011080615129798663,0.1491491933088813,0.0008543479432886449,0.16336677034769248,0.037081773850933246
1191,1778141775.7289085,1778141775.7295814,1778141775.7295814,15.582249,0.6728172302246094,0.00247955322265625,0.00324249267578125,0.00743865966796875,-0.16727733612060547,-0.034142494201660156,-0.00476837158203125,0.0986142620028594,0.0011080200422453072,0.14927989394619634,2.5502906307164683,-2.4595066004950303,2.0862663939844146,0.0986142620028594,0.0011080200422453072,0.14927989394619634,0.0008409736398895064,0.162985528953177,0.03707960395787836
1192,1778141775.7388532,1778141775.7398686,1778141775.7398686,15.592664,1.0154247283935547,0.00247955322265625,0.00324249267578125,0.00705718994140625,-0.16727733612060547,-0.034142494201660156,-0.00476837158203125,0.09863137412531373,0.0011080615129798663,0.1491491933088813,2.5503938580129044,-2.4596337298462942,2.08553931537686,0.09863137412531373,0.0011080615129798663,0.1491491933088813,0.0008543479432886449,0.16336677034769248,0.037081773850933246
1193,1778141775.7488675,1778141775.749648,1778141775.749648,15.602988,0.7805824279785156,0.00247955322265625,0.00324249267578125,0.00743865966796875,-0.16727733612060547,-0.034142494201660156,-0.00476837158203125,0.0986142620028594,0.0011080200422453072,0.14927989394619634,2.5502906307164683,-2.4595066004950303,2.0862663939844146,0.0986142620028594,0.0011080200422453072,0.14927989394619634,0.0008409736398895064,0.162985528953177,0.03707960395787836
1194,1778141775.758909,1778141775.7595062,1778141775.7595062,15.613255,0.5972385406494141,0.00247955322265625,0.00324249267578125,0.00743865966796875,-0.16727733612060547,-0.034142494201660156,-0.00476837158203125,0.0986142620028594,0.0011080200422453072,0.14927989394619634,2.5502906307164683,-2.4595066004950303,2.0862663939844146,0.0986142620028594,0.0011080200422453072,0.14927989394619634,0.0008409736398895064,0.162985528953177,0.03707960395787836
1195,1778141775.768883,1778141775.7695928,1778141775.7695928,15.623574,0.7097721099853516,0.00247955322265625,0.00324249267578125,0.00743865966796875,-0.16727733612060547,-0.034142494201660156,-0.00476837158203125,0.0986142620028594,0.0011080200422453072,0.14927989394619634,2.5502906307164683,-2.4595066004950303,2.0862663939844146,0.0986142620028594,0.0011080200422453072,0.14927989394619634,0.0008409736398895064,0.162985528953177,0.03707960395787836
1196,1778141775.7789133,1778141775.7800958,1778141775.7800958,15.633886,1.18255615234375,0.00247955322265625,0.00324249267578125,0.00743865966796875,-0.16727733612060547,-0.034142494201660156,-0.00476837158203125,0.0986142620028594,0.0011080200422453072,0.14927989394619634,2.5502906307164683,-2.4595066004950303,2.0862663939844146,0.0986142620028594,0.0011080200422453072,0.14927989394619634,0.0008409736398895064,0.162985528953177,0.03707960395787836
1197,1778141775.7888908,1778141775.7896414,1778141775.7896414,15.642156,0.7505416870117188,0.00247955322265625,0.00324249267578125,0.00743865966796875,-0.16727733612060547,-0.034142494201660156,-0.00476837158203125,0.0986142620028594,0.0011080200422453072,0.14927989394619634,2.5502906307164683,-2.4595066004950303,2.0862663939844146,0.0986142620028594,0.0011080200422453072,0.14927989394619634,0.0008409736398895064,0.162985528953177,0.03707960395787836
1198,1778141775.798863,1778141775.8002143,1778141775.8002143,15.652398,1.3513565063476562,0.00247955322265625,0.00324249267578125,0.00743865966796875,-0.16727733612060547,-0.034142494201660156,-0.00476837158203125,0.0986142620028594,0.0011080200422453072,0.14927989394619634,2.5502906307164683,-2.4595066004950303,2.0862663939844146,0.0986142620028594,0.0011080200422453072,0.14927989394619634,0.0008409736398895064,0.162985528953177,0.03707960395787836
1199,1778141775.8088818,1778141775.8095593,1778141775.8095593,15.662664,0.6775856018066406,0.00247955322265625,0.00324249267578125,0.00743865966796875,-0.16727733612060547,-0.034142494201660156,-0.00476837158203125,0.0986142620028594,0.0011080200422453072,0.14927989394619634,2.5502906307164683,-2.4595066004950303,2.0862663939844146,0.0986142620028594,0.0011080200422453072,0.14927989394619634,0.0008409736398895064,0.162985528953177,0.03707960395787836
1200,1778141775.8188987,1778141775.8199391,1778141775.8199391,15.672995,1.0404586791992188,0.00247955322265625,0.00324249267578125,0.00743865966796875,-0.16727733612060547,-0.034142494201660156,-0.00476837158203125,0.0986142620028594,0.0011080200422453072,0.14927989394619634,2.5502906307164683,-2.4595066004950303,2.0862663939844146,0.0986142620028594,0.0011080200422453072,0.14927989394619634,0.0008409736398895064,0.162985528953177,0.03707960395787836
1201,1778141775.828876,1778141775.8294911,1778141775.8294911,15.683273,0.6151199340820312,0.00247955322265625,0.00324249267578125,0.00743865966796875,-0.16727733612060547,-0.034142494201660156,-0.00476837158203125,0.0986142620028594,0.0011080200422453072,0.14927989394619634,2.5502906307164683,-2.4595066004950303,2.0862663939844146,0.0986142620028594,0.0011080200422453072,0.14927989394619634,0.0008409736398895064,0.162985528953177,0.03707960395787836
1202,1778141775.838894,1778141775.8396745,1778141775.8396745,15.69361,0.7805824279785156,0.00247955322265625,0.00324249267578125,0.00705718994140625,-0.16727733612060547,-0.034142494201660156,-0.00476837158203125,0.09863137412531373,0.0011080615129798663,0.1491491933088813,2.5503938580129044,-2.4596337298462942,2.08553931537686,0.09863137412531373,0.0011080615129798663,0.1491491933088813,0.0008543479432886449,0.16336677034769248,0.037081773850933246
1203,1778141775.848906,1778141775.8496811,1778141775.8496811,15.703865,0.7750988006591797,0.00247955322265625,0.00324249267578125,0.00743865966796875,-0.16727733612060547,-0.034142494201660156,-0.00476837158203125,0.0986142620028594,0.0011080200422453072,0.14927989394619634,2.5502906307164683,-2.4595066004950303,2.0862663939844146,0.0986142620028594,0.0011080200422453072,0.14927989394619634,0.0008409736398895064,0.162985528953177,0.03707960395787836
1204,1778141775.8588445,1778141775.8594768,1778141775.8594768,15.712079,0.6322860717773438,0.00247955322265625,0.00324249267578125,0.00743865966796875,-0.16727733612060547,-0.034142494201660156,-0.00476837158203125,0.0986142620028594,0.0011080200422453072,0.14927989394619634,2.5502906307164683,-2.4595066004950303,2.0862663939844146,0.0986142620028594,0.0011080200422453072,0.14927989394619634,0.0008409736398895064,0.162985528953177,0.03707960395787836
1205,1778141775.8689337,1778141775.8697572,1778141775.8697572,15.722334,0.8234977722167969,0.00247955322265625,0.00324249267578125,0.00743865966796875,-0.16689586639404297,-0.034142494201660156,-0.00476837158203125,0.09862039791565635,0.001108035531025012,0.14931722927099367,2.5501872554294027,-2.4593793220268365,2.0869935397018646,0.09862039791565635,0.001108035531025012,0.14931722927099367,0.0008276010122516941,0.16260428753006206,0.03707743936769013
1206,1778141775.878908,1778141775.8798246,1778141775.8798246,15.732663,0.9167194366455078,0.00247955322265625,0.00324249267578125,0.00743865966796875,-0.16727733612060547,-0.034142494201660156,-0.00476837158203125,0.0986142620028594,0.0011080200422453072,0.14927989394619634,2.5502906307164683,-2.4595066004950303,2.0862663939844146,0.0986142620028594,0.0011080200422453072,0.14927989394619634,0.0008409736398895064,0.162985528953177,0.03707960395787836
1207,1778141775.8888912,1778141775.8894618,1778141775.8894618,15.742983,0.5705356597900391,0.00247955322265625,0.00324249267578125,0.00705718994140625,-0.16689586639404297,-0.034142494201660156,-0.00476837158203125,0.0986375242799163,0.001108077037056082,0.14918652629028972,2.5502906307164683,-2.4595066004950303,2.0862663939844146,0.0986375242799163,0.001108077037056082,0.14918652629028972,0.0008409736398895065,0.16298552895317697,0.03707960395787836
1208,1778141775.8988523,1778141775.8997104,1778141775.8997104,15.753264,0.8580684661865234,0.00247955322265625,0.00324249267578125,0.00705718994140625,-0.16727733612060547,-0.034142494201660156,-0.00476837158203125,0.09863137412531373,0.0011080615129798663,0.1491491933088813,2.5503938580129044,-2.4596337298462942,2.08553931537686,0.09863137412531373,0.0011080615129798663,0.1491491933088813,0.0008543479432886449,0.16336677034769248,0.037081773850933246
1209,1778141775.908906,1778141775.9102333,1778141775.9102333,15.763584,1.3272762298583984,0.00247955322265625,0.00324249267578125,0.00743865966796875,-0.16727733612060547,-0.034142494201660156,-0.00476837158203125,0.0986142620028594,0.0011080200422453072,0.14927989394619634,2.5502906307164683,-2.4595066004950303,2.0862663939844146,0.0986142620028594,0.0011080200422453072,0.14927989394619634,0.0008409736398895064,0.162985528953177,0.03707960395787836
1210,1778141775.918959,1778141775.9198904,1778141775.9198904,15.773867,0.9315013885498047,0.00247955322265625,0.00324249267578125,0.00705718994140625,-0.16727733612060547,-0.034142494201660156,-0.00476837158203125,0.09863137412531373,0.0011080615129798663,0.1491491933088813,2.5503938580129044,-2.4596337298462942,2.08553931537686,0.09863137412531373,0.0011080615129798663,0.1491491933088813,0.0008543479432886449,0.16336677034769248,0.037081773850933246
1211,1778141775.9289863,1778141775.9303505,1778141775.9303505,15.784287,1.3642311096191406,0.00247955322265625,0.00324249267578125,0.00705718994140625,-0.16727733612060547,-0.034142494201660156,-0.00476837158203125,0.09863137412531373,0.0011080615129798663,0.1491491933088813,2.5503938580129044,-2.4596337298462942,2.08553931537686,0.09863137412531373,0.0011080615129798663,0.1491491933088813,0.0008543479432886449,0.16336677034769248,0.037081773850933246
1212,1778141775.9389734,1778141775.9402926,1778141775.9402926,15.792493,1.3191699981689453,0.00247955322265625,0.00324249267578125,0.00743865966796875,-0.16727733612060547,-0.034142494201660156,-0.00476837158203125,0.0986142620028594,0.0011080200422453072,0.14927989394619634,2.5502906307164683,-2.4595066004950303,2.0862663939844146,0.0986142620028594,0.0011080200422453072,0.14927989394619634,0.0008409736398895064,0.162985528953177,0.03707960395787836
1213,1778141775.948871,1778141775.9500167,1778141775.9500167,15.80292,1.1458396911621094,0.00247955322265625,0.00324249267578125,0.00743865966796875,-0.16727733612060547,-0.034142494201660156,-0.00476837158203125,0.0986142620028594,0.0011080200422453072,0.14927989394619634,2.5502906307164683,-2.4595066004950303,2.0862663939844146,0.0986142620028594,0.0011080200422453072,0.14927989394619634,0.0008409736398895064,0.162985528953177,0.03707960395787836
1214,1778141775.9589188,1778141775.9597268,1778141775.9597268,15.813157,0.8080005645751953,0.00247955322265625,0.00324249267578125,0.00743865966796875,-0.16727733612060547,-0.034142494201660156,-0.00476837158203125,0.0986142620028594,0.0011080200422453072,0.14927989394619634,2.5502906307164683,-2.4595066004950303,2.0862663939844146,0.0986142620028594,0.0011080200422453072,0.14927989394619634,0.0008409736398895064,0.162985528953177,0.03707960395787836
1215,1778141775.9688876,1778141775.9695,1778141775.9695,15.823464,0.6124973297119141,0.00247955322265625,0.00324249267578125,0.00743865966796875,-0.16727733612060547,-0.034142494201660156,-0.00476837158203125,0.0986142620028594,0.0011080200422453072,0.14927989394619634,2.5502906307164683,-2.4595066004950303,2.0862663939844146,0.0986142620028594,0.0011080200422453072,0.14927989394619634,0.0008409736398895064,0.162985528953177,0.03707960395787836
1216,1778141775.9788435,1778141775.979743,1778141775.979743,15.833783,0.8995532989501953,0.00247955322265625,0.00324249267578125,0.00743865966796875,-0.16727733612060547,-0.034142494201660156,-0.00476837158203125,0.0986142620028594,0.0011080200422453072,0.14927989394619634,2.5502906307164683,-2.4595066004950303,2.0862663939844146,0.0986142620028594,0.0011080200422453072,0.14927989394619634,0.0008409736398895064,0.162985528953177,0.03707960395787836
1217,1778141775.988885,1778141775.9897692,1778141775.9897692,15.84405,0.8842945098876953,0.00247955322265625,0.00324249267578125,0.00743865966796875,-0.16727733612060547,-0.034142494201660156,-0.00476837158203125,0.0986142620028594,0.0011080200422453072,0.14927989394619634,2.5502906307164683,-2.4595066004950303,2.0862663939844146,0.0986142620028594,0.0011080200422453072,0.14927989394619634,0.0008409736398895064,0.162985528953177,0.03707960395787836
1218,1778141775.998876,1778141775.999733,1778141775.999733,15.852272,0.8568763732910156,0.00247955322265625,0.00324249267578125,0.00743865966796875,-0.16727733612060547,-0.034142494201660156,-0.00476837158203125,0.0986142620028594,0.0011080200422453072,0.14927989394619634,2.5502906307164683,-2.4595066004950303,2.0862663939844146,0.0986142620028594,0.0011080200422453072,0.14927989394619634,0.0008409736398895064,0.162985528953177,0.03707960395787836
1219,1778141776.0088418,1778141776.0095086,1778141776.0095086,15.862613,0.6668567657470703,0.00247955322265625,0.00324249267578125,0.00743865966796875,-0.16727733612060547,-0.034142494201660156,-0.00476837158203125,0.0986142620028594,0.0011080200422453072,0.14927989394619634,2.5502906307164683,-2.4595066004950303,2.0862663939844146,0.0986142620028594,0.0011080200422453072,0.14927989394619634,0.0008409736398895064,0.162985528953177,0.03707960395787836
1220,1778141776.018886,1778141776.0194604,1778141776.0194604,15.873002,0.5743503570556641,0.00247955322265625,0.00324249267578125,0.00743865966796875,-0.16727733612060547,-0.034142494201660156,-0.00476837158203125,0.0986142620028594,0.0011080200422453072,0.14927989394619634,2.5502906307164683,-2.4595066004950303,2.0862663939844146,0.0986142620028594,0.0011080200422453072,0.14927989394619634,0.0008409736398895064,0.162985528953177,0.03707960395787836
1221,1778141776.0288894,1778141776.0299878,1778141776.0299878,15.883279,1.0983943939208984,0.00247955322265625,0.00324249267578125,0.00743865966796875,-0.16727733612060547,-0.034142494201660156,-0.00476837158203125,0.0986142620028594,0.0011080200422453072,0.14927989394619634,2.5502906307164683,-2.4595066004950303,2.0862663939844146,0.0986142620028594,0.0011080200422453072,0.14927989394619634,0.0008409736398895064,0.162985528953177,0.03707960395787836
1222,1778141776.0388794,1778141776.0397608,1778141776.0397608,15.893558,0.8814334869384766,0.00247955322265625,0.00324249267578125,0.00705718994140625,-0.16727733612060547,-0.034142494201660156,-0.00476837158203125,0.09863137412531373,0.0011080615129798663,0.1491491933088813,2.5503938580129044,-2.4596337298462942,2.08553931537686,0.09863137412531373,0.0011080615129798663,0.1491491933088813,0.0008543479432886449,0.16336677034769248,0.037081773850933246
1223,1778141776.0488515,1778141776.049663,1778141776.049663,15.903872,0.8115768432617188,0.00247955322265625,0.00324249267578125,0.00705718994140625,-0.16727733612060547,-0.034142494201660156,-0.00476837158203125,0.09863137412531373,0.0011080615129798663,0.1491491933088813,2.5503938580129044,-2.4596337298462942,2.08553931537686,0.09863137412531373,0.0011080615129798663,0.1491491933088813,0.0008543479432886449,0.16336677034769248,0.037081773850933246
1224,1778141776.0589676,1778141776.059681,1778141776.059681,15.912067,0.713348388671875,0.00247955322265625,0.00324249267578125,0.00743865966796875,-0.16727733612060547,-0.034142494201660156,-0.00476837158203125,0.0986142620028594,0.0011080200422453072,0.14927989394619634,2.5502906307164683,-2.4595066004950303,2.0862663939844146,0.0986142620028594,0.0011080200422453072,0.14927989394619634,0.0008409736398895064,0.162985528953177,0.03707960395787836
1225,1778141776.068851,1778141776.0695133,1778141776.0695133,15.922438,0.6623268127441406,0.00247955322265625,0.00324249267578125,0.00743865966796875,-0.16689586639404297,-0.034142494201660156,-0.00476837158203125,0.09862039791565635,0.001108035531025012,0.14931722927099367,2.5501872554294027,-2.4593793220268365,2.0869935397018646,0.09862039791565635,0.001108035531025012,0.14931722927099367,0.0008276010122516941,0.16260428753006206,0.03707743936769013
1226,1778141776.0788536,1778141776.079443,1778141776.079443,15.932773,0.5893707275390625,0.00247955322265625,0.00324249267578125,0.00743865966796875,-0.16727733612060547,-0.034142494201660156,-0.00476837158203125,0.0986142620028594,0.0011080200422453072,0.14927989394619634,2.5502906307164683,-2.4595066004950303,2.0862663939844146,0.0986142620028594,0.0011080200422453072,0.14927989394619634,0.0008409736398895064,0.162985528953177,0.03707960395787836
1227,1778141776.0888803,1778141776.0893881,1778141776.0893881,15.943086,0.5078315734863281,0.00247955322265625,0.00324249267578125,0.00743865966796875,-0.16727733612060547,-0.034142494201660156,-0.00476837158203125,0.0986142620028594,0.0011080200422453072,0.14927989394619634,2.5502906307164683,-2.4595066004950303,2.0862663939844146,0.0986142620028594,0.0011080200422453072,0.14927989394619634,0.0008409736398895064,0.162985528953177,0.03707960395787836
1228,1778141776.0988915,1778141776.0996454,1778141776.0996454,15.95327,0.7538795471191406,0.00247955322265625,0.00324249267578125,0.00743865966796875,-0.16727733612060547,-0.034142494201660156,-0.00476837158203125,0.0986142620028594,0.0011080200422453072,0.14927989394619634,2.5502906307164683,-2.4595066004950303,2.0862663939844146,0.0986142620028594,0.0011080200422453072,0.14927989394619634,0.0008409736398895064,0.162985528953177,0.03707960395787836
1229,1778141776.1088586,1778141776.1094358,1778141776.1094358,15.96366,0.5772113800048828,0.00247955322265625,0.00324249267578125,0.00743865966796875,-0.16727733612060547,-0.034142494201660156,-0.00476837158203125,0.0986142620028594,0.0011080200422453072,0.14927989394619634,2.5502906307164683,-2.4595066004950303,2.0862663939844146,0.0986142620028594,0.0011080200422453072,0.14927989394619634,0.0008409736398895064,0.162985528953177,0.03707960395787836
1230,1778141776.1188915,1778141776.1194854,1778141776.1194854,15.971874,0.5939006805419922,0.00247955322265625,0.00324249267578125,0.00743865966796875,-0.16727733612060547,-0.034142494201660156,-0.00476837158203125,0.0986142620028594,0.0011080200422453072,0.14927989394619634,2.5502906307164683,-2.4595066004950303,2.0862663939844146,0.0986142620028594,0.0011080200422453072,0.14927989394619634,0.0008409736398895064,0.162985528953177,0.03707960395787836
1231,1778141776.1288588,1778141776.129994,1778141776.129994,15.982227,1.135110855102539,0.00247955322265625,0.00324249267578125,0.00743865966796875,-0.16727733612060547,-0.034142494201660156,-0.00476837158203125,0.0986142620028594,0.0011080200422453072,0.14927989394619634,2.5502906307164683,-2.4595066004950303,2.0862663939844146,0.0986142620028594,0.0011080200422453072,0.14927989394619634,0.0008409736398895064,0.162985528953177,0.03707960395787836
1232,1778141776.1388671,1778141776.1396923,1778141776.1396923,15.992476,0.8251667022705078,0.00247955322265625,0.00324249267578125,0.00705718994140625,-0.16727733612060547,-0.034142494201660156,-0.00476837158203125,0.09863137412531373,0.0011080615129798663,0.1491491933088813,2.5503938580129044,-2.4596337298462942,2.08553931537686,0.09863137412531373,0.0011080615129798663,0.1491491933088813,0.0008543479432886449,0.16336677034769248,0.037081773850933246
1233,1778141776.1488595,1778141776.1496592,1778141776.1496592,16.002855,0.7996559143066406,0.00247955322265625,0.00324249267578125,0.00743865966796875,-0.16727733612060547,-0.034142494201660156,-0.00476837158203125,0.0986142620028594,0.0011080200422453072,0.14927989394619634,2.5502906307164683,-2.4595066004950303,2.0862663939844146,0.0986142620028594,0.0011080200422453072,0.14927989394619634,0.0008409736398895064,0.162985528953177,0.03707960395787836
1234,1778141776.158891,1778141776.1598117,1778141776.1598117,16.013145,0.9207725524902344,0.00247955322265625,0.00324249267578125,0.00743865966796875,-0.16727733612060547,-0.034142494201660156,-0.00476837158203125,0.0986142620028594,0.0011080200422453072,0.14927989394619634,2.5502906307164683,-2.4595066004950303,2.0862663939844146,0.0986142620028594,0.0011080200422453072,0.14927989394619634,0.0008409736398895064,0.162985528953177,0.03707960395787836
1235,1778141776.1688712,1778141776.1698794,1778141776.1698794,16.023435,1.0082721710205078,0.00247955322265625,0.00324249267578125,0.00743865966796875,-0.16727733612060547,-0.034142494201660156,-0.00476837158203125,0.0986142620028594,0.0011080200422453072,0.14927989394619634,2.5502906307164683,-2.4595066004950303,2.0862663939844146,0.0986142620028594,0.0011080200422453072,0.14927989394619634,0.0008409736398895064,0.162985528953177,0.03707960395787836
1236,1778141776.178888,1778141776.1799002,1778141776.1799002,16.033752,1.0120868682861328,0.00247955322265625,0.00324249267578125,0.00743865966796875,-0.16727733612060547,-0.034142494201660156,-0.00476837158203125,0.0986142620028594,0.0011080200422453072,0.14927989394619634,2.5502906307164683,-2.4595066004950303,2.0862663939844146,0.0986142620028594,0.0011080200422453072,0.14927989394619634,0.0008409736398895064,0.162985528953177,0.03707960395787836
1237,1778141776.1888912,1778141776.1900609,1778141776.1900609,16.044063,1.1696815490722656,0.00247955322265625,0.00324249267578125,0.00743865966796875,-0.16727733612060547,-0.034142494201660156,-0.00476837158203125,0.0986142620028594,0.0011080200422453072,0.14927989394619634,2.5502906307164683,-2.4595066004950303,2.0862663939844146,0.0986142620028594,0.0011080200422453072,0.14927989394619634,0.0008409736398895064,0.162985528953177,0.03707960395787836
1238,1778141776.1988566,1778141776.1998048,1778141776.1998048,16.052269,0.9481906890869141,0.00247955322265625,0.00324249267578125,0.00743865966796875,-0.16727733612060547,-0.034142494201660156,-0.00476837158203125,0.0986142620028594,0.0011080200422453072,0.14927989394619634,2.5502906307164683,-2.4595066004950303,2.0862663939844146,0.0986142620028594,0.0011080200422453072,0.14927989394619634,0.0008409736398895064,0.162985528953177,0.03707960395787836
1239,1778141776.2088876,1778141776.2099292,1778141776.2099292,16.062599,1.0416507720947266,0.00247955322265625,0.00324249267578125,0.00743865966796875,-0.16727733612060547,-0.034142494201660156,-0.00476837158203125,0.0986142620028594,0.0011080200422453072,0.14927989394619634,2.5502906307164683,-2.4595066004950303,2.0862663939844146,0.0986142620028594,0.0011080200422453072,0.14927989394619634,0.0008409736398895064,0.162985528953177,0.03707960395787836
1240,1778141776.2189248,1778141776.2206016,1778141776.2206016,16.072869,1.676797866821289,0.00247955322265625,0.00324249267578125,0.00743865966796875,-0.16727733612060547,-0.034142494201660156,-0.00476837158203125,0.0986142620028594,0.0011080200422453072,0.14927989394619634,2.5502906307164683,-2.4595066004950303,2.0862663939844146,0.0986142620028594,0.0011080200422453072,0.14927989394619634,0.0008409736398895064,0.162985528953177,0.03707960395787836
1241,1778141776.2288826,1778141776.2302892,1778141776.2302892,16.083148,1.4066696166992188,0.00247955322265625,0.00324249267578125,0.00743865966796875,-0.16689586639404297,-0.034142494201660156,-0.00476837158203125,0.09862039791565635,0.001108035531025012,0.14931722927099367,2.5501872554294027,-2.4593793220268365,2.0869935397018646,0.09862039791565635,0.001108035531025012,0.14931722927099367,0.0008276010122516941,0.16260428753006206,0.03707743936769013
1242,1778141776.2389007,1778141776.2401042,1778141776.2401042,16.093454,1.2035369873046875,0.00247955322265625,0.00324249267578125,0.00743865966796875,-0.16727733612060547,-0.034142494201660156,-0.00476837158203125,0.0986142620028594,0.0011080200422453072,0.14927989394619634,2.5502906307164683,-2.4595066004950303,2.0862663939844146,0.0986142620028594,0.0011080200422453072,0.14927989394619634,0.0008409736398895064,0.162985528953177,0.03707960395787836
1243,1778141776.2489104,1778141776.2497807,1778141776.2497807,16.103765,0.8702278137207031,0.00247955322265625,0.00324249267578125,0.00743865966796875,-0.16727733612060547,-0.034142494201660156,-0.00476837158203125,0.0986142620028594,0.0011080200422453072,0.14927989394619634,2.5502906307164683,-2.4595066004950303,2.0862663939844146,0.0986142620028594,0.0011080200422453072,0.14927989394619634,0.0008409736398895064,0.162985528953177,0.03707960395787836
1244,1778141776.258857,1778141776.2596655,1778141776.2596655,16.112055,0.8084774017333984,0.00247955322265625,0.00324249267578125,0.00743865966796875,-0.16727733612060547,-0.034142494201660156,-0.00476837158203125,0.0986142620028594,0.0011080200422453072,0.14927989394619634,2.5502906307164683,-2.4595066004950303,2.0862663939844146,0.0986142620028594,0.0011080200422453072,0.14927989394619634,0.0008409736398895064,0.162985528953177,0.03707960395787836
1245,1778141776.2688665,1778141776.2697332,1778141776.2697332,16.122322,0.8666515350341797,0.00247955322265625,0.00324249267578125,0.00743865966796875,-0.16727733612060547,-0.034142494201660156,-0.00476837158203125,0.0986142620028594,0.0011080200422453072,0.14927989394619634,2.5502906307164683,-2.4595066004950303,2.0862663939844146,0.0986142620028594,0.0011080200422453072,0.14927989394619634,0.0008409736398895064,0.162985528953177,0.03707960395787836
1246,1778141776.2788894,1778141776.2802956,1778141776.2802956,16.13265,1.4061927795410156,0.00247955322265625,0.00324249267578125,0.00743865966796875,-0.16727733612060547,-0.034142494201660156,-0.00476837158203125,0.0986142620028594,0.0011080200422453072,0.14927989394619634,2.5502906307164683,-2.4595066004950303,2.0862663939844146,0.0986142620028594,0.0011080200422453072,0.14927989394619634,0.0008409736398895064,0.162985528953177,0.03707960395787836
1247,1778141776.2888625,1778141776.289833,1778141776.289833,16.142981,0.9706020355224609,0.00247955322265625,0.00324249267578125,0.00743865966796875,-0.16727733612060547,-0.034142494201660156,-0.00476837158203125,0.0986142620028594,0.0011080200422453072,0.14927989394619634,2.5502906307164683,-2.4595066004950303,2.0862663939844146,0.0986142620028594,0.0011080200422453072,0.14927989394619634,0.0008409736398895064,0.162985528953177,0.03707960395787836
1248,1778141776.29887,1778141776.3002155,1778141776.3002155,16.153271,1.3453960418701172,0.00247955322265625,0.00324249267578125,0.00743865966796875,-0.16727733612060547,-0.034142494201660156,-0.00476837158203125,0.0986142620028594,0.0011080200422453072,0.14927989394619634,2.5502906307164683,-2.4595066004950303,2.0862663939844146,0.0986142620028594,0.0011080200422453072,0.14927989394619634,0.0008409736398895064,0.162985528953177,0.03707960395787836
1249,1778141776.3088655,1778141776.3096943,1778141776.3096943,16.163576,0.8287429809570312,0.00247955322265625,0.00324249267578125,0.00743865966796875,-0.16727733612060547,-0.034142494201660156,-0.00476837158203125,0.0986142620028594,0.0011080200422453072,0.14927989394619634,2.5502906307164683,-2.4595066004950303,2.0862663939844146,0.0986142620028594,0.0011080200422453072,0.14927989394619634,0.0008409736398895064,0.162985528953177,0.03707960395787836
1250,1778141776.31889,1778141776.3196878,1778141776.3196878,16.173866,0.7977485656738281,0.00247955322265625,0.00324249267578125,0.00743865966796875,-0.16727733612060547,-0.034142494201660156,-0.00476837158203125,0.0986142620028594,0.0011080200422453072,0.14927989394619634,2.5502906307164683,-2.4595066004950303,2.0862663939844146,0.0986142620028594,0.0011080200422453072,0.14927989394619634,0.0008409736398895064,0.162985528953177,0.03707960395787836
1251,1778141776.3288572,1778141776.3298013,1778141776.3298013,16.182168,0.9441375732421875,0.00247955322265625,0.00324249267578125,0.00743865966796875,-0.16727733612060547,-0.034142494201660156,-0.00476837158203125,0.0986142620028594,0.0011080200422453072,0.14927989394619634,2.5502906307164683,-2.4595066004950303,2.0862663939844146,0.0986142620028594,0.0011080200422453072,0.14927989394619634,0.0008409736398895064,0.162985528953177,0.03707960395787836
1252,1778141776.3388417,1778141776.3391995,1778141776.3391995,16.192455,0.3578662872314453,0.00247955322265625,0.00324249267578125,0.00705718994140625,-0.16727733612060547,-0.034142494201660156,-0.00476837158203125,0.09863137412531373,0.0011080615129798663,0.1491491933088813,2.5503938580129044,-2.4596337298462942,2.08553931537686,0.09863137412531373,0.0011080615129798663,0.1491491933088813,0.0008543479432886449,0.16336677034769248,0.037081773850933246
1253,1778141776.34885,1778141776.34957,1778141776.34957,16.202798,0.7200241088867188,0.00247955322265625,0.00324249267578125,0.00743865966796875,-0.16727733612060547,-0.034142494201660156,-0.00476837158203125,0.0986142620028594,0.0011080200422453072,0.14927989394619634,2.5502906307164683,-2.4595066004950303,2.0862663939844146,0.0986142620028594,0.0011080200422453072,0.14927989394619634,0.0008409736398895064,0.162985528953177,0.03707960395787836
1254,1778141776.3588696,1778141776.359638,1778141776.359638,16.213068,0.7684230804443359,0.00247955322265625,0.00324249267578125,0.00743865966796875,-0.16727733612060547,-0.034142494201660156,-0.00476837158203125,0.0986142620028594,0.0011080200422453072,0.14927989394619634,2.5502906307164683,-2.4595066004950303,2.0862663939844146,0.0986142620028594,0.0011080200422453072,0.14927989394619634,0.0008409736398895064,0.162985528953177,0.03707960395787836
1255,1778141776.368872,1778141776.3695865,1778141776.3695865,16.223372,0.7145404815673828,0.00247955322265625,0.00324249267578125,0.00743865966796875,-0.16727733612060547,-0.034142494201660156,-0.00476837158203125,0.0986142620028594,0.0011080200422453072,0.14927989394619634,2.5502906307164683,-2.4595066004950303,2.0862663939844146,0.0986142620028594,0.0011080200422453072,0.14927989394619634,0.0008409736398895064,0.162985528953177,0.03707960395787836
1256,1778141776.3788722,1778141776.3796988,1778141776.3796988,16.233666,0.8265972137451172,0.00247955322265625,0.00324249267578125,0.00743865966796875,-0.16727733612060547,-0.034142494201660156,-0.00476837158203125,0.0986142620028594,0.0011080200422453072,0.14927989394619634,2.5502906307164683,-2.4595066004950303,2.0862663939844146,0.0986142620028594,0.0011080200422453072,0.14927989394619634,0.0008409736398895064,0.162985528953177,0.03707960395787836
1257,1778141776.3888502,1778141776.389816,1778141776.389816,16.244034,0.9658336639404297,0.00247955322265625,0.00324249267578125,0.00743865966796875,-0.16727733612060547,-0.034142494201660156,-0.00476837158203125,0.0986142620028594,0.0011080200422453072,0.14927989394619634,2.5502906307164683,-2.4595066004950303,2.0862663939844146,0.0986142620028594,0.0011080200422453072,0.14927989394619634,0.0008409736398895064,0.162985528953177,0.03707960395787836
1258,1778141776.3990061,1778141776.4000893,1778141776.4000893,16.254273,1.0831356048583984,0.00247955322265625,0.00324249267578125,0.00743865966796875,-0.16727733612060547,-0.034142494201660156,-0.00476837158203125,0.0986142620028594,0.0011080200422453072,0.14927989394619634,2.5502906307164683,-2.4595066004950303,2.0862663939844146,0.0986142620028594,0.0011080200422453072,0.14927989394619634,0.0008409736398895064,0.162985528953177,0.03707960395787836
1259,1778141776.4088905,1778141776.4097524,1778141776.4097524,16.262551,0.8618831634521484,0.00247955322265625,0.00324249267578125,0.00743865966796875,-0.16727733612060547,-0.034142494201660156,-0.00476837158203125,0.0986142620028594,0.0011080200422453072,0.14927989394619634,2.5502906307164683,-2.4595066004950303,2.0862663939844146,0.0986142620028594,0.0011080200422453072,0.14927989394619634,0.0008409736398895064,0.162985528953177,0.03707960395787836
1260,1778141776.4189167,1778141776.419668,1778141776.419668,16.272865,0.7512569427490234,0.00247955322265625,0.00324249267578125,0.00743865966796875,-0.16727733612060547,-0.034142494201660156,-0.00476837158203125,0.0986142620028594,0.0011080200422453072,0.14927989394619634,2.5502906307164683,-2.4595066004950303,2.0862663939844146,0.0986142620028594,0.0011080200422453072,0.14927989394619634,0.0008409736398895064,0.162985528953177,0.03707960395787836
1261,1778141776.428951,1778141776.4300795,1778141776.4300795,16.283145,1.1284351348876953,0.00247955322265625,0.00324249267578125,0.00705718994140625,-0.16727733612060547,-0.034142494201660156,-0.00476837158203125,0.09863137412531373,0.0011080615129798663,0.1491491933088813,2.5503938580129044,-2.4596337298462942,2.08553931537686,0.09863137412531373,0.0011080615129798663,0.1491491933088813,0.0008543479432886449,0.16336677034769248,0.037081773850933246
1262,1778141776.4389029,1778141776.4397233,1778141776.4397233,16.293431,0.8203983306884766,0.00247955322265625,0.00324249267578125,0.00743865966796875,-0.16727733612060547,-0.034142494201660156,-0.00476837158203125,0.0986142620028594,0.0011080200422453072,0.14927989394619634,2.5502906307164683,-2.4595066004950303,2.0862663939844146,0.0986142620028594,0.0011080200422453072,0.14927989394619634,0.0008409736398895064,0.162985528953177,0.03707960395787836
1263,1778141776.4488626,1778141776.449957,1778141776.449957,16.303734,1.0943412780761719,0.00247955322265625,0.00324249267578125,0.00743865966796875,-0.16727733612060547,-0.034142494201660156,-0.00476837158203125,0.0986142620028594,0.0011080200422453072,0.14927989394619634,2.5502906307164683,-2.4595066004950303,2.0862663939844146,0.0986142620028594,0.0011080200422453072,0.14927989394619634,0.0008409736398895064,0.162985528953177,0.03707960395787836
1264,1778141776.4589415,1778141776.4602401,1778141776.4602401,16.314065,1.298666000366211,0.00247955322265625,0.00324249267578125,0.00743865966796875,-0.16727733612060547,-0.034142494201660156,-0.00476837158203125,0.0986142620028594,0.0011080200422453072,0.14927989394619634,2.5502906307164683,-2.4595066004950303,2.0862663939844146,0.0986142620028594,0.0011080200422453072,0.14927989394619634,0.0008409736398895064,0.162985528953177,0.03707960395787836
1265,1778141776.4689817,1778141776.4698446,1778141776.4698446,16.322267,0.8628368377685547,0.00247955322265625,0.00324249267578125,0.00743865966796875,-0.16727733612060547,-0.034142494201660156,-0.00476837158203125,0.0986142620028594,0.0011080200422453072,0.14927989394619634,2.5502906307164683,-2.4595066004950303,2.0862663939844146,0.0986142620028594,0.0011080200422453072,0.14927989394619634,0.0008409736398895064,0.162985528953177,0.03707960395787836
1266,1778141776.4788918,1778141776.4795146,1778141776.4795146,16.33257,0.6227493286132812,0.00247955322265625,0.00324249267578125,0.00705718994140625,-0.16727733612060547,-0.034142494201660156,-0.00476837158203125,0.09863137412531373,0.0011080615129798663,0.1491491933088813,2.5503938580129044,-2.4596337298462942,2.08553931537686,0.09863137412531373,0.0011080615129798663,0.1491491933088813,0.0008543479432886449,0.16336677034769248,0.037081773850933246
1267,1778141776.4888809,1778141776.4896479,1778141776.4896479,16.342869,0.7669925689697266,0.00247955322265625,0.00324249267578125,0.00743865966796875,-0.16727733612060547,-0.034142494201660156,-0.00476837158203125,0.0986142620028594,0.0011080200422453072,0.14927989394619634,2.5502906307164683,-2.4595066004950303,2.0862663939844146,0.0986142620028594,0.0011080200422453072,0.14927989394619634,0.0008409736398895064,0.162985528953177,0.03707960395787836
1268,1778141776.4988976,1778141776.4995363,1778141776.4995363,16.353207,0.6387233734130859,0.00247955322265625,0.00324249267578125,0.00743865966796875,-0.16689586639404297,-0.034142494201660156,-0.00476837158203125,0.09862039791565635,0.001108035531025012,0.14931722927099367,2.5501872554294027,-2.4593793220268365,2.0869935397018646,0.09862039791565635,0.001108035531025012,0.14931722927099367,0.0008276010122516941,0.16260428753006206,0.03707743936769013
1269,1778141776.5088866,1778141776.5095816,1778141776.5095816,16.363475,0.6949901580810547,0.00247955322265625,0.00324249267578125,0.00743865966796875,-0.16689586639404297,-0.034142494201660156,-0.00476837158203125,0.09862039791565635,0.001108035531025012,0.14931722927099367,2.5501872554294027,-2.4593793220268365,2.0869935397018646,0.09862039791565635,0.001108035531025012,0.14931722927099367,0.0008276010122516941,0.16260428753006206,0.03707743936769013
1270,1778141776.5188878,1778141776.5199049,1778141776.5199049,16.373852,1.0170936584472656,0.00247955322265625,0.00324249267578125,0.00743865966796875,-0.16727733612060547,-0.034142494201660156,-0.00476837158203125,0.0986142620028594,0.0011080200422453072,0.14927989394619634,2.5502906307164683,-2.4595066004950303,2.0862663939844146,0.0986142620028594,0.0011080200422453072,0.14927989394619634,0.0008409736398895064,0.162985528953177,0.03707960395787836
1271,1778141776.5289116,1778141776.529824,1778141776.529824,16.382068,0.9124279022216797,0.00247955322265625,0.00324249267578125,0.00743865966796875,-0.16727733612060547,-0.034142494201660156,-0.00476837158203125,0.0986142620028594,0.0011080200422453072,0.14927989394619634,2.5502906307164683,-2.4595066004950303,2.0862663939844146,0.0986142620028594,0.0011080200422453072,0.14927989394619634,0.0008409736398895064,0.162985528953177,0.03707960395787836
1272,1778141776.5388675,1778141776.5399783,1778141776.5399783,16.392375,1.1107921600341797,0.00247955322265625,0.00324249267578125,0.00743865966796875,-0.16727733612060547,-0.034142494201660156,-0.00476837158203125,0.0986142620028594,0.0011080200422453072,0.14927989394619634,2.5502906307164683,-2.4595066004950303,2.0862663939844146,0.0986142620028594,0.0011080200422453072,0.14927989394619634,0.0008409736398895064,0.162985528953177,0.03707960395787836
1273,1778141776.548859,1778141776.5498405,1778141776.5498405,16.402664,0.9815692901611328,0.00247955322265625,0.00324249267578125,0.00705718994140625,-0.16727733612060547,-0.034142494201660156,-0.00476837158203125,0.09863137412531373,0.0011080615129798663,0.1491491933088813,2.5503938580129044,-2.4596337298462942,2.08553931537686,0.09863137412531373,0.0011080615129798663,0.1491491933088813,0.0008543479432886449,0.16336677034769248,0.037081773850933246
1274,1778141776.5588868,1778141776.559654,1778141776.559654,16.413011,0.7672309875488281,0.00247955322265625,0.00324249267578125,0.00743865966796875,-0.16727733612060547,-0.034142494201660156,-0.00476837158203125,0.0986142620028594,0.0011080200422453072,0.14927989394619634,2.5502906307164683,-2.4595066004950303,2.0862663939844146,0.0986142620028594,0.0011080200422453072,0.14927989394619634,0.0008409736398895064,0.162985528953177,0.03707960395787836
1275,1778141776.5688517,1778141776.5696166,1778141776.5696166,16.423272,0.7648468017578125,0.00247955322265625,0.00324249267578125,0.00743865966796875,-0.16727733612060547,-0.034142494201660156,-0.00476837158203125,0.0986142620028594,0.0011080200422453072,0.14927989394619634,2.5502906307164683,-2.4595066004950303,2.0862663939844146,0.0986142620028594,0.0011080200422453072,0.14927989394619634,0.0008409736398895064,0.162985528953177,0.03707960395787836
1276,1778141776.578892,1778141776.5795925,1778141776.5795925,16.433575,0.7004737854003906,0.00247955322265625,0.00324249267578125,0.00743865966796875,-0.16727733612060547,-0.034142494201660156,-0.00476837158203125,0.0986142620028594,0.0011080200422453072,0.14927989394619634,2.5502906307164683,-2.4595066004950303,2.0862663939844146,0.0986142620028594,0.0011080200422453072,0.14927989394619634,0.0008409736398895064,0.162985528953177,0.03707960395787836
1277,1778141776.5888565,1778141776.5895593,1778141776.5895593,16.443852,0.7028579711914062,0.00247955322265625,0.00324249267578125,0.00705718994140625,-0.16727733612060547,-0.034142494201660156,-0.00476837158203125,0.09863137412531373,0.0011080615129798663,0.1491491933088813,2.5503938580129044,-2.4596337298462942,2.08553931537686,0.09863137412531373,0.0011080615129798663,0.1491491933088813,0.0008543479432886449,0.16336677034769248,0.037081773850933246
1278,1778141776.5988767,1778141776.599731,1778141776.599731,16.454074,0.8542537689208984,0.00247955322265625,0.00324249267578125,0.00743865966796875,-0.16689586639404297,-0.034142494201660156,-0.00476837158203125,0.09862039791565635,0.001108035531025012,0.14931722927099367,2.5501872554294027,-2.4593793220268365,2.0869935397018646,0.09862039791565635,0.001108035531025012,0.14931722927099367,0.0008276010122516941,0.16260428753006206,0.03707743936769013
1279,1778141776.6088488,1778141776.6099622,1778141776.6099622,16.462276,1.1134147644042969,0.00247955322265625,0.00324249267578125,0.00705718994140625,-0.16727733612060547,-0.034142494201660156,-0.00476837158203125,0.09863137412531373,0.0011080615129798663,0.1491491933088813,2.5503938580129044,-2.4596337298462942,2.08553931537686,0.09863137412531373,0.0011080615129798663,0.1491491933088813,0.0008543479432886449,0.16336677034769248,0.037081773850933246
1280,1778141776.6188505,1778141776.6197238,1778141776.6197238,16.472626,0.8733272552490234,0.00247955322265625,0.00324249267578125,0.00743865966796875,-0.16727733612060547,-0.034142494201660156,-0.00476837158203125,0.0986142620028594,0.0011080200422453072,0.14927989394619634,2.5502906307164683,-2.4595066004950303,2.0862663939844146,0.0986142620028594,0.0011080200422453072,0.14927989394619634,0.0008409736398895064,0.162985528953177,0.03707960395787836
1281,1778141776.6288927,1778141776.6297479,1778141776.6297479,16.483071,0.8552074432373047,0.00247955322265625,0.00324249267578125,0.00743865966796875,-0.16727733612060547,-0.034142494201660156,-0.00476837158203125,0.0986142620028594,0.0011080200422453072,0.14927989394619634,2.5502906307164683,-2.4595066004950303,2.0862663939844146,0.0986142620028594,0.0011080200422453072,0.14927989394619634,0.0008409736398895064,0.162985528953177,0.03707960395787836
1282,1778141776.638879,1778141776.6401772,1778141776.6401772,16.493472,1.2981891632080078,0.00247955322265625,0.00324249267578125,0.00743865966796875,-0.16727733612060547,-0.034142494201660156,-0.00476837158203125,0.0986142620028594,0.0011080200422453072,0.14927989394619634,2.5502906307164683,-2.4595066004950303,2.0862663939844146,0.0986142620028594,0.0011080200422453072,0.14927989394619634,0.0008409736398895064,0.162985528953177,0.03707960395787836
1283,1778141776.648866,1778141776.6495914,1778141776.6495914,16.503758,0.7255077362060547,0.00247955322265625,0.00324249267578125,0.00743865966796875,-0.16727733612060547,-0.034142494201660156,-0.00476837158203125,0.0986142620028594,0.0011080200422453072,0.14927989394619634,2.5502906307164683,-2.4595066004950303,2.0862663939844146,0.0986142620028594,0.0011080200422453072,0.14927989394619634,0.0008409736398895064,0.162985528953177,0.03707960395787836
1284,1778141776.6588588,1778141776.6597617,1778141776.6597617,16.512018,0.9028911590576172,0.00247955322265625,0.00324249267578125,0.00743865966796875,-0.16727733612060547,-0.034142494201660156,-0.00476837158203125,0.0986142620028594,0.0011080200422453072,0.14927989394619634,2.5502906307164683,-2.4595066004950303,2.0862663939844146,0.0986142620028594,0.0011080200422453072,0.14927989394619634,0.0008409736398895064,0.162985528953177,0.03707960395787836
1285,1778141776.6688685,1778141776.6697073,1778141776.6697073,16.522264,0.8387565612792969,0.00247955322265625,0.00324249267578125,0.00743865966796875,-0.16727733612060547,-0.034142494201660156,-0.00476837158203125,0.0986142620028594,0.0011080200422453072,0.14927989394619634,2.5502906307164683,-2.4595066004950303,2.0862663939844146,0.0986142620028594,0.0011080200422453072,0.14927989394619634,0.0008409736398895064,0.162985528953177,0.03707960395787836
1286,1778141776.6788554,1778141776.679692,1778141776.679692,16.53257,0.8366107940673828,0.00247955322265625,0.00324249267578125,0.00743865966796875,-0.16727733612060547,-0.034142494201660156,-0.00476837158203125,0.0986142620028594,0.0011080200422453072,0.14927989394619634,2.5502906307164683,-2.4595066004950303,2.0862663939844146,0.0986142620028594,0.0011080200422453072,0.14927989394619634,0.0008409736398895064,0.162985528953177,0.03707960395787836
1287,1778141776.688889,1778141776.6895049,1778141776.6895049,16.542865,0.6158351898193359,0.00247955322265625,0.00324249267578125,0.00705718994140625,-0.16727733612060547,-0.034142494201660156,-0.00476837158203125,0.09863137412531373,0.0011080615129798663,0.1491491933088813,2.5503938580129044,-2.4596337298462942,2.08553931537686,0.09863137412531373,0.0011080615129798663,0.1491491933088813,0.0008543479432886449,0.16336677034769248,0.037081773850933246
1288,1778141776.6988854,1778141776.699828,1778141776.699828,16.553272,0.9424686431884766,0.00247955322265625,0.00324249267578125,0.00705718994140625,-0.16727733612060547,-0.034142494201660156,-0.00476837158203125,0.09863137412531373,0.0011080615129798663,0.1491491933088813,2.5503938580129044,-2.4596337298462942,2.08553931537686,0.09863137412531373,0.0011080615129798663,0.1491491933088813,0.0008543479432886449,0.16336677034769248,0.037081773850933246
1289,1778141776.708851,1778141776.709441,1778141776.709441,16.563581,0.5898475646972656,0.00247955322265625,0.00324249267578125,0.00743865966796875,-0.16727733612060547,-0.034142494201660156,-0.00476837158203125,0.0986142620028594,0.0011080200422453072,0.14927989394619634,2.5502906307164683,-2.4595066004950303,2.0862663939844146,0.0986142620028594,0.0011080200422453072,0.14927989394619634,0.0008409736398895064,0.162985528953177,0.03707960395787836
1290,1778141776.7189639,1778141776.7198095,1778141776.7198095,16.573866,0.8456707000732422,0.00247955322265625,0.00324249267578125,0.00743865966796875,-0.16689586639404297,-0.034142494201660156,-0.00476837158203125,0.09862039791565635,0.001108035531025012,0.14931722927099367,2.5501872554294027,-2.4593793220268365,2.0869935397018646,0.09862039791565635,0.001108035531025012,0.14931722927099367,0.0008276010122516941,0.16260428753006206,0.03707743936769013
1291,1778141776.7289672,1778141776.7300677,1778141776.7300677,16.582154,1.1005401611328125,0.00247955322265625,0.00324249267578125,0.00705718994140625,-0.16727733612060547,-0.034142494201660156,-0.00476837158203125,0.09863137412531373,0.0011080615129798663,0.1491491933088813,2.5503938580129044,-2.4596337298462942,2.08553931537686,0.09863137412531373,0.0011080615129798663,0.1491491933088813,0.0008543479432886449,0.16336677034769248,0.037081773850933246
1292,1778141776.7389019,1778141776.7393503,1778141776.7393503,16.592377,0.44846534729003906,0.00247955322265625,0.00324249267578125,0.00743865966796875,-0.16727733612060547,-0.034142494201660156,-0.00476837158203125,0.0986142620028594,0.0011080200422453072,0.14927989394619634,2.5502906307164683,-2.4595066004950303,2.0862663939844146,0.0986142620028594,0.0011080200422453072,0.14927989394619634,0.0008409736398895064,0.162985528953177,0.03707960395787836
1293,1778141776.748856,1778141776.7493854,1778141776.7493854,16.602761,0.5292892456054688,0.00247955322265625,0.00324249267578125,0.00743865966796875,-0.16727733612060547,-0.034142494201660156,-0.00476837158203125,0.0986142620028594,0.0011080200422453072,0.14927989394619634,2.5502906307164683,-2.4595066004950303,2.0862663939844146,0.0986142620028594,0.0011080200422453072,0.14927989394619634,0.0008409736398895064,0.162985528953177,0.03707960395787836
1294,1778141776.7588992,1778141776.759666,1778141776.759666,16.613075,0.766754150390625,0.00247955322265625,0.00324249267578125,0.00743865966796875,-0.16727733612060547,-0.034142494201660156,-0.00476837158203125,0.0986142620028594,0.0011080200422453072,0.14927989394619634,2.5502906307164683,-2.4595066004950303,2.0862663939844146,0.0986142620028594,0.0011080200422453072,0.14927989394619634,0.0008409736398895064,0.162985528953177,0.03707960395787836
1295,1778141776.7689884,1778141776.7697072,1778141776.7697072,16.623326,0.7188320159912109,0.00247955322265625,0.00324249267578125,0.00743865966796875,-0.16727733612060547,-0.034142494201660156,-0.00476837158203125,0.0986142620028594,0.0011080200422453072,0.14927989394619634,2.5502906307164683,-2.4595066004950303,2.0862663939844146,0.0986142620028594,0.0011080200422453072,0.14927989394619634,0.0008409736398895064,0.162985528953177,0.03707960395787836
1296,1778141776.7789907,1778141776.7799191,1778141776.7799191,16.633653,0.9284019470214844,0.00247955322265625,0.00324249267578125,0.00705718994140625,-0.16727733612060547,-0.034142494201660156,-0.00476837158203125,0.09863137412531373,0.0011080615129798663,0.1491491933088813,2.5503938580129044,-2.4596337298462942,2.08553931537686,0.09863137412531373,0.0011080615129798663,0.1491491933088813,0.0008543479432886449,0.16336677034769248,0.037081773850933246
1297,1778141776.7888925,1778141776.7896843,1778141776.7896843,16.641963,0.7917881011962891,0.00247955322265625,0.00324249267578125,0.00705718994140625,-0.16727733612060547,-0.034142494201660156,-0.00476837158203125,0.0986142620028594,0.0011080200422453072,0.14927989394619634,2.5502906307164683,-2.4595066004950303,2.0862663939844146,0.0986142620028594,0.0011080200422453072,0.14927989394619634,0.0008409736398895064,0.162985528953177,0.03707960395787836
1298,1778141776.7989953,1778141776.7997026,1778141776.7997026,16.652231,0.7073879241943359,0.00247955322265625,0.00324249267578125,0.00705718994140625,-0.16727733612060547,-0.034142494201660156,-0.00476837158203125,0.09863137412531373,0.0011080615129798663,0.1491491933088813,2.5503938580129044,-2.4596337298462942,2.08553931537686,0.09863137412531373,0.0011080615129798663,0.1491491933088813,0.0008543479432886449,0.16336677034769248,0.037081773850933246
1299,1778141776.8088937,1778141776.8095047,1778141776.8095047,16.662494,0.6110668182373047,0.00247955322265625,0.00324249267578125,0.00705718994140625,-0.16727733612060547,-0.034142494201660156,-0.00476837158203125,0.09863137412531373,0.0011080615129798663,0.1491491933088813,2.5503938580129044,-2.4596337298462942,2.08553931537686,0.09863137412531373,0.0011080615129798663,0.1491491933088813,0.0008543479432886449,0.16336677034769248,0.037081773850933246
1300,1778141776.8188825,1778141776.8199396,1778141776.8199396,16.672827,1.0571479797363281,0.00247955322265625,0.00324249267578125,0.00743865966796875,-0.16727733612060547,-0.034142494201660156,-0.00476837158203125,0.0986142620028594,0.0011080200422453072,0.14927989394619634,2.5502906307164683,-2.4595066004950303,2.0862663939844146,0.0986142620028594,0.0011080200422453072,0.14927989394619634,0.0008409736398895064,0.162985528953177,0.03707960395787836
1301,1778141776.8288543,1778141776.8295,1778141776.8295,16.683073,0.6456375122070312,0.00247955322265625,0.00324249267578125,0.00743865966796875,-0.16727733612060547,-0.034142494201660156,-0.00476837158203125,0.0986142620028594,0.0011080200422453072,0.14927989394619634,2.5502906307164683,-2.4595066004950303,2.0862663939844146,0.0986142620028594,0.0011080200422453072,0.14927989394619634,0.0008409736398895064,0.162985528953177,0.03707960395787836
1302,1778141776.8390844,1778141776.8400507,1778141776.8400507,16.693392,0.9663105010986328,0.00247955322265625,0.00324249267578125,0.00743865966796875,-0.16727733612060547,-0.034142494201660156,-0.00476837158203125,0.0986142620028594,0.0011080200422453072,0.14927989394619634,2.5502906307164683,-2.4595066004950303,2.0862663939844146,0.0986142620028594,0.0011080200422453072,0.14927989394619634,0.0008409736398895064,0.162985528953177,0.03707960395787836
1303,1778141776.8488874,1778141776.8495822,1778141776.8495822,16.703666,0.6947517395019531,0.00247955322265625,0.00324249267578125,0.00743865966796875,-0.16727733612060547,-0.034142494201660156,-0.00476837158203125,0.0986142620028594,0.0011080200422453072,0.14927989394619634,2.5502906307164683,-2.4595066004950303,2.0862663939844146,0.0986142620028594,0.0011080200422453072,0.14927989394619634,0.0008409736398895064,0.162985528953177,0.03707960395787836
1304,1778141776.8588705,1778141776.8600686,1778141776.8600686,16.714037,1.1980533599853516,0.00247955322265625,0.00324249267578125,0.00743865966796875,-0.16727733612060547,-0.034142494201660156,-0.00476837158203125,0.0986142620028594,0.0011080200422453072,0.14927989394619634,2.5502906307164683,-2.4595066004950303,2.0862663939844146,0.0986142620028594,0.0011080200422453072,0.14927989394619634,0.0008409736398895064,0.162985528953177,0.03707960395787836
1305,1778141776.868997,1778141776.8697166,1778141776.8697166,16.722232,0.7195472717285156,0.00247955322265625,0.00324249267578125,0.00743865966796875,-0.16727733612060547,-0.034142494201660156,-0.00476837158203125,0.0986142620028594,0.0011080200422453072,0.14927989394619634,2.5502906307164683,-2.4595066004950303,2.0862663939844146,0.0986142620028594,0.0011080200422453072,0.14927989394619634,0.0008409736398895064,0.162985528953177,0.03707960395787836
1306,1778141776.8788586,1778141776.8799143,1778141776.8799143,16.732571,1.0557174682617188,0.00247955322265625,0.00324249267578125,0.00743865966796875,-0.16727733612060547,-0.034142494201660156,-0.00476837158203125,0.0986142620028594,0.0011080200422453072,0.14927989394619634,2.5502906307164683,-2.4595066004950303,2.0862663939844146,0.0986142620028594,0.0011080200422453072,0.14927989394619634,0.0008409736398895064,0.162985528953177,0.03707960395787836
1307,1778141776.8889008,1778141776.8895915,1778141776.8895915,16.742868,0.6906986236572266,0.00247955322265625,0.00324249267578125,0.00743865966796875,-0.16727733612060547,-0.034142494201660156,-0.00476837158203125,0.0986142620028594,0.0011080200422453072,0.14927989394619634,2.5502906307164683,-2.4595066004950303,2.0862663939844146,0.0986142620028594,0.0011080200422453072,0.14927989394619634,0.0008409736398895064,0.162985528953177,0.03707960395787836
1308,1778141776.8989143,1778141776.8997486,1778141776.8997486,16.753073,0.8342266082763672,0.00247955322265625,0.00324249267578125,0.00743865966796875,-0.16727733612060547,-0.034142494201660156,-0.00476837158203125,0.0986142620028594,0.0011080200422453072,0.14927989394619634,2.5502906307164683,-2.4595066004950303,2.0862663939844146,0.0986142620028594,0.0011080200422453072,0.14927989394619634,0.0008409736398895064,0.162985528953177,0.03707960395787836
1309,1778141776.908855,1778141776.9093573,1778141776.9093573,16.763329,0.5023479461669922,0.00247955322265625,0.00324249267578125,0.00705718994140625,-0.16727733612060547,-0.034142494201660156,-0.00476837158203125,0.09863137412531373,0.0011080615129798663,0.1491491933088813,2.5503938580129044,-2.4596337298462942,2.08553931537686,0.09863137412531373,0.0011080615129798663,0.1491491933088813,0.0008543479432886449,0.16336677034769248,0.037081773850933246
1310,1778141776.9189785,1778141776.9194715,1778141776.9194715,16.773658,0.49304962158203125,0.00247955322265625,0.00324249267578125,0.00743865966796875,-0.16727733612060547,-0.034142494201660156,-0.00476837158203125,0.0986142620028594,0.0011080200422453072,0.14927989394619634,2.5502906307164683,-2.4595066004950303,2.0862663939844146,0.0986142620028594,0.0011080200422453072,0.14927989394619634,0.0008409736398895064,0.162985528953177,0.03707960395787836
1311,1778141776.9289827,1778141776.9297938,1778141776.9297938,16.783989,0.8111000061035156,0.00247955322265625,0.00324249267578125,0.00743865966796875,-0.16727733612060547,-0.034142494201660156,-0.00476837158203125,0.0986142620028594,0.0011080200422453072,0.14927989394619634,2.5502906307164683,-2.4595066004950303,2.0862663939844146,0.0986142620028594,0.0011080200422453072,0.14927989394619634,0.0008409736398895064,0.162985528953177,0.03707960395787836
1312,1778141776.93897,1778141776.9395647,1778141776.9395647,16.792247,0.5946159362792969,0.00247955322265625,0.00324249267578125,0.00705718994140625,-0.16727733612060547,-0.034142494201660156,-0.00476837158203125,0.09863137412531373,0.0011080615129798663,0.1491491933088813,2.5503938580129044,-2.4596337298462942,2.08553931537686,0.09863137412531373,0.0011080615129798663,0.1491491933088813,0.0008543479432886449,0.16336677034769248,0.037081773850933246
1313,1778141776.9489892,1778141776.9496841,1778141776.9496841,16.802489,0.6949901580810547,0.00247955322265625,0.00324249267578125,0.00743865966796875,-0.16727733612060547,-0.034142494201660156,-0.00476837158203125,0.0986142620028594,0.0011080200422453072,0.14927989394619634,2.5502906307164683,-2.4595066004950303,2.0862663939844146,0.0986142620028594,0.0011080200422453072,0.14927989394619634,0.0008409736398895064,0.162985528953177,0.03707960395787836
1314,1778141776.9588668,1778141776.9592636,1778141776.9592636,16.812776,0.396728515625,0.00247955322265625,0.00324249267578125,0.00743865966796875,-0.16727733612060547,-0.034142494201660156,-0.00476837158203125,0.0986142620028594,0.0011080200422453072,0.14927989394619634,2.5502906307164683,-2.4595066004950303,2.0862663939844146,0.0986142620028594,0.0011080200422453072,0.14927989394619634,0.0008409736398895064,0.162985528953177,0.03707960395787836
1315,1778141776.9688733,1778141776.9697242,1778141776.9697242,16.823074,0.8509159088134766,0.00247955322265625,0.00324249267578125,0.00743865966796875,-0.16727733612060547,-0.034142494201660156,-0.00476837158203125,0.0986142620028594,0.0011080200422453072,0.14927989394619634,2.5502906307164683,-2.4595066004950303,2.0862663939844146,0.0986142620028594,0.0011080200422453072,0.14927989394619634,0.0008409736398895064,0.162985528953177,0.03707960395787836
1316,1778141776.9788835,1778141776.9800584,1778141776.9800584,16.833382,1.1749267578125,0.00247955322265625,0.00324249267578125,0.00743865966796875,-0.16727733612060547,-0.034142494201660156,-0.00476837158203125,0.0986142620028594,0.0011080200422453072,0.14927989394619634,2.5502906307164683,-2.4595066004950303,2.0862663939844146,0.0986142620028594,0.0011080200422453072,0.14927989394619634,0.0008409736398895064,0.162985528953177,0.03707960395787836
1317,1778141776.9889195,1778141776.9897616,1778141776.9897616,16.843666,0.8420944213867188,0.00247955322265625,0.00324249267578125,0.00743865966796875,-0.16727733612060547,-0.034142494201660156,-0.00476837158203125,0.0986142620028594,0.0011080200422453072,0.14927989394619634,2.5502906307164683,-2.4595066004950303,2.0862663939844146,0.0986142620028594,0.0011080200422453072,0.14927989394619634,0.0008409736398895064,0.162985528953177,0.03707960395787836
1318,1778141776.998869,1778141776.999748,1778141776.999748,16.851986,0.8790493011474609,0.00247955322265625,0.00324249267578125,0.00743865966796875,-0.16727733612060547,-0.034142494201660156,-0.00476837158203125,0.0986142620028594,0.0011080200422453072,0.14927989394619634,2.5502906307164683,-2.4595066004950303,2.0862663939844146,0.0986142620028594,0.0011080200422453072,0.14927989394619634,0.0008409736398895064,0.162985528953177,0.03707960395787836
1319,1778141777.008886,1778141777.0096052,1778141777.0096052,16.862244,0.7190704345703125,0.00247955322265625,0.00324249267578125,0.00705718994140625,-0.16727733612060547,-0.034142494201660156,-0.00476837158203125,0.09863137412531373,0.0011080615129798663,0.1491491933088813,2.5503938580129044,-2.4596337298462942,2.08553931537686,0.09863137412531373,0.0011080615129798663,0.1491491933088813,0.0008543479432886449,0.16336677034769248,0.037081773850933246
1320,1778141777.018875,1778141777.0195332,1778141777.0195332,16.872568,0.6582736968994141,0.00247955322265625,0.00324249267578125,0.00743865966796875,-0.16727733612060547,-0.034142494201660156,-0.00476837158203125,0.0986142620028594,0.0011080200422453072,0.14927989394619634,2.5502906307164683,-2.4595066004950303,2.0862663939844146,0.0986142620028594,0.0011080200422453072,0.14927989394619634,0.0008409736398895064,0.162985528953177,0.03707960395787836
1321,1778141777.0290496,1778141777.0298297,1778141777.0298297,16.882834,0.7801055908203125,0.00247955322265625,0.00324249267578125,0.00743865966796875,-0.16727733612060547,-0.034142494201660156,-0.00476837158203125,0.0986142620028594,0.0011080200422453072,0.14927989394619634,2.5502906307164683,-2.4595066004950303,2.0862663939844146,0.0986142620028594,0.0011080200422453072,0.14927989394619634,0.0008409736398895064,0.162985528953177,0.03707960395787836
1322,1778141777.0388541,1778141777.0393522,1778141777.0393522,16.893184,0.49805641174316406,0.00247955322265625,0.00324249267578125,0.00743865966796875,-0.16727733612060547,-0.034142494201660156,-0.00476837158203125,0.0986142620028594,0.0011080200422453072,0.14927989394619634,2.5502906307164683,-2.4595066004950303,2.0862663939844146,0.0986142620028594,0.0011080200422453072,0.14927989394619634,0.0008409736398895064,0.162985528953177,0.03707960395787836
1323,1778141777.0488963,1778141777.0495613,1778141777.0495613,16.903447,0.6649494171142578,0.00247955322265625,0.00324249267578125,0.00743865966796875,-0.16727733612060547,-0.034142494201660156,-0.00476837158203125,0.0986142620028594,0.0011080200422453072,0.14927989394619634,2.5502906307164683,-2.4595066004950303,2.0862663939844146,0.0986142620028594,0.0011080200422453072,0.14927989394619634,0.0008409736398895064,0.162985528953177,0.03707960395787836
1324,1778141777.0589895,1778141777.059925,1778141777.059925,16.91372,0.9355545043945312,0.00247955322265625,0.00324249267578125,0.00705718994140625,-0.16689586639404297,-0.034142494201660156,-0.00476837158203125,0.0986375242799163,0.001108077037056082,0.14918652629028972,2.5502906307164683,-2.4595066004950303,2.0862663939844146,0.0986375242799163,0.001108077037056082,0.14918652629028972,0.0008409736398895065,0.16298552895317697,0.03707960395787836
1325,1778141777.0688918,1778141777.0695424,1778141777.0695424,16.922032,0.6506443023681641,0.00247955322265625,0.00324249267578125,0.00743865966796875,-0.16727733612060547,-0.034142494201660156,-0.00476837158203125,0.0986142620028594,0.0011080200422453072,0.14927989394619634,2.5502906307164683,-2.4595066004950303,2.0862663939844146,0.0986142620028594,0.0011080200422453072,0.14927989394619634,0.0008409736398895064,0.162985528953177,0.03707960395787836
1326,1778141777.07889,1778141777.0792928,1778141777.0792928,16.932278,0.40268898010253906,0.00247955322265625,0.00324249267578125,0.00743865966796875,-0.16727733612060547,-0.034142494201660156,-0.00476837158203125,0.0986142620028594,0.0011080200422453072,0.14927989394619634,2.5502906307164683,-2.4595066004950303,2.0862663939844146,0.0986142620028594,0.0011080200422453072,0.14927989394619634,0.0008409736398895064,0.162985528953177,0.03707960395787836
1327,1778141777.0888963,1778141777.0892737,1778141777.0892737,16.942665,0.37741661071777344,0.00247955322265625,0.00324249267578125,0.00743865966796875,-0.16727733612060547,-0.034142494201660156,-0.00476837158203125,0.0986142620028594,0.0011080200422453072,0.14927989394619634,2.5502906307164683,-2.4595066004950303,2.0862663939844146,0.0986142620028594,0.0011080200422453072,0.14927989394619634,0.0008409736398895064,0.162985528953177,0.03707960395787836
1328,1778141777.09886,1778141777.0994337,1778141777.0994337,16.953015,0.5736351013183594,0.00247955322265625,0.00324249267578125,0.00743865966796875,-0.16727733612060547,-0.034142494201660156,-0.00476837158203125,0.0986142620028594,0.0011080200422453072,0.14927989394619634,2.5502906307164683,-2.4595066004950303,2.0862663939844146,0.0986142620028594,0.0011080200422453072,0.14927989394619634,0.0008409736398895064,0.162985528953177,0.03707960395787836
1329,1778141777.1089041,1778141777.1100974,1778141777.1100974,16.96328,1.1932849884033203,0.00247955322265625,0.00324249267578125,0.00743865966796875,-0.16727733612060547,-0.034142494201660156,-0.00476837158203125,0.0986142620028594,0.0011080200422453072,0.14927989394619634,2.5502906307164683,-2.4595066004950303,2.0862663939844146,0.0986142620028594,0.0011080200422453072,0.14927989394619634,0.0008409736398895064,0.162985528953177,0.03707960395787836
1330,1778141777.1188931,1778141777.1197367,1778141777.1197367,16.973579,0.8435249328613281,0.00247955322265625,0.00324249267578125,0.00743865966796875,-0.16727733612060547,-0.034142494201660156,-0.00476837158203125,0.0986142620028594,0.0011080200422453072,0.14927989394619634,2.5502906307164683,-2.4595066004950303,2.0862663939844146,0.0986142620028594,0.0011080200422453072,0.14927989394619634,0.0008409736398895064,0.162985528953177,0.03707960395787836
1331,1778141777.1288464,1778141777.1295848,1778141777.1295848,16.983868,0.7383823394775391,0.00247955322265625,0.00324249267578125,0.00743865966796875,-0.16727733612060547,-0.034142494201660156,-0.00476837158203125,0.0986142620028594,0.0011080200422453072,0.14927989394619634,2.5502906307164683,-2.4595066004950303,2.0862663939844146,0.0986142620028594,0.0011080200422453072,0.14927989394619634,0.0008409736398895064,0.162985528953177,0.03707960395787836
1332,1778141777.1389039,1778141777.139717,1778141777.139717,16.992073,0.8132457733154297,0.00247955322265625,0.00324249267578125,0.00743865966796875,-0.16727733612060547,-0.034142494201660156,-0.00476837158203125,0.0986142620028594,0.0011080200422453072,0.14927989394619634,2.5502906307164683,-2.4595066004950303,2.0862663939844146,0.0986142620028594,0.0011080200422453072,0.14927989394619634,0.0008409736398895064,0.162985528953177,0.03707960395787836
1333,1778141777.1489758,1778141777.149909,1778141777.149909,17.002466,0.9331703186035156,0.00247955322265625,0.00324249267578125,0.00743865966796875,-0.16727733612060547,-0.034142494201660156,-0.00476837158203125,0.0986142620028594,0.0011080200422453072,0.14927989394619634,2.5502906307164683,-2.4595066004950303,2.0862663939844146,0.0986142620028594,0.0011080200422453072,0.14927989394619634,0.0008409736398895064,0.162985528953177,0.03707960395787836
1334,1778141777.1588774,1778141777.1597884,1778141777.1597884,17.012794,0.9109973907470703,0.00247955322265625,0.00324249267578125,0.00743865966796875,-0.16727733612060547,-0.034142494201660156,-0.00476837158203125,0.0986142620028594,0.0011080200422453072,0.14927989394619634,2.5502906307164683,-2.4595066004950303,2.0862663939844146,0.0986142620028594,0.0011080200422453072,0.14927989394619634,0.0008409736398895064,0.162985528953177,0.03707960395787836
1335,1778141777.1688535,1778141777.1695585,1778141777.1695585,17.02307,0.7050037384033203,0.00247955322265625,0.00324249267578125,0.00743865966796875,-0.16727733612060547,-0.034142494201660156,-0.00476837158203125,0.0986142620028594,0.0011080200422453072,0.14927989394619634,2.5502906307164683,-2.4595066004950303,2.0862663939844146,0.0986142620028594,0.0011080200422453072,0.14927989394619634,0.0008409736398895064,0.162985528953177,0.03707960395787836
1336,1778141777.1788747,1778141777.1800494,1778141777.1800494,17.033421,1.1746883392333984,0.00247955322265625,0.00324249267578125,0.00743865966796875,-0.16727733612060547,-0.034142494201660156,-0.00476837158203125,0.0986142620028594,0.0011080200422453072,0.14927989394619634,2.5502906307164683,-2.4595066004950303,2.0862663939844146,0.0986142620028594,0.0011080200422453072,0.14927989394619634,0.0008409736398895064,0.162985528953177,0.03707960395787836
1337,1778141777.1888964,1778141777.1899927,1778141777.1899927,17.043746,1.0962486267089844,0.00247955322265625,0.00324249267578125,0.00743865966796875,-0.16727733612060547,-0.034142494201660156,-0.00476837158203125,0.0986142620028594,0.0011080200422453072,0.14927989394619634,2.5502906307164683,-2.4595066004950303,2.0862663939844146,0.0986142620028594,0.0011080200422453072,0.14927989394619634,0.0008409736398895064,0.162985528953177,0.03707960395787836
1338,1778141777.198866,1778141777.1997287,1778141777.1997287,17.053991,0.8628368377685547,0.00247955322265625,0.00324249267578125,0.00743865966796875,-0.16727733612060547,-0.034142494201660156,-0.00476837158203125,0.0986142620028594,0.0011080200422453072,0.14927989394619634,2.5502906307164683,-2.4595066004950303,2.0862663939844146,0.0986142620028594,0.0011080200422453072,0.14927989394619634,0.0008409736398895064,0.162985528953177,0.03707960395787836
1339,1778141777.208853,1778141777.20955,1778141777.20955,17.062225,0.6968975067138672,0.00247955322265625,0.00324249267578125,0.00743865966796875,-0.16727733612060547,-0.034142494201660156,-0.00476837158203125,0.0986142620028594,0.0011080200422453072,0.14927989394619634,2.5502906307164683,-2.4595066004950303,2.0862663939844146,0.0986142620028594,0.0011080200422453072,0.14927989394619634,0.0008409736398895064,0.162985528953177,0.03707960395787836
1340,1778141777.218887,1778141777.2195592,1778141777.2195592,17.072525,0.6721019744873047,0.00247955322265625,0.00324249267578125,0.00705718994140625,-0.16727733612060547,-0.034142494201660156,-0.00476837158203125,0.09863137412531373,0.0011080615129798663,0.1491491933088813,2.5503938580129044,-2.4596337298462942,2.08553931537686,0.09863137412531373,0.0011080615129798663,0.1491491933088813,0.0008543479432886449,0.16336677034769248,0.037081773850933246
1341,1778141777.2288897,1778141777.229632,1778141777.229632,17.082814,0.7421970367431641,0.00247955322265625,0.00324249267578125,0.00705718994140625,-0.16727733612060547,-0.034142494201660156,-0.00476837158203125,0.09863137412531373,0.0011080615129798663,0.1491491933088813,2.5503938580129044,-2.4596337298462942,2.08553931537686,0.09863137412531373,0.0011080615129798663,0.1491491933088813,0.0008543479432886449,0.16336677034769248,0.037081773850933246
1342,1778141777.2388663,1778141777.2397232,1778141777.2397232,17.093068,0.8568763732910156,0.00247955322265625,0.00324249267578125,0.00743865966796875,-0.16727733612060547,-0.034142494201660156,-0.00476837158203125,0.0986142620028594,0.0011080200422453072,0.14927989394619634,2.5502906307164683,-2.4595066004950303,2.0862663939844146,0.0986142620028594,0.0011080200422453072,0.14927989394619634,0.0008409736398895064,0.162985528953177,0.03707960395787836
1343,1778141777.2488763,1778141777.2501414,1778141777.2501414,17.103367,1.2650489807128906,0.00247955322265625,0.00324249267578125,0.00743865966796875,-0.16727733612060547,-0.034142494201660156,-0.00476837158203125,0.0986142620028594,0.0011080200422453072,0.14927989394619634,2.5502906307164683,-2.4595066004950303,2.0862663939844146,0.0986142620028594,0.0011080200422453072,0.14927989394619634,0.0008409736398895064,0.162985528953177,0.03707960395787836
1344,1778141777.2590237,1778141777.260474,1778141777.260474,17.113747,1.4503002166748047,0.00247955322265625,0.00324249267578125,0.00743865966796875,-0.16727733612060547,-0.034142494201660156,-0.00476837158203125,0.0986142620028594,0.0011080200422453072,0.14927989394619634,2.5502906307164683,-2.4595066004950303,2.0862663939844146,0.0986142620028594,0.0011080200422453072,0.14927989394619634,0.0008409736398895064,0.162985528953177,0.03707960395787836
1345,1778141777.26899,1778141777.2701483,1778141777.2701483,17.124006,1.1582374572753906,0.00247955322265625,0.00324249267578125,0.00743865966796875,-0.16727733612060547,-0.034142494201660156,-0.00476837158203125,0.0986142620028594,0.0011080200422453072,0.14927989394619634,2.5502906307164683,-2.4595066004950303,2.0862663939844146,0.0986142620028594,0.0011080200422453072,0.14927989394619634,0.0008409736398895064,0.162985528953177,0.03707960395787836
1346,1778141777.27899,1778141777.2801123,1778141777.2801123,17.13426,1.1222362518310547,0.00247955322265625,0.00324249267578125,0.00743865966796875,-0.16727733612060547,-0.034142494201660156,-0.00476837158203125,0.0986142620028594,0.0011080200422453072,0.14927989394619634,2.5502906307164683,-2.4595066004950303,2.0862663939844146,0.0986142620028594,0.0011080200422453072,0.14927989394619634,0.0008409736398895064,0.162985528953177,0.03707960395787836
1347,1778141777.288878,1778141777.289927,1778141777.289927,17.142476,1.049041748046875,0.00247955322265625,0.00324249267578125,0.00743865966796875,-0.16727733612060547,-0.034142494201660156,-0.00476837158203125,0.0986142620028594,0.0011080200422453072,0.14927989394619634,2.5502906307164683,-2.4595066004950303,2.0862663939844146,0.0986142620028594,0.0011080200422453072,0.14927989394619634,0.0008409736398895064,0.162985528953177,0.03707960395787836
1348,1778141777.2989671,1778141777.2998364,1778141777.2998364,17.15287,0.8692741394042969,0.00247955322265625,0.00324249267578125,0.00705718994140625,-0.16727733612060547,-0.034142494201660156,-0.00476837158203125,0.09863137412531373,0.0011080615129798663,0.1491491933088813,2.5503938580129044,-2.4596337298462942,2.08553931537686,0.09863137412531373,0.0011080615129798663,0.1491491933088813,0.0008543479432886449,0.16336677034769248,0.037081773850933246
1349,1778141777.3089907,1778141777.3097236,1778141777.3097236,17.163167,0.7328987121582031,0.00247955322265625,0.00324249267578125,0.00743865966796875,-0.16727733612060547,-0.034142494201660156,-0.00476837158203125,0.0986142620028594,0.0011080200422453072,0.14927989394619634,2.5502906307164683,-2.4595066004950303,2.0862663939844146,0.0986142620028594,0.0011080200422453072,0.14927989394619634,0.0008409736398895064,0.162985528953177,0.03707960395787836
1350,1778141777.3188577,1778141777.3198235,1778141777.3198235,17.17344,0.9658336639404297,0.00247955322265625,0.00324249267578125,0.00743865966796875,-0.16727733612060547,-0.034142494201660156,-0.00476837158203125,0.0986142620028594,0.0011080200422453072,0.14927989394619634,2.5502906307164683,-2.4595066004950303,2.0862663939844146,0.0986142620028594,0.0011080200422453072,0.14927989394619634,0.0008409736398895064,0.162985528953177,0.03707960395787836
1351,1778141777.328893,1778141777.3300624,1778141777.3300624,17.183774,1.169443130493164,0.00247955322265625,0.00324249267578125,0.00705718994140625,-0.16727733612060547,-0.034142494201660156,-0.00476837158203125,0.09863137412531373,0.0011080615129798663,0.1491491933088813,2.5503938580129044,-2.4596337298462942,2.08553931537686,0.09863137412531373,0.0011080615129798663,0.1491491933088813,0.0008543479432886449,0.16336677034769248,0.037081773850933246
1352,1778141777.3388789,1778141777.33978,1778141777.33978,17.194054,0.9012222290039062,0.00247955322265625,0.00324249267578125,0.00705718994140625,-0.16727733612060547,-0.034142494201660156,-0.00476837158203125,0.09863137412531373,0.0011080615129798663,0.1491491933088813,2.5503938580129044,-2.4596337298462942,2.08553931537686,0.09863137412531373,0.0011080615129798663,0.1491491933088813,0.0008543479432886449,0.16336677034769248,0.037081773850933246
1353,1778141777.348888,1778141777.3497796,1778141777.3497796,17.202274,0.8916854858398438,0.00247955322265625,0.00324249267578125,0.00743865966796875,-0.16727733612060547,-0.034142494201660156,-0.00476837158203125,0.0986142620028594,0.0011080200422453072,0.14927989394619634,2.5502906307164683,-2.4595066004950303,2.0862663939844146,0.0986142620028594,0.0011080200422453072,0.14927989394619634,0.0008409736398895064,0.162985528953177,0.03707960395787836
1354,1778141777.3588886,1778141777.3595674,1778141777.3595674,17.212625,0.6787776947021484,0.00247955322265625,0.00324249267578125,0.00743865966796875,-0.16727733612060547,-0.034142494201660156,-0.00476837158203125,0.0986142620028594,0.0011080200422453072,0.14927989394619634,2.5502906307164683,-2.4595066004950303,2.0862663939844146,0.0986142620028594,0.0011080200422453072,0.14927989394619634,0.0008409736398895064,0.162985528953177,0.03707960395787836
1355,1778141777.3688724,1778141777.3694685,1778141777.3694685,17.222965,0.5960464477539062,0.00247955322265625,0.00324249267578125,0.00743865966796875,-0.16727733612060547,-0.034142494201660156,-0.00476837158203125,0.0986142620028594,0.0011080200422453072,0.14927989394619634,2.5502906307164683,-2.4595066004950303,2.0862663939844146,0.0986142620028594,0.0011080200422453072,0.14927989394619634,0.0008409736398895064,0.162985528953177,0.03707960395787836
1356,1778141777.3788903,1778141777.3798008,1778141777.3798008,17.233276,0.9105205535888672,0.00247955322265625,0.00324249267578125,0.00743865966796875,-0.16727733612060547,-0.034142494201660156,-0.00476837158203125,0.0986142620028594,0.0011080200422453072,0.14927989394619634,2.5502906307164683,-2.4595066004950303,2.0862663939844146,0.0986142620028594,0.0011080200422453072,0.14927989394619634,0.0008409736398895064,0.162985528953177,0.03707960395787836
1357,1778141777.3888729,1778141777.3894284,1778141777.3894284,17.243619,0.5555152893066406,0.00247955322265625,0.00324249267578125,0.00743865966796875,-0.16727733612060547,-0.034142494201660156,-0.00476837158203125,0.0986142620028594,0.0011080200422453072,0.14927989394619634,2.5502906307164683,-2.4595066004950303,2.0862663939844146,0.0986142620028594,0.0011080200422453072,0.14927989394619634,0.0008409736398895064,0.162985528953177,0.03707960395787836
1358,1778141777.3988552,1778141777.3996243,1778141777.3996243,17.251849,0.7691383361816406,0.00247955322265625,0.00324249267578125,0.00743865966796875,-0.16727733612060547,-0.034142494201660156,-0.00476837158203125,0.09863137412531373,0.0011080615129798663,0.1491491933088813,2.5503938580129044,-2.4596337298462942,2.08553931537686,0.09863137412531373,0.0011080615129798663,0.1491491933088813,0.0008543479432886449,0.16336677034769248,0.037081773850933246
1359,1778141777.40889,1778141777.4094267,1778141777.4094267,17.262156,0.5366802215576172,0.00247955322265625,0.00324249267578125,0.00743865966796875,-0.16727733612060547,-0.034142494201660156,-0.00476837158203125,0.0986142620028594,0.0011080200422453072,0.14927989394619634,2.5502906307164683,-2.4595066004950303,2.0862663939844146,0.0986142620028594,0.0011080200422453072,0.14927989394619634,0.0008409736398895064,0.162985528953177,0.03707960395787836
1360,1778141777.418902,1778141777.419988,1778141777.419988,17.272415,1.0859966278076172,0.00247955322265625,0.00324249267578125,0.00743865966796875,-0.16689586639404297,-0.034142494201660156,-0.00476837158203125,0.09862039791565635,0.001108035531025012,0.14931722927099367,2.5501872554294027,-2.4593793220268365,2.0869935397018646,0.09862039791565635,0.001108035531025012,0.14931722927099367,0.0008276010122516941,0.16260428753006206,0.03707743936769013
1361,1778141777.428875,1778141777.429489,1778141777.429489,17.282742,0.6139278411865234,0.00247955322265625,0.00324249267578125,0.00743865966796875,-0.16727733612060547,-0.034142494201660156,-0.00476837158203125,0.0986142620028594,0.0011080200422453072,0.14927989394619634,2.5502906307164683,-2.4595066004950303,2.0862663939844146,0.0986142620028594,0.0011080200422453072,0.14927989394619634,0.0008409736398895064,0.162985528953177,0.03707960395787836
1362,1778141777.4389012,1778141777.4398181,1778141777.4398181,17.293069,0.9169578552246094,0.00247955322265625,0.00324249267578125,0.00743865966796875,-0.16727733612060547,-0.034142494201660156,-0.00476837158203125,0.0986142620028594,0.0011080200422453072,0.14927989394619634,2.5502906307164683,-2.4595066004950303,2.0862663939844146,0.0986142620028594,0.0011080200422453072,0.14927989394619634,0.0008409736398895064,0.162985528953177,0.03707960395787836
1363,1778141777.448907,1778141777.4498188,1778141777.4498188,17.303325,0.9119510650634766,0.00247955322265625,0.00324249267578125,0.00743865966796875,-0.16727733612060547,-0.034142494201660156,-0.00476837158203125,0.0986142620028594,0.0011080200422453072,0.14927989394619634,2.5502906307164683,-2.4595066004950303,2.0862663939844146,0.0986142620028594,0.0011080200422453072,0.14927989394619634,0.0008409736398895064,0.162985528953177,0.03707960395787836
1364,1778141777.4588664,1778141777.459688,1778141777.459688,17.313648,0.8215904235839844,0.00247955322265625,0.00324249267578125,0.00743865966796875,-0.16727733612060547,-0.034142494201660156,-0.00476837158203125,0.0986142620028594,0.0011080200422453072,0.14927989394619634,2.5502906307164683,-2.4595066004950303,2.0862663939844146,0.0986142620028594,0.0011080200422453072,0.14927989394619634,0.0008409736398895064,0.162985528953177,0.03707960395787836
1365,1778141777.4688869,1778141777.4696443,1778141777.4696443,17.321866,0.7574558258056641,0.00247955322265625,0.00324249267578125,0.00743865966796875,-0.16727733612060547,-0.034142494201660156,-0.00476837158203125,0.0986142620028594,0.0011080200422453072,0.14927989394619634,2.5502906307164683,-2.4595066004950303,2.0862663939844146,0.0986142620028594,0.0011080200422453072,0.14927989394619634,0.0008409736398895064,0.162985528953177,0.03707960395787836
1366,1778141777.478983,1778141777.479706,1778141777.479706,17.332208,0.7231235504150391,0.00247955322265625,0.00324249267578125,0.00743865966796875,-0.16727733612060547,-0.034142494201660156,-0.00476837158203125,0.0986142620028594,0.0011080200422453072,0.14927989394619634,2.5502906307164683,-2.4595066004950303,2.0862663939844146,0.0986142620028594,0.0011080200422453072,0.14927989394619634,0.0008409736398895064,0.162985528953177,0.03707960395787836
1367,1778141777.4889548,1778141777.4896572,1778141777.4896572,17.342469,0.7023811340332031,0.00247955322265625,0.00324249267578125,0.00743865966796875,-0.16727733612060547,-0.034142494201660156,-0.00476837158203125,0.0986142620028594,0.0011080200422453072,0.14927989394619634,2.5502906307164683,-2.4595066004950303,2.0862663939844146,0.0986142620028594,0.0011080200422453072,0.14927989394619634,0.0008409736398895064,0.162985528953177,0.03707960395787836
1368,1778141777.4988766,1778141777.4995997,1778141777.4995997,17.352851,0.7231235504150391,0.00247955322265625,0.00324249267578125,0.00705718994140625,-0.16727733612060547,-0.034142494201660156,-0.00476837158203125,0.09863137412531373,0.0011080615129798663,0.1491491933088813,2.5503938580129044,-2.4596337298462942,2.08553931537686,0.09863137412531373,0.0011080615129798663,0.1491491933088813,0.0008543479432886449,0.16336677034769248,0.037081773850933246
1369,1778141777.508842,1778141777.5093343,1778141777.5093343,17.363171,0.49233436584472656,0.00247955322265625,0.00324249267578125,0.00743865966796875,-0.16727733612060547,-0.034142494201660156,-0.00476837158203125,0.0986142620028594,0.0011080200422453072,0.14927989394619634,2.5502906307164683,-2.4595066004950303,2.0862663939844146,0.0986142620028594,0.0011080200422453072,0.14927989394619634,0.0008409736398895064,0.162985528953177,0.03707960395787836
1370,1778141777.5188448,1778141777.5194347,1778141777.5194347,17.373442,0.5898475646972656,0.00247955322265625,0.00324249267578125,0.00743865966796875,-0.16727733612060547,-0.034142494201660156,-0.00476837158203125,0.0986142620028594,0.0011080200422453072,0.14927989394619634,2.5502906307164683,-2.4595066004950303,2.0862663939844146,0.0986142620028594,0.0011080200422453072,0.14927989394619634,0.0008409736398895064,0.162985528953177,0.03707960395787836
1371,1778141777.5288727,1778141777.5300853,1778141777.5300853,17.383776,1.2125968933105469,0.00247955322265625,0.00324249267578125,0.00743865966796875,-0.16727733612060547,-0.034142494201660156,-0.00476837158203125,0.0986142620028594,0.0011080200422453072,0.14927989394619634,2.5502906307164683,-2.4595066004950303,2.0862663939844146,0.0986142620028594,0.0011080200422453072,0.14927989394619634,0.0008409736398895064,0.162985528953177,0.03707960395787836
1372,1778141777.5388815,1778141777.5395026,1778141777.5395026,17.392056,0.6210803985595703,0.00247955322265625,0.00324249267578125,0.00743865966796875,-0.16727733612060547,-0.034142494201660156,-0.00476837158203125,0.0986142620028594,0.0011080200422453072,0.14927989394619634,2.5502906307164683,-2.4595066004950303,2.0862663939844146,0.0986142620028594,0.0011080200422453072,0.14927989394619634,0.0008409736398895064,0.162985528953177,0.03707960395787836
1373,1778141777.5488577,1778141777.5496264,1778141777.5496264,17.40227,0.7686614990234375,0.00247955322265625,0.00324249267578125,0.00743865966796875,-0.16727733612060547,-0.034142494201660156,-0.00476837158203125,0.0986142620028594,0.0011080200422453072,0.14927989394619634,2.5502906307164683,-2.4595066004950303,2.0862663939844146,0.0986142620028594,0.0011080200422453072,0.14927989394619634,0.0008409736398895064,0.162985528953177,0.03707960395787836
1374,1778141777.558878,1778141777.5599236,1778141777.5599236,17.412596,1.0457038879394531,0.00247955322265625,0.00324249267578125,0.00743865966796875,-0.16727733612060547,-0.034142494201660156,-0.00476837158203125,0.0986142620028594,0.0011080200422453072,0.14927989394619634,2.5502906307164683,-2.4595066004950303,2.0862663939844146,0.0986142620028594,0.0011080200422453072,0.14927989394619634,0.0008409736398895064,0.162985528953177,0.03707960395787836
1375,1778141777.5688856,1778141777.5696735,1778141777.5696735,17.422932,0.7879734039306641,0.00247955322265625,0.00324249267578125,0.00743865966796875,-0.16727733612060547,-0.034142494201660156,-0.00476837158203125,0.0986142620028594,0.0011080200422453072,0.14927989394619634,2.5502906307164683,-2.4595066004950303,2.0862663939844146,0.0986142620028594,0.0011080200422453072,0.14927989394619634,0.0008409736398895064,0.162985528953177,0.03707960395787836
1376,1778141777.578899,1778141777.5795436,1778141777.5795436,17.433264,0.644683837890625,0.00247955322265625,0.00324249267578125,0.00743865966796875,-0.16727733612060547,-0.034142494201660156,-0.00476837158203125,0.0986142620028594,0.0011080200422453072,0.14927989394619634,2.5502906307164683,-2.4595066004950303,2.0862663939844146,0.0986142620028594,0.0011080200422453072,0.14927989394619634,0.0008409736398895064,0.162985528953177,0.03707960395787836
1377,1778141777.5888925,1778141777.5897965,1778141777.5897965,17.443574,0.904083251953125,0.00247955322265625,0.00324249267578125,0.00743865966796875,-0.16689586639404297,-0.034142494201660156,-0.00476837158203125,0.09862039791565635,0.001108035531025012,0.14931722927099367,2.5501872554294027,-2.4593793220268365,2.0869935397018646,0.09862039791565635,0.001108035531025012,0.14931722927099367,0.0008276010122516941,0.16260428753006206,0.03707743936769013
1378,1778141777.5989087,1778141777.6000538,1778141777.6000538,17.453861,1.1451244354248047,0.00247955322265625,0.00324249267578125,0.00743865966796875,-0.16727733612060547,-0.034142494201660156,-0.00476837158203125,0.0986142620028594,0.0011080200422453072,0.14927989394619634,2.5502906307164683,-2.4595066004950303,2.0862663939844146,0.0986142620028594,0.0011080200422453072,0.14927989394619634,0.0008409736398895064,0.162985528953177,0.03707960395787836
1379,1778141777.6088665,1778141777.6099138,1778141777.6099138,17.462068,1.047372817993164,0.00247955322265625,0.00324249267578125,0.00743865966796875,-0.16727733612060547,-0.034142494201660156,-0.00476837158203125,0.0986142620028594,0.0011080200422453072,0.14927989394619634,2.5502906307164683,-2.4595066004950303,2.0862663939844146,0.0986142620028594,0.0011080200422453072,0.14927989394619634,0.0008409736398895064,0.162985528953177,0.03707960395787836
1380,1778141777.6188643,1778141777.6198385,1778141777.6198385,17.472366,0.9741783142089844,0.00247955322265625,0.00324249267578125,0.00743865966796875,-0.16727733612060547,-0.034142494201660156,-0.00476837158203125,0.0986142620028594,0.0011080200422453072,0.14927989394619634,2.5502906307164683,-2.4595066004950303,2.0862663939844146,0.0986142620028594,0.0011080200422453072,0.14927989394619634,0.0008409736398895064,0.162985528953177,0.03707960395787836
1381,1778141777.6289177,1778141777.630252,1778141777.630252,17.482664,1.3341903686523438,0.00247955322265625,0.00324249267578125,0.00743865966796875,-0.16727733612060547,-0.034142494201660156,-0.00476837158203125,0.0986142620028594,0.0011080200422453072,0.14927989394619634,2.5502906307164683,-2.4595066004950303,2.0862663939844146,0.0986142620028594,0.0011080200422453072,0.14927989394619634,0.0008409736398895064,0.162985528953177,0.03707960395787836
1382,1778141777.6390007,1778141777.6399996,1778141777.6399996,17.493,0.9989738464355469,0.00247955322265625,0.00324249267578125,0.00743865966796875,-0.16727733612060547,-0.034142494201660156,-0.00476837158203125,0.0986142620028594,0.0011080200422453072,0.14927989394619634,2.5502906307164683,-2.4595066004950303,2.0862663939844146,0.0986142620028594,0.0011080200422453072,0.14927989394619634,0.0008409736398895064,0.162985528953177,0.03707960395787836
1383,1778141777.6488929,1778141777.6501942,1778141777.6501942,17.503271,1.3012886047363281,0.00247955322265625,0.00324249267578125,0.00743865966796875,-0.16727733612060547,-0.034142494201660156,-0.00476837158203125,0.0986142620028594,0.0011080200422453072,0.14927989394619634,2.5502906307164683,-2.4595066004950303,2.0862663939844146,0.0986142620028594,0.0011080200422453072,0.14927989394619634,0.0008409736398895064,0.162985528953177,0.03707960395787836
1384,1778141777.6588717,1778141777.6596916,1778141777.6596916,17.51356,0.8199214935302734,0.00247955322265625,0.00324249267578125,0.00743865966796875,-0.16727733612060547,-0.034142494201660156,-0.00476837158203125,0.0986142620028594,0.0011080200422453072,0.14927989394619634,2.5502906307164683,-2.4595066004950303,2.0862663939844146,0.0986142620028594,0.0011080200422453072,0.14927989394619634,0.0008409736398895064,0.162985528953177,0.03707960395787836
1385,1778141777.6689088,1778141777.670184,1778141777.670184,17.523874,1.2750625610351562,0.00247955322265625,0.00324249267578125,0.00743865966796875,-0.16727733612060547,-0.034142494201660156,-0.00476837158203125,0.0986142620028594,0.0011080200422453072,0.14927989394619634,2.5502906307164683,-2.4595066004950303,2.0862663939844146,0.0986142620028594,0.0011080200422453072,0.14927989394619634,0.0008409736398895064,0.162985528953177,0.03707960395787836
1386,1778141777.6788533,1778141777.6796074,1778141777.6796074,17.532135,0.7541179656982422,0.00247955322265625,0.00324249267578125,0.00743865966796875,-0.16727733612060547,-0.034142494201660156,-0.00476837158203125,0.0986142620028594,0.0011080200422453072,0.14927989394619634,2.5502906307164683,-2.4595066004950303,2.0862663939844146,0.0986142620028594,0.0011080200422453072,0.14927989394619634,0.0008409736398895064,0.162985528953177,0.03707960395787836
1387,1778141777.688966,1778141777.689798,1778141777.689798,17.542383,0.8320808410644531,0.00247955322265625,0.00324249267578125,0.00743865966796875,-0.16727733612060547,-0.034142494201660156,-0.00476837158203125,0.0986142620028594,0.0011080200422453072,0.14927989394619634,2.5502906307164683,-2.4595066004950303,2.0862663939844146,0.0986142620028594,0.0011080200422453072,0.14927989394619634,0.0008409736398895064,0.162985528953177,0.03707960395787836
1388,1778141777.6988835,1778141777.699789,1778141777.699789,17.552666,0.9055137634277344,0.00247955322265625,0.00324249267578125,0.00743865966796875,-0.16727733612060547,-0.034142494201660156,-0.00476837158203125,0.0986142620028594,0.0011080200422453072,0.14927989394619634,2.5502906307164683,-2.4595066004950303,2.0862663939844146,0.0986142620028594,0.0011080200422453072,0.14927989394619634,0.0008409736398895064,0.162985528953177,0.03707960395787836
1389,1778141777.7088523,1778141777.709701,1778141777.709701,17.563039,0.8487701416015625,0.00247955322265625,0.00324249267578125,0.00743865966796875,-0.16727733612060547,-0.034142494201660156,-0.00476837158203125,0.0986142620028594,0.0011080200422453072,0.14927989394619634,2.5502906307164683,-2.4595066004950303,2.0862663939844146,0.0986142620028594,0.0011080200422453072,0.14927989394619634,0.0008409736398895064,0.162985528953177,0.03707960395787836
1390,1778141777.718996,1778141777.7203505,1778141777.7203505,17.57327,1.3544559478759766,0.00247955322265625,0.00324249267578125,0.00743865966796875,-0.16727733612060547,-0.034142494201660156,-0.00476837158203125,0.0986142620028594,0.0011080200422453072,0.14927989394619634,2.5502906307164683,-2.4595066004950303,2.0862663939844146,0.0986142620028594,0.0011080200422453072,0.14927989394619634,0.0008409736398895064,0.162985528953177,0.03707960395787836
1391,1778141777.7289002,1778141777.729744,1778141777.729744,17.58359,0.8437633514404297,0.00247955322265625,0.00324249267578125,0.00743865966796875,-0.16727733612060547,-0.034142494201660156,-0.00476837158203125,0.0986142620028594,0.0011080200422453072,0.14927989394619634,2.5502906307164683,-2.4595066004950303,2.0862663939844146,0.0986142620028594,0.0011080200422453072,0.14927989394619634,0.0008409736398895064,0.162985528953177,0.03707960395787836
1392,1778141777.7388635,1778141777.739648,1778141777.739648,17.593868,0.7846355438232422,0.00247955322265625,0.00324249267578125,0.00743865966796875,-0.16727733612060547,-0.034142494201660156,-0.00476837158203125,0.0986142620028594,0.0011080200422453072,0.14927989394619634,2.5502906307164683,-2.4595066004950303,2.0862663939844146,0.0986142620028594,0.0011080200422453072,0.14927989394619634,0.0008409736398895064,0.162985528953177,0.03707960395787836
1393,1778141777.7488897,1778141777.7496161,1778141777.7496161,17.602227,0.7264614105224609,0.00247955322265625,0.00324249267578125,0.00743865966796875,-0.16727733612060547,-0.034142494201660156,-0.00476837158203125,0.0986142620028594,0.0011080200422453072,0.14927989394619634,2.5502906307164683,-2.4595066004950303,2.0862663939844146,0.0986142620028594,0.0011080200422453072,0.14927989394619634,0.0008409736398895064,0.162985528953177,0.03707960395787836
1394,1778141777.758858,1778141777.7594588,1778141777.7594588,17.612438,0.6008148193359375,0.00247955322265625,0.00324249267578125,0.00743865966796875,-0.16727733612060547,-0.034142494201660156,-0.00476837158203125,0.0986142620028594,0.0011080200422453072,0.14927989394619634,2.5502906307164683,-2.4595066004950303,2.0862663939844146,0.0986142620028594,0.0011080200422453072,0.14927989394619634,0.0008409736398895064,0.162985528953177,0.03707960395787836
1395,1778141777.7688599,1778141777.7695758,1778141777.7695758,17.622906,0.7159709930419922,0.00247955322265625,0.00324249267578125,0.00743865966796875,-0.16727733612060547,-0.034142494201660156,-0.00476837158203125,0.0986142620028594,0.0011080200422453072,0.14927989394619634,2.5502906307164683,-2.4595066004950303,2.0862663939844146,0.0986142620028594,0.0011080200422453072,0.14927989394619634,0.0008409736398895064,0.162985528953177,0.03707960395787836
1396,1778141777.7788842,1778141777.7795522,1778141777.7795522,17.633069,0.6680488586425781,0.00247955322265625,0.00324249267578125,0.00743865966796875,-0.16727733612060547,-0.034142494201660156,-0.00476837158203125,0.0986142620028594,0.0011080200422453072,0.14927989394619634,2.5502906307164683,-2.4595066004950303,2.0862663939844146,0.0986142620028594,0.0011080200422453072,0.14927989394619634,0.0008409736398895064,0.162985528953177,0.03707960395787836
1397,1778141777.7888532,1778141777.78945,1778141777.78945,17.643402,0.5967617034912109,0.00247955322265625,0.00324249267578125,0.00743865966796875,-0.16727733612060547,-0.034142494201660156,-0.00476837158203125,0.0986142620028594,0.0011080200422453072,0.14927989394619634,2.5502906307164683,-2.4595066004950303,2.0862663939844146,0.0986142620028594,0.0011080200422453072,0.14927989394619634,0.0008409736398895064,0.162985528953177,0.03707960395787836
1398,1778141777.798865,1778141777.7995512,1778141777.7995512,17.653733,0.6861686706542969,0.00247955322265625,0.00324249267578125,0.00743865966796875,-0.16727733612060547,-0.034142494201660156,-0.00476837158203125,0.0986142620028594,0.0011080200422453072,0.14927989394619634,2.5502906307164683,-2.4595066004950303,2.0862663939844146,0.0986142620028594,0.0011080200422453072,0.14927989394619634,0.0008409736398895064,0.162985528953177,0.03707960395787836
1399,1778141777.8090024,1778141777.8098583,1778141777.8098583,17.664035,0.8559226989746094,0.00247955322265625,0.00324249267578125,0.00743865966796875,-0.16727733612060547,-0.034142494201660156,-0.00476837158203125,0.0986142620028594,0.0011080200422453072,0.14927989394619634,2.5502906307164683,-2.4595066004950303,2.0862663939844146,0.0986142620028594,0.0011080200422453072,0.14927989394619634,0.0008409736398895064,0.162985528953177,0.03707960395787836
1400,1778141777.8189902,1778141777.819503,1778141777.819503,17.672234,0.5128383636474609,0.00247955322265625,0.00324249267578125,0.00705718994140625,-0.16727733612060547,-0.034142494201660156,-0.00476837158203125,0.09863137412531373,0.0011080615129798663,0.1491491933088813,2.5503938580129044,-2.4596337298462942,2.08553931537686,0.09863137412531373,0.0011080615129798663,0.1491491933088813,0.0008543479432886449,0.16336677034769248,0.037081773850933246
1401,1778141777.8289902,1778141777.8296502,1778141777.8296502,17.682545,0.659942626953125,0.00247955322265625,0.00324249267578125,0.00743865966796875,-0.16689586639404297,-0.034142494201660156,-0.00476837158203125,0.09862039791565635,0.001108035531025012,0.14931722927099367,2.5501872554294027,-2.4593793220268365,2.0869935397018646,0.09862039791565635,0.001108035531025012,0.14931722927099367,0.0008276010122516941,0.16260428753006206,0.03707743936769013
1402,1778141777.8389978,1778141777.8399212,1778141777.8399212,17.692844,0.9233951568603516,0.00247955322265625,0.00324249267578125,0.00743865966796875,-0.16727733612060547,-0.034142494201660156,-0.00476837158203125,0.0986142620028594,0.0011080200422453072,0.14927989394619634,2.5502906307164683,-2.4595066004950303,2.0862663939844146,0.0986142620028594,0.0011080200422453072,0.14927989394619634,0.0008409736398895064,0.162985528953177,0.03707960395787836
1403,1778141777.8488994,1778141777.8497844,1778141777.8497844,17.703167,0.885009765625,0.00247955322265625,0.00324249267578125,0.00743865966796875,-0.16689586639404297,-0.034142494201660156,-0.00476837158203125,0.09862039791565635,0.001108035531025012,0.14931722927099367,2.5501872554294027,-2.4593793220268365,2.0869935397018646,0.09862039791565635,0.001108035531025012,0.14931722927099367,0.0008276010122516941,0.16260428753006206,0.03707743936769013
1404,1778141777.858903,1778141777.8597553,1778141777.8597553,17.713466,0.8523464202880859,0.00247955322265625,0.00324249267578125,0.00743865966796875,-0.16727733612060547,-0.034142494201660156,-0.00476837158203125,0.0986142620028594,0.0011080200422453072,0.14927989394619634,2.5502906307164683,-2.4595066004950303,2.0862663939844146,0.0986142620028594,0.0011080200422453072,0.14927989394619634,0.0008409736398895064,0.162985528953177,0.03707960395787836
1405,1778141777.8690119,1778141777.8700125,1778141777.8700125,17.723789,1.0006427764892578,0.00247955322265625,0.00324249267578125,0.00743865966796875,-0.16727733612060547,-0.034142494201660156,-0.00476837158203125,0.0986142620028594,0.0011080200422453072,0.14927989394619634,2.5502906307164683,-2.4595066004950303,2.0862663939844146,0.0986142620028594,0.0011080200422453072,0.14927989394619634,0.0008409736398895064,0.162985528953177,0.03707960395787836
1406,1778141777.8788683,1778141777.8797956,1778141777.8797956,17.732052,0.9272098541259766,0.00247955322265625,0.00324249267578125,0.00743865966796875,-0.16727733612060547,-0.034142494201660156,-0.00476837158203125,0.0986142620028594,0.0011080200422453072,0.14927989394619634,2.5502906307164683,-2.4595066004950303,2.0862663939844146,0.0986142620028594,0.0011080200422453072,0.14927989394619634,0.0008409736398895064,0.162985528953177,0.03707960395787836
1407,1778141777.8888848,1778141777.8895464,1778141777.8895464,17.742367,0.6616115570068359,0.00247955322265625,0.00324249267578125,0.00743865966796875,-0.16727733612060547,-0.034142494201660156,-0.00476837158203125,0.0986142620028594,0.0011080200422453072,0.14927989394619634,2.5502906307164683,-2.4595066004950303,2.0862663939844146,0.0986142620028594,0.0011080200422453072,0.14927989394619634,0.0008409736398895064,0.162985528953177,0.03707960395787836
1408,1778141777.898866,1778141777.8997076,1778141777.8997076,17.752668,0.8416175842285156,0.00247955322265625,0.00324249267578125,0.00743865966796875,-0.16727733612060547,-0.034142494201660156,-0.00476837158203125,0.0986142620028594,0.0011080200422453072,0.14927989394619634,2.5502906307164683,-2.4595066004950303,2.0862663939844146,0.0986142620028594,0.0011080200422453072,0.14927989394619634,0.0008409736398895064,0.162985528953177,0.03707960395787836
1409,1778141777.9088876,1778141777.9093664,1778141777.9093664,17.763017,0.4787445068359375,0.00247955322265625,0.00324249267578125,0.00743865966796875,-0.16727733612060547,-0.034142494201660156,-0.00476837158203125,0.0986142620028594,0.0011080200422453072,0.14927989394619634,2.5502906307164683,-2.4595066004950303,2.0862663939844146,0.0986142620028594,0.0011080200422453072,0.14927989394619634,0.0008409736398895064,0.162985528953177,0.03707960395787836
1410,1778141777.9188614,1778141777.9194934,1778141777.9194934,17.773247,0.6320476531982422,0.00247955322265625,0.00324249267578125,0.00743865966796875,-0.16727733612060547,-0.034142494201660156,-0.00476837158203125,0.0986142620028594,0.0011080200422453072,0.14927989394619634,2.5502906307164683,-2.4595066004950303,2.0862663939844146,0.0986142620028594,0.0011080200422453072,0.14927989394619634,0.0008409736398895064,0.162985528953177,0.03707960395787836
1411,1778141777.9288614,1778141777.929671,1778141777.929671,17.783575,0.8096694946289062,0.00247955322265625,0.00324249267578125,0.00743865966796875,-0.16727733612060547,-0.034142494201660156,-0.00476837158203125,0.0986142620028594,0.0011080200422453072,0.14927989394619634,2.5502906307164683,-2.4595066004950303,2.0862663939844146,0.0986142620028594,0.0011080200422453072,0.14927989394619634,0.0008409736398895064,0.162985528953177,0.03707960395787836
1412,1778141777.9388793,1778141777.9400487,1778141777.9400487,17.793869,1.169443130493164,0.00247955322265625,0.00324249267578125,0.00743865966796875,-0.16727733612060547,-0.034142494201660156,-0.00476837158203125,0.0986142620028594,0.0011080200422453072,0.14927989394619634,2.5502906307164683,-2.4595066004950303,2.0862663939844146,0.0986142620028594,0.0011080200422453072,0.14927989394619634,0.0008409736398895064,0.162985528953177,0.03707960395787836
1413,1778141777.9488857,1778141777.9496589,1778141777.9496589,17.802153,0.7731914520263672,0.00247955322265625,0.00324249267578125,0.00743865966796875,-0.16727733612060547,-0.034142494201660156,-0.00476837158203125,0.0986142620028594,0.0011080200422453072,0.14927989394619634,2.5502906307164683,-2.4595066004950303,2.0862663939844146,0.0986142620028594,0.0011080200422453072,0.14927989394619634,0.0008409736398895064,0.162985528953177,0.03707960395787836
1414,1778141777.9589107,1778141777.9598293,1778141777.9598293,17.812449,0.9186267852783203,0.00247955322265625,0.00324249267578125,0.00743865966796875,-0.16727733612060547,-0.034142494201660156,-0.00476837158203125,0.0986142620028594,0.0011080200422453072,0.14927989394619634,2.5502906307164683,-2.4595066004950303,2.0862663939844146,0.0986142620028594,0.0011080200422453072,0.14927989394619634,0.0008409736398895064,0.162985528953177,0.03707960395787836
1415,1778141777.968857,1778141777.969575,1778141777.969575,17.822812,0.7178783416748047,0.00247955322265625,0.00324249267578125,0.00743865966796875,-0.16727733612060547,-0.034142494201660156,-0.00476837158203125,0.0986142620028594,0.0011080200422453072,0.14927989394619634,2.5502906307164683,-2.4595066004950303,2.0862663939844146,0.0986142620028594,0.0011080200422453072,0.14927989394619634,0.0008409736398895064,0.162985528953177,0.03707960395787836
1416,1778141777.9788687,1778141777.979449,1778141777.979449,17.833063,0.5803108215332031,0.00247955322265625,0.00324249267578125,0.00743865966796875,-0.16727733612060547,-0.034142494201660156,-0.00476837158203125,0.0986142620028594,0.0011080200422453072,0.14927989394619634,2.5502906307164683,-2.4595066004950303,2.0862663939844146,0.0986142620028594,0.0011080200422453072,0.14927989394619634,0.0008409736398895064,0.162985528953177,0.03707960395787836
1417,1778141777.9888484,1778141777.9893508,1778141777.9893508,17.843332,0.5023479461669922,0.00247955322265625,0.00324249267578125,0.00743865966796875,-0.16727733612060547,-0.034142494201660156,-0.00476837158203125,0.0986142620028594,0.0011080200422453072,0.14927989394619634,2.5502906307164683,-2.4595066004950303,2.0862663939844146,0.0986142620028594,0.0011080200422453072,0.14927989394619634,0.0008409736398895064,0.162985528953177,0.03707960395787836
1418,1778141777.9988697,1778141778.0000408,1778141778.0000408,17.853653,1.171112060546875,0.00247955322265625,0.00324249267578125,0.00743865966796875,-0.16727733612060547,-0.034142494201660156,-0.00476837158203125,0.0986142620028594,0.0011080200422453072,0.14927989394619634,2.5502906307164683,-2.4595066004950303,2.0862663939844146,0.0986142620028594,0.0011080200422453072,0.14927989394619634,0.0008409736398895064,0.162985528953177,0.03707960395787836
1419,1778141778.0088255,1778141778.0098484,1778141778.0098484,17.863971,1.0228157043457031,0.00247955322265625,0.00324249267578125,0.00743865966796875,-0.16727733612060547,-0.034142494201660156,-0.00476837158203125,0.0986142620028594,0.0011080200422453072,0.14927989394619634,2.5502906307164683,-2.4595066004950303,2.0862663939844146,0.0986142620028594,0.0011080200422453072,0.14927989394619634,0.0008409736398895064,0.162985528953177,0.03707960395787836
1420,1778141778.0189033,1778141778.019492,1778141778.019492,17.872355,0.5886554718017578,0.00247955322265625,0.00324249267578125,0.00743865966796875,-0.16689586639404297,-0.034142494201660156,-0.00476837158203125,0.09862039791565635,0.001108035531025012,0.14931722927099367,2.5501872554294027,-2.4593793220268365,2.0869935397018646,0.09862039791565635,0.001108035531025012,0.14931722927099367,0.0008276010122516941,0.16260428753006206,0.03707743936769013
1421,1778141778.0288627,1778141778.0299234,1778141778.0299234,17.882633,1.0607242584228516,0.00247955322265625,0.00324249267578125,0.00743865966796875,-0.16727733612060547,-0.034142494201660156,-0.00476837158203125,0.0986142620028594,0.0011080200422453072,0.14927989394619634,2.5502906307164683,-2.4595066004950303,2.0862663939844146,0.0986142620028594,0.0011080200422453072,0.14927989394619634,0.0008409736398895064,0.162985528953177,0.03707960395787836
1422,1778141778.0388548,1778141778.0398257,1778141778.0398257,17.892945,0.9708404541015625,0.00247955322265625,0.00324249267578125,0.00743865966796875,-0.16727733612060547,-0.034142494201660156,-0.00476837158203125,0.0986142620028594,0.0011080200422453072,0.14927989394619634,2.5502906307164683,-2.4595066004950303,2.0862663939844146,0.0986142620028594,0.0011080200422453072,0.14927989394619634,0.0008409736398895064,0.162985528953177,0.03707960395787836
1423,1778141778.0488672,1778141778.0496943,1778141778.0496943,17.903245,0.8270740509033203,0.00247955322265625,0.00324249267578125,0.00743865966796875,-0.16727733612060547,-0.034142494201660156,-0.00476837158203125,0.0986142620028594,0.0011080200422453072,0.14927989394619634,2.5502906307164683,-2.4595066004950303,2.0862663939844146,0.0986142620028594,0.0011080200422453072,0.14927989394619634,0.0008409736398895064,0.162985528953177,0.03707960395787836
1424,1778141778.0589192,1778141778.0598624,1778141778.0598624,17.913538,0.9431838989257812,0.00247955322265625,0.00324249267578125,0.00743865966796875,-0.16727733612060547,-0.034142494201660156,-0.00476837158203125,0.0986142620028594,0.0011080200422453072,0.14927989394619634,2.5502906307164683,-2.4595066004950303,2.0862663939844146,0.0986142620028594,0.0011080200422453072,0.14927989394619634,0.0008409736398895064,0.162985528953177,0.03707960395787836
1425,1778141778.068877,1778141778.0695746,1778141778.0695746,17.92398,0.6976127624511719,0.00247955322265625,0.00324249267578125,0.00743865966796875,-0.16727733612060547,-0.034142494201660156,-0.00476837158203125,0.0986142620028594,0.0011080200422453072,0.14927989394619634,2.5502906307164683,-2.4595066004950303,2.0862663939844146,0.0986142620028594,0.0011080200422453072,0.14927989394619634,0.0008409736398895064,0.162985528953177,0.03707960395787836
1426,1778141778.0788937,1778141778.079877,1778141778.079877,17.932219,0.9832382202148438,0.00247955322265625,0.00324249267578125,0.00743865966796875,-0.16727733612060547,-0.034142494201660156,-0.00476837158203125,0.0986142620028594,0.0011080200422453072,0.14927989394619634,2.5502906307164683,-2.4595066004950303,2.0862663939844146,0.0986142620028594,0.0011080200422453072,0.14927989394619634,0.0008409736398895064,0.162985528953177,0.03707960395787836
1427,1778141778.088956,1778141778.0898888,1778141778.0898888,17.942469,0.9326934814453125,0.00247955322265625,0.00324249267578125,0.00743865966796875,-0.16727733612060547,-0.034142494201660156,-0.00476837158203125,0.0986142620028594,0.0011080200422453072,0.14927989394619634,2.5502906307164683,-2.4595066004950303,2.0862663939844146,0.0986142620028594,0.0011080200422453072,0.14927989394619634,0.0008409736398895064,0.162985528953177,0.03707960395787836
1428,1778141778.0988827,1778141778.0996995,1778141778.0996995,17.95283,0.8168220520019531,0.00247955322265625,0.00324249267578125,0.00743865966796875,-0.16727733612060547,-0.034142494201660156,-0.00476837158203125,0.0986142620028594,0.0011080200422453072,0.14927989394619634,2.5502906307164683,-2.4595066004950303,2.0862663939844146,0.0986142620028594,0.0011080200422453072,0.14927989394619634,0.0008409736398895064,0.162985528953177,0.03707960395787836
1429,1778141778.1089053,1778141778.1102142,1778141778.1102142,17.963158,1.3089179992675781,0.00247955322265625,0.00324249267578125,0.00743865966796875,-0.16727733612060547,-0.034142494201660156,-0.00476837158203125,0.0986142620028594,0.0011080200422453072,0.14927989394619634,2.5502906307164683,-2.4595066004950303,2.0862663939844146,0.0986142620028594,0.0011080200422453072,0.14927989394619634,0.0008409736398895064,0.162985528953177,0.03707960395787836
1430,1778141778.1188679,1778141778.1199458,1778141778.1199458,17.973464,1.077890396118164,0.00247955322265625,0.00324249267578125,0.00743865966796875,-0.16727733612060547,-0.034142494201660156,-0.00476837158203125,0.0986142620028594,0.0011080200422453072,0.14927989394619634,2.5502906307164683,-2.4595066004950303,2.0862663939844146,0.0986142620028594,0.0011080200422453072,0.14927989394619634,0.0008409736398895064,0.162985528953177,0.03707960395787836
1431,1778141778.1288736,1778141778.1297069,1778141778.1297069,17.983768,0.8332729339599609,0.00247955322265625,0.00324249267578125,0.00743865966796875,-0.16727733612060547,-0.034142494201660156,-0.00476837158203125,0.0986142620028594,0.0011080200422453072,0.14927989394619634,2.5502906307164683,-2.4595066004950303,2.0862663939844146,0.0986142620028594,0.0011080200422453072,0.14927989394619634,0.0008409736398895064,0.162985528953177,0.03707960395787836
1432,1778141778.1388693,1778141778.1396365,1778141778.1396365,17.992081,0.7672309875488281,0.00247955322265625,0.00324249267578125,0.00743865966796875,-0.16727733612060547,-0.034142494201660156,-0.00476837158203125,0.0986142620028594,0.0011080200422453072,0.14927989394619634,2.5502906307164683,-2.4595066004950303,2.0862663939844146,0.0986142620028594,0.0011080200422453072,0.14927989394619634,0.0008409736398895064,0.162985528953177,0.03707960395787836
1433,1778141778.14889,1778141778.1501167,1778141778.1501167,18.002407,1.226663589477539,0.00247955322265625,0.00324249267578125,0.00705718994140625,-0.16727733612060547,-0.034142494201660156,-0.00476837158203125,0.09863137412531373,0.0011080615129798663,0.1491491933088813,2.5503938580129044,-2.4596337298462942,2.08553931537686,0.09863137412531373,0.0011080615129798663,0.1491491933088813,0.0008543479432886449,0.16336677034769248,0.037081773850933246
1434,1778141778.1590004,1778141778.1601818,1778141778.1601818,18.012625,1.1813640594482422,0.00247955322265625,0.00324249267578125,0.00743865966796875,-0.16727733612060547,-0.034142494201660156,-0.00476837158203125,0.0986142620028594,0.0011080200422453072,0.14927989394619634,2.5502906307164683,-2.4595066004950303,2.0862663939844146,0.0986142620028594,0.0011080200422453072,0.14927989394619634,0.0008409736398895064,0.162985528953177,0.03707960395787836
1435,1778141778.1688633,1778141778.169913,1778141778.169913,18.022881,1.0497570037841797,0.00247955322265625,0.00324249267578125,0.00743865966796875,-0.16727733612060547,-0.034142494201660156,-0.00476837158203125,0.0986142620028594,0.0011080200422453072,0.14927989394619634,2.5502906307164683,-2.4595066004950303,2.0862663939844146,0.0986142620028594,0.0011080200422453072,0.14927989394619634,0.0008409736398895064,0.162985528953177,0.03707960395787836
1436,1778141778.1789842,1778141778.1800222,1778141778.1800222,18.033141,1.0380744934082031,0.00247955322265625,0.00324249267578125,0.00705718994140625,-0.16727733612060547,-0.034142494201660156,-0.00476837158203125,0.09863137412531373,0.0011080615129798663,0.1491491933088813,2.5503938580129044,-2.4596337298462942,2.08553931537686,0.09863137412531373,0.0011080615129798663,0.1491491933088813,0.0008543479432886449,0.16336677034769248,0.037081773850933246
1437,1778141778.1888766,1778141778.1899364,1778141778.1899364,18.043412,1.0597705841064453,0.00247955322265625,0.00324249267578125,0.00743865966796875,-0.16727733612060547,-0.034142494201660156,-0.00476837158203125,0.0986142620028594,0.0011080200422453072,0.14927989394619634,2.5502906307164683,-2.4595066004950303,2.0862663939844146,0.0986142620028594,0.0011080200422453072,0.14927989394619634,0.0008409736398895064,0.162985528953177,0.03707960395787836
1438,1778141778.1988788,1778141778.1996558,1778141778.1996558,18.053759,0.7770061492919922,0.00247955322265625,0.00324249267578125,0.00743865966796875,-0.16727733612060547,-0.034142494201660156,-0.00476837158203125,0.0986142620028594,0.0011080200422453072,0.14927989394619634,2.5502906307164683,-2.4595066004950303,2.0862663939844146,0.0986142620028594,0.0011080200422453072,0.14927989394619634,0.0008409736398895064,0.162985528953177,0.03707960395787836
1439,1778141778.2088852,1778141778.2097676,1778141778.2097676,18.064037,0.8823871612548828,0.00247955322265625,0.00324249267578125,0.00705718994140625,-0.16727733612060547,-0.034142494201660156,-0.00476837158203125,0.09863137412531373,0.0011080615129798663,0.1491491933088813,2.5503938580129044,-2.4596337298462942,2.08553931537686,0.09863137412531373,0.0011080615129798663,0.1491491933088813,0.0008543479432886449,0.16336677034769248,0.037081773850933246
1440,1778141778.2188807,1778141778.2197118,1778141778.2197118,18.072223,0.8311271667480469,0.00247955322265625,0.00324249267578125,0.00743865966796875,-0.16727733612060547,-0.034142494201660156,-0.00476837158203125,0.0986142620028594,0.0011080200422453072,0.14927989394619634,2.5502906307164683,-2.4595066004950303,2.0862663939844146,0.0986142620028594,0.0011080200422453072,0.14927989394619634,0.0008409736398895064,0.162985528953177,0.03707960395787836
1441,1778141778.2288766,1778141778.229661,1778141778.229661,18.082541,0.7843971252441406,0.00247955322265625,0.00324249267578125,0.00743865966796875,-0.16727733612060547,-0.034142494201660156,-0.00476837158203125,0.0986142620028594,0.0011080200422453072,0.14927989394619634,2.5502906307164683,-2.4595066004950303,2.0862663939844146,0.0986142620028594,0.0011080200422453072,0.14927989394619634,0.0008409736398895064,0.162985528953177,0.03707960395787836
1442,1778141778.2388601,1778141778.2394786,1778141778.2394786,18.092866,0.6184577941894531,0.00247955322265625,0.00324249267578125,0.00743865966796875,-0.16727733612060547,-0.034142494201660156,-0.00476837158203125,0.0986142620028594,0.0011080200422453072,0.14927989394619634,2.5502906307164683,-2.4595066004950303,2.0862663939844146,0.0986142620028594,0.0011080200422453072,0.14927989394619634,0.0008409736398895064,0.162985528953177,0.03707960395787836
1443,1778141778.2488453,1778141778.24957,1778141778.24957,18.103143,0.7245540618896484,0.00247955322265625,0.00324249267578125,0.00743865966796875,-0.16727733612060547,-0.034142494201660156,-0.00476837158203125,0.0986142620028594,0.0011080200422453072,0.14927989394619634,2.5502906307164683,-2.4595066004950303,2.0862663939844146,0.0986142620028594,0.0011080200422453072,0.14927989394619634,0.0008409736398895064,0.162985528953177,0.03707960395787836
1444,1778141778.2588868,1778141778.2596166,1778141778.2596166,18.113429,0.7297992706298828,0.00247955322265625,0.00324249267578125,0.00743865966796875,-0.16727733612060547,-0.034142494201660156,-0.00476837158203125,0.0986142620028594,0.0011080200422453072,0.14927989394619634,2.5502906307164683,-2.4595066004950303,2.0862663939844146,0.0986142620028594,0.0011080200422453072,0.14927989394619634,0.0008409736398895064,0.162985528953177,0.03707960395787836
1445,1778141778.2688828,1778141778.2693942,1778141778.2693942,18.123762,0.5114078521728516,0.00247955322265625,0.00324249267578125,0.00743865966796875,-0.16727733612060547,-0.034142494201660156,-0.00476837158203125,0.0986142620028594,0.0011080200422453072,0.14927989394619634,2.5502906307164683,-2.4595066004950303,2.0862663939844146,0.0986142620028594,0.0011080200422453072,0.14927989394619634,0.0008409736398895064,0.162985528953177,0.03707960395787836
1446,1778141778.2789068,1778141778.2795825,1778141778.2795825,18.132054,0.6756782531738281,0.00247955322265625,0.00324249267578125,0.00743865966796875,-0.16727733612060547,-0.034142494201660156,-0.00476837158203125,0.0986142620028594,0.0011080200422453072,0.14927989394619634,2.5502906307164683,-2.4595066004950303,2.0862663939844146,0.0986142620028594,0.0011080200422453072,0.14927989394619634,0.0008409736398895064,0.162985528953177,0.03707960395787836
1447,1778141778.2888625,1778141778.2898095,1778141778.2898095,18.142277,0.9469985961914062,0.00247955322265625,0.00324249267578125,0.00743865966796875,-0.16727733612060547,-0.034142494201660156,-0.00476837158203125,0.0986142620028594,0.0011080200422453072,0.14927989394619634,2.5502906307164683,-2.4595066004950303,2.0862663939844146,0.0986142620028594,0.0011080200422453072,0.14927989394619634,0.0008409736398895064,0.162985528953177,0.03707960395787836
1448,1778141778.2988706,1778141778.299688,1778141778.299688,18.152573,0.8175373077392578,0.00247955322265625,0.00324249267578125,0.00743865966796875,-0.16727733612060547,-0.034142494201660156,-0.00476837158203125,0.0986142620028594,0.0011080200422453072,0.14927989394619634,2.5502906307164683,-2.4595066004950303,2.0862663939844146,0.0986142620028594,0.0011080200422453072,0.14927989394619634,0.0008409736398895064,0.162985528953177,0.03707960395787836
1449,1778141778.3089745,1778141778.3100448,1778141778.3100448,18.16287,1.070261001586914,0.00247955322265625,0.00324249267578125,0.00743865966796875,-0.16727733612060547,-0.034142494201660156,-0.00476837158203125,0.0986142620028594,0.0011080200422453072,0.14927989394619634,2.5502906307164683,-2.4595066004950303,2.0862663939844146,0.0986142620028594,0.0011080200422453072,0.14927989394619634,0.0008409736398895064,0.162985528953177,0.03707960395787836
1450,1778141778.3188496,1778141778.3194652,1778141778.3194652,18.17316,0.6155967712402344,0.00247955322265625,0.00324249267578125,0.00705718994140625,-0.16727733612060547,-0.034142494201660156,-0.00476837158203125,0.09863137412531373,0.0011080615129798663,0.1491491933088813,2.5503938580129044,-2.4596337298462942,2.08553931537686,0.09863137412531373,0.0011080615129798663,0.1491491933088813,0.0008543479432886449,0.16336677034769248,0.037081773850933246
1451,1778141778.3288577,1778141778.3296034,1778141778.3296034,18.183435,0.7457733154296875,0.00247955322265625,0.00324249267578125,0.00743865966796875,-0.16727733612060547,-0.034142494201660156,-0.00476837158203125,0.0986142620028594,0.0011080200422453072,0.14927989394619634,2.5502906307164683,-2.4595066004950303,2.0862663939844146,0.0986142620028594,0.0011080200422453072,0.14927989394619634,0.0008409736398895064,0.162985528953177,0.03707960395787836
1452,1778141778.33887,1778141778.3394115,1778141778.3394115,18.193782,0.5414485931396484,0.00247955322265625,0.00324249267578125,0.00743865966796875,-0.16727733612060547,-0.034142494201660156,-0.00476837158203125,0.0986142620028594,0.0011080200422453072,0.14927989394619634,2.5502906307164683,-2.4595066004950303,2.0862663939844146,0.0986142620028594,0.0011080200422453072,0.14927989394619634,0.0008409736398895064,0.162985528953177,0.03707960395787836
1453,1778141778.348858,1778141778.3499885,1778141778.3499885,18.202017,1.1303424835205078,0.00247955322265625,0.00324249267578125,0.00743865966796875,-0.16727733612060547,-0.034142494201660156,-0.00476837158203125,0.0986142620028594,0.0011080200422453072,0.14927989394619634,2.5502906307164683,-2.4595066004950303,2.0862663939844146,0.0986142620028594,0.0011080200422453072,0.14927989394619634,0.0008409736398895064,0.162985528953177,0.03707960395787836
1454,1778141778.3589258,1778141778.359922,1778141778.359922,18.212268,0.9961128234863281,0.00247955322265625,0.00324249267578125,0.00705718994140625,-0.16727733612060547,-0.034142494201660156,-0.00476837158203125,0.09863137412531373,0.0011080615129798663,0.1491491933088813,2.5503938580129044,-2.4596337298462942,2.08553931537686,0.09863137412531373,0.0011080615129798663,0.1491491933088813,0.0008543479432886449,0.16336677034769248,0.037081773850933246
1455,1778141778.3688533,1778141778.3694372,1778141778.3694372,18.222617,0.5838871002197266,0.00247955322265625,0.00324249267578125,0.00743865966796875,-0.16727733612060547,-0.034142494201660156,-0.00476837158203125,0.0986142620028594,0.0011080200422453072,0.14927989394619634,2.5502906307164683,-2.4595066004950303,2.0862663939844146,0.0986142620028594,0.0011080200422453072,0.14927989394619634,0.0008409736398895064,0.162985528953177,0.03707960395787836
1456,1778141778.3788605,1778141778.3794668,1778141778.3794668,18.232865,0.6062984466552734,0.00247955322265625,0.00324249267578125,0.00743865966796875,-0.16727733612060547,-0.034142494201660156,-0.00476837158203125,0.0986142620028594,0.0011080200422453072,0.14927989394619634,2.5502906307164683,-2.4595066004950303,2.0862663939844146,0.0986142620028594,0.0011080200422453072,0.14927989394619634,0.0008409736398895064,0.162985528953177,0.03707960395787836
1457,1778141778.388893,1778141778.3893652,1778141778.3893652,18.243215,0.4723072052001953,0.00247955322265625,0.00324249267578125,0.00743865966796875,-0.16727733612060547,-0.034142494201660156,-0.00476837158203125,0.0986142620028594,0.0011080200422453072,0.14927989394619634,2.5502906307164683,-2.4595066004950303,2.0862663939844146,0.0986142620028594,0.0011080200422453072,0.14927989394619634,0.0008409736398895064,0.162985528953177,0.03707960395787836
1458,1778141778.3988552,1778141778.3992627,1778141778.3992627,18.253472,0.4074573516845703,0.00247955322265625,0.00324249267578125,0.00743865966796875,-0.16727733612060547,-0.034142494201660156,-0.00476837158203125,0.0986142620028594,0.0011080200422453072,0.14927989394619634,2.5502906307164683,-2.4595066004950303,2.0862663939844146,0.0986142620028594,0.0011080200422453072,0.14927989394619634,0.0008409736398895064,0.162985528953177,0.03707960395787836
1459,1778141778.408911,1778141778.409549,1778141778.409549,18.263819,0.6380081176757812,0.00247955322265625,0.00324249267578125,0.00743865966796875,-0.16727733612060547,-0.034142494201660156,-0.00476837158203125,0.0986142620028594,0.0011080200422453072,0.14927989394619634,2.5502906307164683,-2.4595066004950303,2.0862663939844146,0.0986142620028594,0.0011080200422453072,0.14927989394619634,0.0008409736398895064,0.162985528953177,0.03707960395787836
1460,1778141778.418861,1778141778.419435,1778141778.419435,18.272072,0.5741119384765625,0.00247955322265625,0.00324249267578125,0.00743865966796875,-0.16727733612060547,-0.034142494201660156,-0.00476837158203125,0.0986142620028594,0.0011080200422453072,0.14927989394619634,2.5502906307164683,-2.4595066004950303,2.0862663939844146,0.0986142620028594,0.0011080200422453072,0.14927989394619634,0.0008409736398895064,0.162985528953177,0.03707960395787836
1461,1778141778.42886,1778141778.4294689,1778141778.4294689,18.282335,0.6089210510253906,0.00247955322265625,0.00324249267578125,0.00743865966796875,-0.16727733612060547,-0.034142494201660156,-0.00476837158203125,0.0986142620028594,0.0011080200422453072,0.14927989394619634,2.5502906307164683,-2.4595066004950303,2.0862663939844146,0.0986142620028594,0.0011080200422453072,0.14927989394619634,0.0008409736398895064,0.162985528953177,0.03707960395787836
1462,1778141778.43886,1778141778.439444,1778141778.439444,18.292671,0.5841255187988281,0.00247955322265625,0.00324249267578125,0.00705718994140625,-0.16727733612060547,-0.034142494201660156,-0.00476837158203125,0.09863137412531373,0.0011080615129798663,0.1491491933088813,2.5503938580129044,-2.4596337298462942,2.08553931537686,0.09863137412531373,0.0011080615129798663,0.1491491933088813,0.0008543479432886449,0.16336677034769248,0.037081773850933246
1463,1778141778.448908,1778141778.449823,1778141778.449823,18.303041,0.9148120880126953,0.00247955322265625,0.00324249267578125,0.00743865966796875,-0.16727733612060547,-0.034142494201660156,-0.00476837158203125,0.0986142620028594,0.0011080200422453072,0.14927989394619634,2.5502906307164683,-2.4595066004950303,2.0862663939844146,0.0986142620028594,0.0011080200422453072,0.14927989394619634,0.0008409736398895064,0.162985528953177,0.03707960395787836
1464,1778141778.4588723,1778141778.459778,1778141778.459778,18.313284,0.9057521820068359,0.00247955322265625,0.00324249267578125,0.00743865966796875,-0.16727733612060547,-0.034142494201660156,-0.00476837158203125,0.0986142620028594,0.0011080200422453072,0.14927989394619634,2.5502906307164683,-2.4595066004950303,2.0862663939844146,0.0986142620028594,0.0011080200422453072,0.14927989394619634,0.0008409736398895064,0.162985528953177,0.03707960395787836
1465,1778141778.468885,1778141778.4696338,1778141778.4696338,18.32357,0.7488727569580078,0.00247955322265625,0.00324249267578125,0.00743865966796875,-0.16727733612060547,-0.034142494201660156,-0.00476837158203125,0.0986142620028594,0.0011080200422453072,0.14927989394619634,2.5502906307164683,-2.4595066004950303,2.0862663939844146,0.0986142620028594,0.0011080200422453072,0.14927989394619634,0.0008409736398895064,0.162985528953177,0.03707960395787836
1466,1778141778.4789755,1778141778.4797523,1778141778.4797523,18.333867,0.7767677307128906,0.00247955322265625,0.00324249267578125,0.00743865966796875,-0.16727733612060547,-0.034142494201660156,-0.00476837158203125,0.0986142620028594,0.0011080200422453072,0.14927989394619634,2.5502906307164683,-2.4595066004950303,2.0862663939844146,0.0986142620028594,0.0011080200422453072,0.14927989394619634,0.0008409736398895064,0.162985528953177,0.03707960395787836
1467,1778141778.4888525,1778141778.4894505,1778141778.4894505,18.342166,0.5979537963867188,0.00247955322265625,0.00324249267578125,0.00743865966796875,-0.16727733612060547,-0.034142494201660156,-0.00476837158203125,0.0986142620028594,0.0011080200422453072,0.14927989394619634,2.5502906307164683,-2.4595066004950303,2.0862663939844146,0.0986142620028594,0.0011080200422453072,0.14927989394619634,0.0008409736398895064,0.162985528953177,0.03707960395787836
1468,1778141778.4988706,1778141778.4996367,1778141778.4996367,18.35247,0.7660388946533203,0.00247955322265625,0.00324249267578125,0.00743865966796875,-0.16727733612060547,-0.034142494201660156,-0.00476837158203125,0.0986142620028594,0.0011080200422453072,0.14927989394619634,2.5502906307164683,-2.4595066004950303,2.0862663939844146,0.0986142620028594,0.0011080200422453072,0.14927989394619634,0.0008409736398895064,0.162985528953177,0.03707960395787836
1469,1778141778.5089908,1778141778.5095856,1778141778.5095856,18.362877,0.5948543548583984,0.00247955322265625,0.00324249267578125,0.00743865966796875,-0.16727733612060547,-0.034142494201660156,-0.00476837158203125,0.0986142620028594,0.0011080200422453072,0.14927989394619634,2.5502906307164683,-2.4595066004950303,2.0862663939844146,0.0986142620028594,0.0011080200422453072,0.14927989394619634,0.0008409736398895064,0.162985528953177,0.03707960395787836
1470,1778141778.5188918,1778141778.5194726,1778141778.5194726,18.373261,0.5807876586914062,0.00247955322265625,0.00324249267578125,0.00743865966796875,-0.16727733612060547,-0.034142494201660156,-0.00476837158203125,0.0986142620028594,0.0011080200422453072,0.14927989394619634,2.5502906307164683,-2.4595066004950303,2.0862663939844146,0.0986142620028594,0.0011080200422453072,0.14927989394619634,0.0008409736398895064,0.162985528953177,0.03707960395787836
1471,1778141778.528855,1778141778.529375,1778141778.529375,18.383552,0.5199909210205078,0.00247955322265625,0.00324249267578125,0.00743865966796875,-0.16727733612060547,-0.034142494201660156,-0.00476837158203125,0.0986142620028594,0.0011080200422453072,0.14927989394619634,2.5502906307164683,-2.4595066004950303,2.0862663939844146,0.0986142620028594,0.0011080200422453072,0.14927989394619634,0.0008409736398895064,0.162985528953177,0.03707960395787836
1472,1778141778.538884,1778141778.5393925,1778141778.5393925,18.393872,0.5085468292236328,0.00247955322265625,0.00324249267578125,0.00743865966796875,-0.16727733612060547,-0.034142494201660156,-0.00476837158203125,0.0986142620028594,0.0011080200422453072,0.14927989394619634,2.5502906307164683,-2.4595066004950303,2.0862663939844146,0.0986142620028594,0.0011080200422453072,0.14927989394619634,0.0008409736398895064,0.162985528953177,0.03707960395787836
1473,1778141778.5488935,1778141778.5492823,1778141778.5492823,18.402069,0.38886070251464844,0.00247955322265625,0.00324249267578125,0.00743865966796875,-0.16727733612060547,-0.034142494201660156,-0.00476837158203125,0.0986142620028594,0.0011080200422453072,0.14927989394619634,2.5502906307164683,-2.4595066004950303,2.0862663939844146,0.0986142620028594,0.0011080200422453072,0.14927989394619634,0.0008409736398895064,0.162985528953177,0.03707960395787836
1474,1778141778.5588899,1778141778.559598,1778141778.559598,18.412422,0.7081031799316406,0.00247955322265625,0.00324249267578125,0.00743865966796875,-0.16727733612060547,-0.034142494201660156,-0.00476837158203125,0.0986142620028594,0.0011080200422453072,0.14927989394619634,2.5502906307164683,-2.4595066004950303,2.0862663939844146,0.0986142620028594,0.0011080200422453072,0.14927989394619634,0.0008409736398895064,0.162985528953177,0.03707960395787836
1475,1778141778.5689585,1778141778.5699878,1778141778.5699878,18.422663,1.0292530059814453,0.00247955322265625,0.00324249267578125,0.00743865966796875,-0.16727733612060547,-0.034142494201660156,-0.00476837158203125,0.0986142620028594,0.0011080200422453072,0.14927989394619634,2.5502906307164683,-2.4595066004950303,2.0862663939844146,0.0986142620028594,0.0011080200422453072,0.14927989394619634,0.0008409736398895064,0.162985528953177,0.03707960395787836
1476,1778141778.5788832,1778141778.579577,1778141778.579577,18.433046,0.6937980651855469,0.00247955322265625,0.00324249267578125,0.00743865966796875,-0.16727733612060547,-0.034142494201660156,-0.00476837158203125,0.0986142620028594,0.0011080200422453072,0.14927989394619634,2.5502906307164683,-2.4595066004950303,2.0862663939844146,0.0986142620028594,0.0011080200422453072,0.14927989394619634,0.0008409736398895064,0.162985528953177,0.03707960395787836
1477,1778141778.588924,1778141778.5899596,1778141778.5899596,18.443271,1.0356903076171875,0.00247955322265625,0.00324249267578125,0.00743865966796875,-0.16727733612060547,-0.034142494201660156,-0.00476837158203125,0.0986142620028594,0.0011080200422453072,0.14927989394619634,2.5502906307164683,-2.4595066004950303,2.0862663939844146,0.0986142620028594,0.0011080200422453072,0.14927989394619634,0.0008409736398895064,0.162985528953177,0.03707960395787836
1478,1778141778.598859,1778141778.5995271,1778141778.5995271,18.453776,0.6680488586425781,0.00247955322265625,0.00324249267578125,0.00743865966796875,-0.16727733612060547,-0.034142494201660156,-0.00476837158203125,0.0986142620028594,0.0011080200422453072,0.14927989394619634,2.5502906307164683,-2.4595066004950303,2.0862663939844146,0.0986142620028594,0.0011080200422453072,0.14927989394619634,0.0008409736398895064,0.162985528953177,0.03707960395787836
1479,1778141778.6088903,1778141778.6095002,1778141778.6095002,18.461866,0.6098747253417969,0.00247955322265625,0.00324249267578125,0.00743865966796875,-0.16727733612060547,-0.034142494201660156,-0.00476837158203125,0.0986142620028594,0.0011080200422453072,0.14927989394619634,2.5502906307164683,-2.4595066004950303,2.0862663939844146,0.0986142620028594,0.0011080200422453072,0.14927989394619634,0.0008409736398895064,0.162985528953177,0.03707960395787836
1480,1778141778.6188893,1778141778.6193678,1778141778.6193678,18.472168,0.47850608825683594,0.00247955322265625,0.00324249267578125,0.00743865966796875,-0.16727733612060547,-0.034142494201660156,-0.00476837158203125,0.0986142620028594,0.0011080200422453072,0.14927989394619634,2.5502906307164683,-2.4595066004950303,2.0862663939844146,0.0986142620028594,0.0011080200422453072,0.14927989394619634,0.0008409736398895064,0.162985528953177,0.03707960395787836
1481,1778141778.6288903,1778141778.6301243,1778141778.6301243,18.482462,1.2340545654296875,0.00247955322265625,0.00324249267578125,0.00705718994140625,-0.16727733612060547,-0.034142494201660156,-0.00476837158203125,0.09863137412531373,0.0011080615129798663,0.1491491933088813,2.5503938580129044,-2.4596337298462942,2.08553931537686,0.09863137412531373,0.0011080615129798663,0.1491491933088813,0.0008543479432886449,0.16336677034769248,0.037081773850933246
1482,1778141778.6388474,1778141778.6392665,1778141778.6392665,18.492787,0.4191398620605469,0.00247955322265625,0.00324249267578125,0.00705718994140625,-0.16727733612060547,-0.034142494201660156,-0.00476837158203125,0.09863137412531373,0.0011080615129798663,0.1491491933088813,2.5503938580129044,-2.4596337298462942,2.08553931537686,0.09863137412531373,0.0011080615129798663,0.1491491933088813,0.0008543479432886449,0.16336677034769248,0.037081773850933246
1483,1778141778.6488597,1778141778.649494,1778141778.649494,18.503078,0.6341934204101562,0.00247955322265625,0.00324249267578125,0.00705718994140625,-0.16727733612060547,-0.034142494201660156,-0.00476837158203125,0.09863137412531373,0.0011080615129798663,0.1491491933088813,2.5503938580129044,-2.4596337298462942,2.08553931537686,0.09863137412531373,0.0011080615129798663,0.1491491933088813,0.0008543479432886449,0.16336677034769248,0.037081773850933246
1484,1778141778.6588838,1778141778.66004,1778141778.66004,18.513368,1.1560916900634766,0.00247955322265625,0.00324249267578125,0.00743865966796875,-0.16727733612060547,-0.034142494201660156,-0.00476837158203125,0.0986142620028594,0.0011080200422453072,0.14927989394619634,2.5502906307164683,-2.4595066004950303,2.0862663939844146,0.0986142620028594,0.0011080200422453072,0.14927989394619634,0.0008409736398895064,0.162985528953177,0.03707960395787836
1485,1778141778.6688483,1778141778.6693668,1778141778.6693668,18.523663,0.5185604095458984,0.00247955322265625,0.00324249267578125,0.00743865966796875,-0.16727733612060547,-0.034142494201660156,-0.00476837158203125,0.0986142620028594,0.0011080200422453072,0.14927989394619634,2.5502906307164683,-2.4595066004950303,2.0862663939844146,0.0986142620028594,0.0011080200422453072,0.14927989394619634,0.0008409736398895064,0.162985528953177,0.03707960395787836
1486,1778141778.6788645,1778141778.6797812,1778141778.6797812,18.533975,0.9167194366455078,0.00247955322265625,0.00324249267578125,0.00743865966796875,-0.16727733612060547,-0.034142494201660156,-0.00476837158203125,0.0986142620028594,0.0011080200422453072,0.14927989394619634,2.5502906307164683,-2.4595066004950303,2.0862663939844146,0.0986142620028594,0.0011080200422453072,0.14927989394619634,0.0008409736398895064,0.162985528953177,0.03707960395787836
1487,1778141778.6888564,1778141778.689673,1778141778.689673,18.542221,0.8165836334228516,0.00247955322265625,0.00324249267578125,0.00705718994140625,-0.16727733612060547,-0.034142494201660156,-0.00476837158203125,0.09863137412531373,0.0011080615129798663,0.1491491933088813,2.5503938580129044,-2.4596337298462942,2.08553931537686,0.09863137412531373,0.0011080615129798663,0.1491491933088813,0.0008543479432886449,0.16336677034769248,0.037081773850933246
1488,1778141778.698844,1778141778.6995575,1778141778.6995575,18.552486,0.7135868072509766,0.00247955322265625,0.00324249267578125,0.00743865966796875,-0.16727733612060547,-0.034142494201660156,-0.00476837158203125,0.0986142620028594,0.0011080200422453072,0.14927989394619634,2.5502906307164683,-2.4595066004950303,2.0862663939844146,0.0986142620028594,0.0011080200422453072,0.14927989394619634,0.0008409736398895064,0.162985528953177,0.03707960395787836
1489,1778141778.7088542,1778141778.7096179,1778141778.7096179,18.562815,0.7636547088623047,0.00247955322265625,0.00324249267578125,0.00743865966796875,-0.16727733612060547,-0.034142494201660156,-0.00476837158203125,0.0986142620028594,0.0011080200422453072,0.14927989394619634,2.5502906307164683,-2.4595066004950303,2.0862663939844146,0.0986142620028594,0.0011080200422453072,0.14927989394619634,0.0008409736398895064,0.162985528953177,0.03707960395787836
1490,1778141778.718848,1778141778.719576,1778141778.719576,18.573236,0.7278919219970703,0.00247955322265625,0.00324249267578125,0.00743865966796875,-0.16727733612060547,-0.034142494201660156,-0.00476837158203125,0.0986142620028594,0.0011080200422453072,0.14927989394619634,2.5502906307164683,-2.4595066004950303,2.0862663939844146,0.0986142620028594,0.0011080200422453072,0.14927989394619634,0.0008409736398895064,0.162985528953177,0.03707960395787836
1491,1778141778.7288852,1778141778.7298658,1778141778.7298658,18.58358,0.9806156158447266,0.00247955322265625,0.00324249267578125,0.00743865966796875,-0.16727733612060547,-0.034142494201660156,-0.00476837158203125,0.0986142620028594,0.0011080200422453072,0.14927989394619634,2.5502906307164683,-2.4595066004950303,2.0862663939844146,0.0986142620028594,0.0011080200422453072,0.14927989394619634,0.0008409736398895064,0.162985528953177,0.03707960395787836
1492,1778141778.7388442,1778141778.7394183,1778141778.7394183,18.593867,0.5741119384765625,0.00247955322265625,0.00324249267578125,0.00743865966796875,-0.16727733612060547,-0.034142494201660156,-0.00476837158203125,0.0986142620028594,0.0011080200422453072,0.14927989394619634,2.5502906307164683,-2.4595066004950303,2.0862663939844146,0.0986142620028594,0.0011080200422453072,0.14927989394619634,0.0008409736398895064,0.162985528953177,0.03707960395787836
1493,1778141778.7488806,1778141778.750027,1778141778.750027,18.602129,1.1463165283203125,0.00247955322265625,0.00324249267578125,0.00743865966796875,-0.16727733612060547,-0.034142494201660156,-0.00476837158203125,0.0986142620028594,0.0011080200422453072,0.14927989394619634,2.5502906307164683,-2.4595066004950303,2.0862663939844146,0.0986142620028594,0.0011080200422453072,0.14927989394619634,0.0008409736398895064,0.162985528953177,0.03707960395787836
1494,1778141778.7588685,1778141778.7595825,1778141778.7595825,18.612412,0.7140636444091797,0.00247955322265625,0.00324249267578125,0.00743865966796875,-0.16727733612060547,-0.034142494201660156,-0.00476837158203125,0.0986142620028594,0.0011080200422453072,0.14927989394619634,2.5502906307164683,-2.4595066004950303,2.0862663939844146,0.0986142620028594,0.0011080200422453072,0.14927989394619634,0.0008409736398895064,0.162985528953177,0.03707960395787836
1495,1778141778.7688928,1778141778.7696235,1778141778.7696235,18.62276,0.7307529449462891,0.00247955322265625,0.00324249267578125,0.00743865966796875,-0.16727733612060547,-0.034142494201660156,-0.00476837158203125,0.0986142620028594,0.0011080200422453072,0.14927989394619634,2.5502906307164683,-2.4595066004950303,2.0862663939844146,0.0986142620028594,0.0011080200422453072,0.14927989394619634,0.0008409736398895064,0.162985528953177,0.03707960395787836
1496,1778141778.7789676,1778141778.7795408,1778141778.7795408,18.633067,0.5731582641601562,0.00247955322265625,0.00324249267578125,0.00743865966796875,-0.16727733612060547,-0.034142494201660156,-0.00476837158203125,0.0986142620028594,0.0011080200422453072,0.14927989394619634,2.5502906307164683,-2.4595066004950303,2.0862663939844146,0.0986142620028594,0.0011080200422453072,0.14927989394619634,0.0008409736398895064,0.162985528953177,0.03707960395787836
1497,1778141778.7889664,1778141778.7895606,1778141778.7895606,18.643388,0.5941390991210938,0.00247955322265625,0.00324249267578125,0.00705718994140625,-0.16727733612060547,-0.034142494201660156,-0.00476837158203125,0.09863137412531373,0.0011080615129798663,0.1491491933088813,2.5503938580129044,-2.4596337298462942,2.08553931537686,0.09863137412531373,0.0011080615129798663,0.1491491933088813,0.0008543479432886449,0.16336677034769248,0.037081773850933246
1498,1778141778.7988873,1778141778.7993722,1778141778.7993722,18.653663,0.4849433898925781,0.00247955322265625,0.00324249267578125,0.00705718994140625,-0.16727733612060547,-0.034142494201660156,-0.00476837158203125,0.09863137412531373,0.0011080615129798663,0.1491491933088813,2.5503938580129044,-2.4596337298462942,2.08553931537686,0.09863137412531373,0.0011080615129798663,0.1491491933088813,0.0008543479432886449,0.16336677034769248,0.037081773850933246
1499,1778141778.8089705,1778141778.8096075,1778141778.8096075,18.661992,0.637054443359375,0.00247955322265625,0.00324249267578125,0.00743865966796875,-0.16727733612060547,-0.034142494201660156,-0.00476837158203125,0.0986142620028594,0.0011080200422453072,0.14927989394619634,2.5502906307164683,-2.4595066004950303,2.0862663939844146,0.0986142620028594,0.0011080200422453072,0.14927989394619634,0.0008409736398895064,0.162985528953177,0.03707960395787836
